</home/yz489/egg-smol-benchmark-pointer-analysis/benchmarks/postgresql-9.5.2/initdb.bc>:setup_pgdata:0	*stack_alloc@setup_pgdata[i8** %pgdata_get_env]
</home/yz489/egg-smol-benchmark-pointer-analysis/benchmarks/postgresql-9.5.2/initdb.bc>:setup_pgdata:1	*stack_alloc@setup_pgdata[i8** %pgdata_set_env]
</home/yz489/egg-smol-benchmark-pointer-analysis/benchmarks/postgresql-9.5.2/initdb.bc>:setup_bin_paths:0	*stack_alloc@setup_bin_paths[i8** %argv0.addr]
</home/yz489/egg-smol-benchmark-pointer-analysis/benchmarks/postgresql-9.5.2/initdb.bc>:setup_bin_paths:1	*stack_alloc@setup_bin_paths[i32* %ret]
</home/yz489/egg-smol-benchmark-pointer-analysis/benchmarks/postgresql-9.5.2/initdb.bc>:setup_bin_paths:2	*stack_alloc@setup_bin_paths[[1024 x i8]* %full_path]
</home/yz489/egg-smol-benchmark-pointer-analysis/benchmarks/postgresql-9.5.2/initdb.bc>:setup_locale_encoding:0	*stack_alloc@setup_locale_encoding[i32* %user_enc]
</home/yz489/egg-smol-benchmark-pointer-analysis/benchmarks/postgresql-9.5.2/initdb.bc>:setup_locale_encoding:1	*stack_alloc@setup_locale_encoding[i32* %ctype_enc]
</home/yz489/egg-smol-benchmark-pointer-analysis/benchmarks/postgresql-9.5.2/initdb.bc>:setup_text_search:0	*stack_alloc@setup_text_search[i8** %checkmatch]
</home/yz489/egg-smol-benchmark-pointer-analysis/benchmarks/postgresql-9.5.2/initdb.bc>:create_data_directory:0	*stack_alloc@create_data_directory[i32* %ret]
</home/yz489/egg-smol-benchmark-pointer-analysis/benchmarks/postgresql-9.5.2/initdb.bc>:warn_on_mount_point:0	*stack_alloc@warn_on_mount_point[i32* %error.addr]
</home/yz489/egg-smol-benchmark-pointer-analysis/benchmarks/postgresql-9.5.2/initdb.bc>:create_xlog_or_symlink:0	*stack_alloc@create_xlog_or_symlink[i8** %subdirloc]
</home/yz489/egg-smol-benchmark-pointer-analysis/benchmarks/postgresql-9.5.2/initdb.bc>:create_xlog_or_symlink:1	*stack_alloc@create_xlog_or_symlink[i32* %ret]
</home/yz489/egg-smol-benchmark-pointer-analysis/benchmarks/postgresql-9.5.2/initdb.bc>:initialize_data_directory:0	*stack_alloc@initialize_data_directory[i32* %i]
</home/yz489/egg-smol-benchmark-pointer-analysis/benchmarks/postgresql-9.5.2/initdb.bc>:initialize_data_directory:1	*stack_alloc@initialize_data_directory[i8** %path]
</home/yz489/egg-smol-benchmark-pointer-analysis/benchmarks/postgresql-9.5.2/initdb.bc>:main:0	*stack_alloc@main[i32* %retval]
</home/yz489/egg-smol-benchmark-pointer-analysis/benchmarks/postgresql-9.5.2/initdb.bc>:main:1	*stack_alloc@main[i32* %argc.addr]
</home/yz489/egg-smol-benchmark-pointer-analysis/benchmarks/postgresql-9.5.2/initdb.bc>:main:2	*stack_alloc@main[i8*** %argv.addr]
</home/yz489/egg-smol-benchmark-pointer-analysis/benchmarks/postgresql-9.5.2/initdb.bc>:main:3	*stack_alloc@main[i32* %c]
</home/yz489/egg-smol-benchmark-pointer-analysis/benchmarks/postgresql-9.5.2/initdb.bc>:main:4	*stack_alloc@main[i32* %option_index]
</home/yz489/egg-smol-benchmark-pointer-analysis/benchmarks/postgresql-9.5.2/initdb.bc>:main:5	*stack_alloc@main[i8** %effective_user]
</home/yz489/egg-smol-benchmark-pointer-analysis/benchmarks/postgresql-9.5.2/initdb.bc>:main:6	*stack_alloc@main[[1024 x i8]* %bin_dir]
</home/yz489/egg-smol-benchmark-pointer-analysis/benchmarks/postgresql-9.5.2/initdb.bc>:setlocales:0	*stack_alloc@setlocales[i8** %canonname]
</home/yz489/egg-smol-benchmark-pointer-analysis/benchmarks/postgresql-9.5.2/initdb.bc>:encodingid_to_string:0	*stack_alloc@encodingid_to_string[i32* %enc.addr]
</home/yz489/egg-smol-benchmark-pointer-analysis/benchmarks/postgresql-9.5.2/initdb.bc>:encodingid_to_string:1	*stack_alloc@encodingid_to_string[[20 x i8]* %result]
</home/yz489/egg-smol-benchmark-pointer-analysis/benchmarks/postgresql-9.5.2/initdb.bc>:get_encoding_id:0	*stack_alloc@get_encoding_id[i8** %encoding_name.addr]
</home/yz489/egg-smol-benchmark-pointer-analysis/benchmarks/postgresql-9.5.2/initdb.bc>:get_encoding_id:1	*stack_alloc@get_encoding_id[i32* %enc]
</home/yz489/egg-smol-benchmark-pointer-analysis/benchmarks/postgresql-9.5.2/initdb.bc>:check_locale_encoding:0	*stack_alloc@check_locale_encoding[i8* %retval]
</home/yz489/egg-smol-benchmark-pointer-analysis/benchmarks/postgresql-9.5.2/initdb.bc>:check_locale_encoding:1	*stack_alloc@check_locale_encoding[i8** %locale.addr]
</home/yz489/egg-smol-benchmark-pointer-analysis/benchmarks/postgresql-9.5.2/initdb.bc>:check_locale_encoding:2	*stack_alloc@check_locale_encoding[i32* %user_enc.addr]
</home/yz489/egg-smol-benchmark-pointer-analysis/benchmarks/postgresql-9.5.2/initdb.bc>:check_locale_encoding:3	*stack_alloc@check_locale_encoding[i32* %locale_enc]
</home/yz489/egg-smol-benchmark-pointer-analysis/benchmarks/postgresql-9.5.2/initdb.bc>:set_input:0	*stack_alloc@set_input[i8*** %dest.addr]
</home/yz489/egg-smol-benchmark-pointer-analysis/benchmarks/postgresql-9.5.2/initdb.bc>:set_input:1	*stack_alloc@set_input[i8** %filename.addr]
</home/yz489/egg-smol-benchmark-pointer-analysis/benchmarks/postgresql-9.5.2/initdb.bc>:check_input:0	*stack_alloc@check_input[i8** %path.addr]
</home/yz489/egg-smol-benchmark-pointer-analysis/benchmarks/postgresql-9.5.2/initdb.bc>:check_input:1	*stack_alloc@check_input[%struct.stat* %statbuf]
</home/yz489/egg-smol-benchmark-pointer-analysis/benchmarks/postgresql-9.5.2/initdb.bc>:find_matching_ts_config:0	*stack_alloc@find_matching_ts_config[i8** %retval]
</home/yz489/egg-smol-benchmark-pointer-analysis/benchmarks/postgresql-9.5.2/initdb.bc>:find_matching_ts_config:1	*stack_alloc@find_matching_ts_config[i8** %lc_type.addr]
</home/yz489/egg-smol-benchmark-pointer-analysis/benchmarks/postgresql-9.5.2/initdb.bc>:find_matching_ts_config:2	*stack_alloc@find_matching_ts_config[i32* %i]
</home/yz489/egg-smol-benchmark-pointer-analysis/benchmarks/postgresql-9.5.2/initdb.bc>:find_matching_ts_config:3	*stack_alloc@find_matching_ts_config[i8** %langname]
</home/yz489/egg-smol-benchmark-pointer-analysis/benchmarks/postgresql-9.5.2/initdb.bc>:find_matching_ts_config:4	*stack_alloc@find_matching_ts_config[i8** %ptr]
</home/yz489/egg-smol-benchmark-pointer-analysis/benchmarks/postgresql-9.5.2/initdb.bc>:write_version_file:0	*stack_alloc@write_version_file[i8** %extrapath.addr]
</home/yz489/egg-smol-benchmark-pointer-analysis/benchmarks/postgresql-9.5.2/initdb.bc>:write_version_file:1	*stack_alloc@write_version_file[%struct._IO_FILE** %version_file]
</home/yz489/egg-smol-benchmark-pointer-analysis/benchmarks/postgresql-9.5.2/initdb.bc>:write_version_file:2	*stack_alloc@write_version_file[i8** %path]
</home/yz489/egg-smol-benchmark-pointer-analysis/benchmarks/postgresql-9.5.2/initdb.bc>:set_null_conf:0	*stack_alloc@set_null_conf[%struct._IO_FILE** %conf_file]
</home/yz489/egg-smol-benchmark-pointer-analysis/benchmarks/postgresql-9.5.2/initdb.bc>:set_null_conf:1	*stack_alloc@set_null_conf[i8** %path]
</home/yz489/egg-smol-benchmark-pointer-analysis/benchmarks/postgresql-9.5.2/initdb.bc>:test_config_settings:0	*stack_alloc@test_config_settings[[1024 x i8]* %cmd]
</home/yz489/egg-smol-benchmark-pointer-analysis/benchmarks/postgresql-9.5.2/initdb.bc>:test_config_settings:1	*stack_alloc@test_config_settings[i32* %connslen]
</home/yz489/egg-smol-benchmark-pointer-analysis/benchmarks/postgresql-9.5.2/initdb.bc>:test_config_settings:2	*stack_alloc@test_config_settings[i32* %bufslen]
</home/yz489/egg-smol-benchmark-pointer-analysis/benchmarks/postgresql-9.5.2/initdb.bc>:test_config_settings:3	*stack_alloc@test_config_settings[i32* %i]
</home/yz489/egg-smol-benchmark-pointer-analysis/benchmarks/postgresql-9.5.2/initdb.bc>:test_config_settings:4	*stack_alloc@test_config_settings[i32* %status]
</home/yz489/egg-smol-benchmark-pointer-analysis/benchmarks/postgresql-9.5.2/initdb.bc>:test_config_settings:5	*stack_alloc@test_config_settings[i32* %test_conns]
</home/yz489/egg-smol-benchmark-pointer-analysis/benchmarks/postgresql-9.5.2/initdb.bc>:test_config_settings:6	*stack_alloc@test_config_settings[i32* %test_buffs]
</home/yz489/egg-smol-benchmark-pointer-analysis/benchmarks/postgresql-9.5.2/initdb.bc>:test_config_settings:7	*stack_alloc@test_config_settings[i32* %ok_buffers]
</home/yz489/egg-smol-benchmark-pointer-analysis/benchmarks/postgresql-9.5.2/initdb.bc>:setup_config:0	*stack_alloc@setup_config[i8*** %conflines]
</home/yz489/egg-smol-benchmark-pointer-analysis/benchmarks/postgresql-9.5.2/initdb.bc>:setup_config:1	*stack_alloc@setup_config[[1024 x i8]* %repltok]
</home/yz489/egg-smol-benchmark-pointer-analysis/benchmarks/postgresql-9.5.2/initdb.bc>:setup_config:2	*stack_alloc@setup_config[[1024 x i8]* %path]
</home/yz489/egg-smol-benchmark-pointer-analysis/benchmarks/postgresql-9.5.2/initdb.bc>:setup_config:3	*stack_alloc@setup_config[i8** %default_timezone]
</home/yz489/egg-smol-benchmark-pointer-analysis/benchmarks/postgresql-9.5.2/initdb.bc>:setup_config:4	*stack_alloc@setup_config[[3 x i8*]* %autoconflines]
</home/yz489/egg-smol-benchmark-pointer-analysis/benchmarks/postgresql-9.5.2/initdb.bc>:setup_config:5	*stack_alloc@setup_config[%struct.addrinfo** %gai_result]
</home/yz489/egg-smol-benchmark-pointer-analysis/benchmarks/postgresql-9.5.2/initdb.bc>:setup_config:6	*stack_alloc@setup_config[%struct.addrinfo* %hints]
</home/yz489/egg-smol-benchmark-pointer-analysis/benchmarks/postgresql-9.5.2/initdb.bc>:setup_config:7	*stack_alloc@setup_config[i32* %err]
</home/yz489/egg-smol-benchmark-pointer-analysis/benchmarks/postgresql-9.5.2/initdb.bc>:bootstrap_template1:0	*stack_alloc@bootstrap_template1[[1024 x i8]* %cmd]
</home/yz489/egg-smol-benchmark-pointer-analysis/benchmarks/postgresql-9.5.2/initdb.bc>:bootstrap_template1:1	*stack_alloc@bootstrap_template1[%struct._IO_FILE** %cmdfd]
</home/yz489/egg-smol-benchmark-pointer-analysis/benchmarks/postgresql-9.5.2/initdb.bc>:bootstrap_template1:2	*stack_alloc@bootstrap_template1[i8*** %line]
</home/yz489/egg-smol-benchmark-pointer-analysis/benchmarks/postgresql-9.5.2/initdb.bc>:bootstrap_template1:3	*stack_alloc@bootstrap_template1[i8** %talkargs]
</home/yz489/egg-smol-benchmark-pointer-analysis/benchmarks/postgresql-9.5.2/initdb.bc>:bootstrap_template1:4	*stack_alloc@bootstrap_template1[i8*** %bki_lines]
</home/yz489/egg-smol-benchmark-pointer-analysis/benchmarks/postgresql-9.5.2/initdb.bc>:bootstrap_template1:5	*stack_alloc@bootstrap_template1[[1024 x i8]* %headerline]
</home/yz489/egg-smol-benchmark-pointer-analysis/benchmarks/postgresql-9.5.2/initdb.bc>:bootstrap_template1:6	*stack_alloc@bootstrap_template1[[64 x i8]* %buf]
</home/yz489/egg-smol-benchmark-pointer-analysis/benchmarks/postgresql-9.5.2/initdb.bc>:setup_auth:0	*stack_alloc@setup_auth[[1024 x i8]* %cmd]
</home/yz489/egg-smol-benchmark-pointer-analysis/benchmarks/postgresql-9.5.2/initdb.bc>:setup_auth:1	*stack_alloc@setup_auth[%struct._IO_FILE** %cmdfd]
</home/yz489/egg-smol-benchmark-pointer-analysis/benchmarks/postgresql-9.5.2/initdb.bc>:setup_auth:2	*stack_alloc@setup_auth[i8*** %line]
</home/yz489/egg-smol-benchmark-pointer-analysis/benchmarks/postgresql-9.5.2/initdb.bc>:get_set_pwd:0	*stack_alloc@get_set_pwd[[1024 x i8]* %cmd]
</home/yz489/egg-smol-benchmark-pointer-analysis/benchmarks/postgresql-9.5.2/initdb.bc>:get_set_pwd:1	*stack_alloc@get_set_pwd[%struct._IO_FILE** %cmdfd]
</home/yz489/egg-smol-benchmark-pointer-analysis/benchmarks/postgresql-9.5.2/initdb.bc>:get_set_pwd:2	*stack_alloc@get_set_pwd[i8** %pwd1]
</home/yz489/egg-smol-benchmark-pointer-analysis/benchmarks/postgresql-9.5.2/initdb.bc>:get_set_pwd:3	*stack_alloc@get_set_pwd[i8** %pwd2]
</home/yz489/egg-smol-benchmark-pointer-analysis/benchmarks/postgresql-9.5.2/initdb.bc>:get_set_pwd:4	*stack_alloc@get_set_pwd[%struct._IO_FILE** %pwf]
</home/yz489/egg-smol-benchmark-pointer-analysis/benchmarks/postgresql-9.5.2/initdb.bc>:get_set_pwd:5	*stack_alloc@get_set_pwd[[1024 x i8]* %pwdbuf]
</home/yz489/egg-smol-benchmark-pointer-analysis/benchmarks/postgresql-9.5.2/initdb.bc>:get_set_pwd:6	*stack_alloc@get_set_pwd[i32* %i]
</home/yz489/egg-smol-benchmark-pointer-analysis/benchmarks/postgresql-9.5.2/initdb.bc>:setup_depend:0	*stack_alloc@setup_depend[[1024 x i8]* %cmd]
</home/yz489/egg-smol-benchmark-pointer-analysis/benchmarks/postgresql-9.5.2/initdb.bc>:setup_depend:1	*stack_alloc@setup_depend[%struct._IO_FILE** %cmdfd]
</home/yz489/egg-smol-benchmark-pointer-analysis/benchmarks/postgresql-9.5.2/initdb.bc>:setup_depend:2	*stack_alloc@setup_depend[i8*** %line]
</home/yz489/egg-smol-benchmark-pointer-analysis/benchmarks/postgresql-9.5.2/initdb.bc>:setup_sysviews:0	*stack_alloc@setup_sysviews[[1024 x i8]* %cmd]
</home/yz489/egg-smol-benchmark-pointer-analysis/benchmarks/postgresql-9.5.2/initdb.bc>:setup_sysviews:1	*stack_alloc@setup_sysviews[%struct._IO_FILE** %cmdfd]
</home/yz489/egg-smol-benchmark-pointer-analysis/benchmarks/postgresql-9.5.2/initdb.bc>:setup_sysviews:2	*stack_alloc@setup_sysviews[i8*** %line]
</home/yz489/egg-smol-benchmark-pointer-analysis/benchmarks/postgresql-9.5.2/initdb.bc>:setup_sysviews:3	*stack_alloc@setup_sysviews[i8*** %sysviews_setup]
</home/yz489/egg-smol-benchmark-pointer-analysis/benchmarks/postgresql-9.5.2/initdb.bc>:setup_description:0	*stack_alloc@setup_description[[1024 x i8]* %cmd]
</home/yz489/egg-smol-benchmark-pointer-analysis/benchmarks/postgresql-9.5.2/initdb.bc>:setup_description:1	*stack_alloc@setup_description[%struct._IO_FILE** %cmdfd]
</home/yz489/egg-smol-benchmark-pointer-analysis/benchmarks/postgresql-9.5.2/initdb.bc>:setup_collation:0	*stack_alloc@setup_collation[i32* %i]
</home/yz489/egg-smol-benchmark-pointer-analysis/benchmarks/postgresql-9.5.2/initdb.bc>:setup_collation:1	*stack_alloc@setup_collation[%struct._IO_FILE** %locale_a_handle]
</home/yz489/egg-smol-benchmark-pointer-analysis/benchmarks/postgresql-9.5.2/initdb.bc>:setup_collation:2	*stack_alloc@setup_collation[[64 x i8]* %localebuf]
</home/yz489/egg-smol-benchmark-pointer-analysis/benchmarks/postgresql-9.5.2/initdb.bc>:setup_collation:3	*stack_alloc@setup_collation[i32* %count]
</home/yz489/egg-smol-benchmark-pointer-analysis/benchmarks/postgresql-9.5.2/initdb.bc>:setup_collation:4	*stack_alloc@setup_collation[[1024 x i8]* %cmd]
</home/yz489/egg-smol-benchmark-pointer-analysis/benchmarks/postgresql-9.5.2/initdb.bc>:setup_collation:5	*stack_alloc@setup_collation[%struct._IO_FILE** %cmdfd]
</home/yz489/egg-smol-benchmark-pointer-analysis/benchmarks/postgresql-9.5.2/initdb.bc>:setup_collation:6	*stack_alloc@setup_collation[i64* %len]
</home/yz489/egg-smol-benchmark-pointer-analysis/benchmarks/postgresql-9.5.2/initdb.bc>:setup_collation:7	*stack_alloc@setup_collation[i32* %enc]
</home/yz489/egg-smol-benchmark-pointer-analysis/benchmarks/postgresql-9.5.2/initdb.bc>:setup_collation:8	*stack_alloc@setup_collation[i8* %skip]
</home/yz489/egg-smol-benchmark-pointer-analysis/benchmarks/postgresql-9.5.2/initdb.bc>:setup_collation:9	*stack_alloc@setup_collation[i8** %quoted_locale]
</home/yz489/egg-smol-benchmark-pointer-analysis/benchmarks/postgresql-9.5.2/initdb.bc>:setup_collation:10	*stack_alloc@setup_collation[[64 x i8]* %alias]
</home/yz489/egg-smol-benchmark-pointer-analysis/benchmarks/postgresql-9.5.2/initdb.bc>:setup_collation:11	*stack_alloc@setup_collation[i8** %quoted_alias]
</home/yz489/egg-smol-benchmark-pointer-analysis/benchmarks/postgresql-9.5.2/initdb.bc>:setup_conversion:0	*stack_alloc@setup_conversion[[1024 x i8]* %cmd]
</home/yz489/egg-smol-benchmark-pointer-analysis/benchmarks/postgresql-9.5.2/initdb.bc>:setup_conversion:1	*stack_alloc@setup_conversion[%struct._IO_FILE** %cmdfd]
</home/yz489/egg-smol-benchmark-pointer-analysis/benchmarks/postgresql-9.5.2/initdb.bc>:setup_conversion:2	*stack_alloc@setup_conversion[i8*** %line]
</home/yz489/egg-smol-benchmark-pointer-analysis/benchmarks/postgresql-9.5.2/initdb.bc>:setup_conversion:3	*stack_alloc@setup_conversion[i8*** %conv_lines]
</home/yz489/egg-smol-benchmark-pointer-analysis/benchmarks/postgresql-9.5.2/initdb.bc>:setup_dictionary:0	*stack_alloc@setup_dictionary[[1024 x i8]* %cmd]
</home/yz489/egg-smol-benchmark-pointer-analysis/benchmarks/postgresql-9.5.2/initdb.bc>:setup_dictionary:1	*stack_alloc@setup_dictionary[%struct._IO_FILE** %cmdfd]
</home/yz489/egg-smol-benchmark-pointer-analysis/benchmarks/postgresql-9.5.2/initdb.bc>:setup_dictionary:2	*stack_alloc@setup_dictionary[i8*** %line]
</home/yz489/egg-smol-benchmark-pointer-analysis/benchmarks/postgresql-9.5.2/initdb.bc>:setup_dictionary:3	*stack_alloc@setup_dictionary[i8*** %conv_lines]
</home/yz489/egg-smol-benchmark-pointer-analysis/benchmarks/postgresql-9.5.2/initdb.bc>:setup_privileges:0	*stack_alloc@setup_privileges[[1024 x i8]* %cmd]
</home/yz489/egg-smol-benchmark-pointer-analysis/benchmarks/postgresql-9.5.2/initdb.bc>:setup_privileges:1	*stack_alloc@setup_privileges[%struct._IO_FILE** %cmdfd]
</home/yz489/egg-smol-benchmark-pointer-analysis/benchmarks/postgresql-9.5.2/initdb.bc>:setup_privileges:2	*stack_alloc@setup_privileges[i8*** %line]
</home/yz489/egg-smol-benchmark-pointer-analysis/benchmarks/postgresql-9.5.2/initdb.bc>:setup_privileges:3	*stack_alloc@setup_privileges[i8*** %priv_lines]
</home/yz489/egg-smol-benchmark-pointer-analysis/benchmarks/postgresql-9.5.2/initdb.bc>:setup_schema:0	*stack_alloc@setup_schema[[1024 x i8]* %cmd]
</home/yz489/egg-smol-benchmark-pointer-analysis/benchmarks/postgresql-9.5.2/initdb.bc>:setup_schema:1	*stack_alloc@setup_schema[%struct._IO_FILE** %cmdfd]
</home/yz489/egg-smol-benchmark-pointer-analysis/benchmarks/postgresql-9.5.2/initdb.bc>:setup_schema:2	*stack_alloc@setup_schema[i8*** %line]
</home/yz489/egg-smol-benchmark-pointer-analysis/benchmarks/postgresql-9.5.2/initdb.bc>:setup_schema:3	*stack_alloc@setup_schema[i8*** %lines]
</home/yz489/egg-smol-benchmark-pointer-analysis/benchmarks/postgresql-9.5.2/initdb.bc>:load_plpgsql:0	*stack_alloc@load_plpgsql[[1024 x i8]* %cmd]
</home/yz489/egg-smol-benchmark-pointer-analysis/benchmarks/postgresql-9.5.2/initdb.bc>:load_plpgsql:1	*stack_alloc@load_plpgsql[%struct._IO_FILE** %cmdfd]
</home/yz489/egg-smol-benchmark-pointer-analysis/benchmarks/postgresql-9.5.2/initdb.bc>:vacuum_db:0	*stack_alloc@vacuum_db[[1024 x i8]* %cmd]
</home/yz489/egg-smol-benchmark-pointer-analysis/benchmarks/postgresql-9.5.2/initdb.bc>:vacuum_db:1	*stack_alloc@vacuum_db[%struct._IO_FILE** %cmdfd]
</home/yz489/egg-smol-benchmark-pointer-analysis/benchmarks/postgresql-9.5.2/initdb.bc>:make_template0:0	*stack_alloc@make_template0[[1024 x i8]* %cmd]
</home/yz489/egg-smol-benchmark-pointer-analysis/benchmarks/postgresql-9.5.2/initdb.bc>:make_template0:1	*stack_alloc@make_template0[%struct._IO_FILE** %cmdfd]
</home/yz489/egg-smol-benchmark-pointer-analysis/benchmarks/postgresql-9.5.2/initdb.bc>:make_template0:2	*stack_alloc@make_template0[i8*** %line]
</home/yz489/egg-smol-benchmark-pointer-analysis/benchmarks/postgresql-9.5.2/initdb.bc>:make_postgres:0	*stack_alloc@make_postgres[[1024 x i8]* %cmd]
</home/yz489/egg-smol-benchmark-pointer-analysis/benchmarks/postgresql-9.5.2/initdb.bc>:make_postgres:1	*stack_alloc@make_postgres[%struct._IO_FILE** %cmdfd]
</home/yz489/egg-smol-benchmark-pointer-analysis/benchmarks/postgresql-9.5.2/initdb.bc>:make_postgres:2	*stack_alloc@make_postgres[i8*** %line]
</home/yz489/egg-smol-benchmark-pointer-analysis/benchmarks/postgresql-9.5.2/initdb.bc>:usage:0	*stack_alloc@usage[i8** %progname.addr]
</home/yz489/egg-smol-benchmark-pointer-analysis/benchmarks/postgresql-9.5.2/initdb.bc>:fsync_pgdata:0	*stack_alloc@fsync_pgdata[i8* %xlog_is_symlink]
</home/yz489/egg-smol-benchmark-pointer-analysis/benchmarks/postgresql-9.5.2/initdb.bc>:fsync_pgdata:1	*stack_alloc@fsync_pgdata[[1024 x i8]* %pg_xlog]
</home/yz489/egg-smol-benchmark-pointer-analysis/benchmarks/postgresql-9.5.2/initdb.bc>:fsync_pgdata:2	*stack_alloc@fsync_pgdata[[1024 x i8]* %pg_tblspc]
</home/yz489/egg-smol-benchmark-pointer-analysis/benchmarks/postgresql-9.5.2/initdb.bc>:fsync_pgdata:3	*stack_alloc@fsync_pgdata[%struct.stat* %st]
</home/yz489/egg-smol-benchmark-pointer-analysis/benchmarks/postgresql-9.5.2/initdb.bc>:check_authmethod_unspecified:0	*stack_alloc@check_authmethod_unspecified[i8*** %authmethod.addr]
</home/yz489/egg-smol-benchmark-pointer-analysis/benchmarks/postgresql-9.5.2/initdb.bc>:check_authmethod_valid:0	*stack_alloc@check_authmethod_valid[i8** %authmethod.addr]
</home/yz489/egg-smol-benchmark-pointer-analysis/benchmarks/postgresql-9.5.2/initdb.bc>:check_authmethod_valid:1	*stack_alloc@check_authmethod_valid[i8*** %valid_methods.addr]
</home/yz489/egg-smol-benchmark-pointer-analysis/benchmarks/postgresql-9.5.2/initdb.bc>:check_authmethod_valid:2	*stack_alloc@check_authmethod_valid[i8** %conntype.addr]
</home/yz489/egg-smol-benchmark-pointer-analysis/benchmarks/postgresql-9.5.2/initdb.bc>:check_authmethod_valid:3	*stack_alloc@check_authmethod_valid[i8*** %p]
</home/yz489/egg-smol-benchmark-pointer-analysis/benchmarks/postgresql-9.5.2/initdb.bc>:check_need_password:0	*stack_alloc@check_need_password[i8** %authmethodlocal.addr]
</home/yz489/egg-smol-benchmark-pointer-analysis/benchmarks/postgresql-9.5.2/initdb.bc>:check_need_password:1	*stack_alloc@check_need_password[i8** %authmethodhost.addr]
</home/yz489/egg-smol-benchmark-pointer-analysis/benchmarks/postgresql-9.5.2/initdb.bc>:get_id:0	*stack_alloc@get_id[i8** %username]
</home/yz489/egg-smol-benchmark-pointer-analysis/benchmarks/postgresql-9.5.2/initdb.bc>:set_info_version:0	*stack_alloc@set_info_version[i8** %letterversion]
</home/yz489/egg-smol-benchmark-pointer-analysis/benchmarks/postgresql-9.5.2/initdb.bc>:set_info_version:1	*stack_alloc@set_info_version[i64* %major]
</home/yz489/egg-smol-benchmark-pointer-analysis/benchmarks/postgresql-9.5.2/initdb.bc>:set_info_version:2	*stack_alloc@set_info_version[i64* %minor]
</home/yz489/egg-smol-benchmark-pointer-analysis/benchmarks/postgresql-9.5.2/initdb.bc>:set_info_version:3	*stack_alloc@set_info_version[i64* %micro]
</home/yz489/egg-smol-benchmark-pointer-analysis/benchmarks/postgresql-9.5.2/initdb.bc>:set_info_version:4	*stack_alloc@set_info_version[i8** %endptr]
</home/yz489/egg-smol-benchmark-pointer-analysis/benchmarks/postgresql-9.5.2/initdb.bc>:set_info_version:5	*stack_alloc@set_info_version[i8** %vstr]
</home/yz489/egg-smol-benchmark-pointer-analysis/benchmarks/postgresql-9.5.2/initdb.bc>:set_info_version:6	*stack_alloc@set_info_version[i8** %ptr]
</home/yz489/egg-smol-benchmark-pointer-analysis/benchmarks/postgresql-9.5.2/initdb.bc>:pre_sync_fname:0	*stack_alloc@pre_sync_fname[i8** %fname.addr]
</home/yz489/egg-smol-benchmark-pointer-analysis/benchmarks/postgresql-9.5.2/initdb.bc>:pre_sync_fname:1	*stack_alloc@pre_sync_fname[i8* %isdir.addr]
</home/yz489/egg-smol-benchmark-pointer-analysis/benchmarks/postgresql-9.5.2/initdb.bc>:pre_sync_fname:2	*stack_alloc@pre_sync_fname[i32* %fd]
</home/yz489/egg-smol-benchmark-pointer-analysis/benchmarks/postgresql-9.5.2/initdb.bc>:walkdir:0	*stack_alloc@walkdir[i8** %path.addr]
</home/yz489/egg-smol-benchmark-pointer-analysis/benchmarks/postgresql-9.5.2/initdb.bc>:walkdir:1	*stack_alloc@walkdir[void (i8*, i8)** %action.addr]
</home/yz489/egg-smol-benchmark-pointer-analysis/benchmarks/postgresql-9.5.2/initdb.bc>:walkdir:2	*stack_alloc@walkdir[i8* %process_symlinks.addr]
</home/yz489/egg-smol-benchmark-pointer-analysis/benchmarks/postgresql-9.5.2/initdb.bc>:walkdir:3	*stack_alloc@walkdir[%struct.__dirstream** %dir]
</home/yz489/egg-smol-benchmark-pointer-analysis/benchmarks/postgresql-9.5.2/initdb.bc>:walkdir:4	*stack_alloc@walkdir[%struct.dirent** %de]
</home/yz489/egg-smol-benchmark-pointer-analysis/benchmarks/postgresql-9.5.2/initdb.bc>:walkdir:5	*stack_alloc@walkdir[[1024 x i8]* %subpath]
</home/yz489/egg-smol-benchmark-pointer-analysis/benchmarks/postgresql-9.5.2/initdb.bc>:walkdir:6	*stack_alloc@walkdir[%struct.stat* %fst]
</home/yz489/egg-smol-benchmark-pointer-analysis/benchmarks/postgresql-9.5.2/initdb.bc>:walkdir:7	*stack_alloc@walkdir[i32* %sret]
</home/yz489/egg-smol-benchmark-pointer-analysis/benchmarks/postgresql-9.5.2/initdb.bc>:fsync_fname_ext:0	*stack_alloc@fsync_fname_ext[i8** %fname.addr]
</home/yz489/egg-smol-benchmark-pointer-analysis/benchmarks/postgresql-9.5.2/initdb.bc>:fsync_fname_ext:1	*stack_alloc@fsync_fname_ext[i8* %isdir.addr]
</home/yz489/egg-smol-benchmark-pointer-analysis/benchmarks/postgresql-9.5.2/initdb.bc>:fsync_fname_ext:2	*stack_alloc@fsync_fname_ext[i32* %fd]
</home/yz489/egg-smol-benchmark-pointer-analysis/benchmarks/postgresql-9.5.2/initdb.bc>:fsync_fname_ext:3	*stack_alloc@fsync_fname_ext[i32* %flags]
</home/yz489/egg-smol-benchmark-pointer-analysis/benchmarks/postgresql-9.5.2/initdb.bc>:fsync_fname_ext:4	*stack_alloc@fsync_fname_ext[i32* %returncode]
</home/yz489/egg-smol-benchmark-pointer-analysis/benchmarks/postgresql-9.5.2/initdb.bc>:popen_check:0	*stack_alloc@popen_check[i8** %command.addr]
</home/yz489/egg-smol-benchmark-pointer-analysis/benchmarks/postgresql-9.5.2/initdb.bc>:popen_check:1	*stack_alloc@popen_check[i8** %mode.addr]
</home/yz489/egg-smol-benchmark-pointer-analysis/benchmarks/postgresql-9.5.2/initdb.bc>:popen_check:2	*stack_alloc@popen_check[%struct._IO_FILE** %cmdfd]
</home/yz489/egg-smol-benchmark-pointer-analysis/benchmarks/postgresql-9.5.2/initdb.bc>:readfile:0	*stack_alloc@readfile[i8** %path.addr]
</home/yz489/egg-smol-benchmark-pointer-analysis/benchmarks/postgresql-9.5.2/initdb.bc>:readfile:1	*stack_alloc@readfile[%struct._IO_FILE** %infile]
</home/yz489/egg-smol-benchmark-pointer-analysis/benchmarks/postgresql-9.5.2/initdb.bc>:readfile:2	*stack_alloc@readfile[i32* %maxlength]
</home/yz489/egg-smol-benchmark-pointer-analysis/benchmarks/postgresql-9.5.2/initdb.bc>:readfile:3	*stack_alloc@readfile[i32* %linelen]
</home/yz489/egg-smol-benchmark-pointer-analysis/benchmarks/postgresql-9.5.2/initdb.bc>:readfile:4	*stack_alloc@readfile[i32* %nlines]
</home/yz489/egg-smol-benchmark-pointer-analysis/benchmarks/postgresql-9.5.2/initdb.bc>:readfile:5	*stack_alloc@readfile[i32* %n]
</home/yz489/egg-smol-benchmark-pointer-analysis/benchmarks/postgresql-9.5.2/initdb.bc>:readfile:6	*stack_alloc@readfile[i8*** %result]
</home/yz489/egg-smol-benchmark-pointer-analysis/benchmarks/postgresql-9.5.2/initdb.bc>:readfile:7	*stack_alloc@readfile[i8** %buffer]
</home/yz489/egg-smol-benchmark-pointer-analysis/benchmarks/postgresql-9.5.2/initdb.bc>:readfile:8	*stack_alloc@readfile[i32* %c]
</home/yz489/egg-smol-benchmark-pointer-analysis/benchmarks/postgresql-9.5.2/initdb.bc>:escape_quotes:0	*stack_alloc@escape_quotes[i8** %src.addr]
</home/yz489/egg-smol-benchmark-pointer-analysis/benchmarks/postgresql-9.5.2/initdb.bc>:escape_quotes:1	*stack_alloc@escape_quotes[i8** %result]
</home/yz489/egg-smol-benchmark-pointer-analysis/benchmarks/postgresql-9.5.2/initdb.bc>:replace_token:0	*stack_alloc@replace_token[i8*** %lines.addr]
</home/yz489/egg-smol-benchmark-pointer-analysis/benchmarks/postgresql-9.5.2/initdb.bc>:replace_token:1	*stack_alloc@replace_token[i8** %token.addr]
</home/yz489/egg-smol-benchmark-pointer-analysis/benchmarks/postgresql-9.5.2/initdb.bc>:replace_token:2	*stack_alloc@replace_token[i8** %replacement.addr]
</home/yz489/egg-smol-benchmark-pointer-analysis/benchmarks/postgresql-9.5.2/initdb.bc>:replace_token:3	*stack_alloc@replace_token[i32* %numlines]
</home/yz489/egg-smol-benchmark-pointer-analysis/benchmarks/postgresql-9.5.2/initdb.bc>:replace_token:4	*stack_alloc@replace_token[i32* %i]
</home/yz489/egg-smol-benchmark-pointer-analysis/benchmarks/postgresql-9.5.2/initdb.bc>:replace_token:5	*stack_alloc@replace_token[i8*** %result]
</home/yz489/egg-smol-benchmark-pointer-analysis/benchmarks/postgresql-9.5.2/initdb.bc>:replace_token:6	*stack_alloc@replace_token[i32* %toklen]
</home/yz489/egg-smol-benchmark-pointer-analysis/benchmarks/postgresql-9.5.2/initdb.bc>:replace_token:7	*stack_alloc@replace_token[i32* %replen]
</home/yz489/egg-smol-benchmark-pointer-analysis/benchmarks/postgresql-9.5.2/initdb.bc>:replace_token:8	*stack_alloc@replace_token[i32* %diff]
</home/yz489/egg-smol-benchmark-pointer-analysis/benchmarks/postgresql-9.5.2/initdb.bc>:replace_token:9	*stack_alloc@replace_token[i8** %where]
</home/yz489/egg-smol-benchmark-pointer-analysis/benchmarks/postgresql-9.5.2/initdb.bc>:replace_token:10	*stack_alloc@replace_token[i8** %newline]
</home/yz489/egg-smol-benchmark-pointer-analysis/benchmarks/postgresql-9.5.2/initdb.bc>:replace_token:11	*stack_alloc@replace_token[i32* %pre]
</home/yz489/egg-smol-benchmark-pointer-analysis/benchmarks/postgresql-9.5.2/initdb.bc>:normalize_locale_name:0	*stack_alloc@normalize_locale_name[i8** %new.addr]
</home/yz489/egg-smol-benchmark-pointer-analysis/benchmarks/postgresql-9.5.2/initdb.bc>:normalize_locale_name:1	*stack_alloc@normalize_locale_name[i8** %old.addr]
</home/yz489/egg-smol-benchmark-pointer-analysis/benchmarks/postgresql-9.5.2/initdb.bc>:normalize_locale_name:2	*stack_alloc@normalize_locale_name[i8** %n]
</home/yz489/egg-smol-benchmark-pointer-analysis/benchmarks/postgresql-9.5.2/initdb.bc>:normalize_locale_name:3	*stack_alloc@normalize_locale_name[i8** %o]
</home/yz489/egg-smol-benchmark-pointer-analysis/benchmarks/postgresql-9.5.2/initdb.bc>:normalize_locale_name:4	*stack_alloc@normalize_locale_name[i8* %changed]
</home/yz489/egg-smol-benchmark-pointer-analysis/benchmarks/postgresql-9.5.2/initdb.bc>:locale_date_order:0	*stack_alloc@locale_date_order[i32* %retval]
</home/yz489/egg-smol-benchmark-pointer-analysis/benchmarks/postgresql-9.5.2/initdb.bc>:locale_date_order:1	*stack_alloc@locale_date_order[i8** %locale.addr]
</home/yz489/egg-smol-benchmark-pointer-analysis/benchmarks/postgresql-9.5.2/initdb.bc>:locale_date_order:2	*stack_alloc@locale_date_order[%struct.tm* %testtime]
</home/yz489/egg-smol-benchmark-pointer-analysis/benchmarks/postgresql-9.5.2/initdb.bc>:locale_date_order:3	*stack_alloc@locale_date_order[[128 x i8]* %buf]
</home/yz489/egg-smol-benchmark-pointer-analysis/benchmarks/postgresql-9.5.2/initdb.bc>:locale_date_order:4	*stack_alloc@locale_date_order[i8** %posD]
</home/yz489/egg-smol-benchmark-pointer-analysis/benchmarks/postgresql-9.5.2/initdb.bc>:locale_date_order:5	*stack_alloc@locale_date_order[i8** %posM]
</home/yz489/egg-smol-benchmark-pointer-analysis/benchmarks/postgresql-9.5.2/initdb.bc>:locale_date_order:6	*stack_alloc@locale_date_order[i8** %posY]
</home/yz489/egg-smol-benchmark-pointer-analysis/benchmarks/postgresql-9.5.2/initdb.bc>:locale_date_order:7	*stack_alloc@locale_date_order[i8** %save]
</home/yz489/egg-smol-benchmark-pointer-analysis/benchmarks/postgresql-9.5.2/initdb.bc>:locale_date_order:8	*stack_alloc@locale_date_order[i64* %res]
</home/yz489/egg-smol-benchmark-pointer-analysis/benchmarks/postgresql-9.5.2/initdb.bc>:locale_date_order:9	*stack_alloc@locale_date_order[i32* %result]
</home/yz489/egg-smol-benchmark-pointer-analysis/benchmarks/postgresql-9.5.2/initdb.bc>:writefile:0	*stack_alloc@writefile[i8** %path.addr]
</home/yz489/egg-smol-benchmark-pointer-analysis/benchmarks/postgresql-9.5.2/initdb.bc>:writefile:1	*stack_alloc@writefile[i8*** %lines.addr]
</home/yz489/egg-smol-benchmark-pointer-analysis/benchmarks/postgresql-9.5.2/initdb.bc>:writefile:2	*stack_alloc@writefile[%struct._IO_FILE** %out_file]
</home/yz489/egg-smol-benchmark-pointer-analysis/benchmarks/postgresql-9.5.2/initdb.bc>:writefile:3	*stack_alloc@writefile[i8*** %line]
</home/yz489/egg-smol-benchmark-pointer-analysis/benchmarks/postgresql-9.5.2/initdb.bc>:my_strftime:0	*stack_alloc@my_strftime[i8** %s.addr]
</home/yz489/egg-smol-benchmark-pointer-analysis/benchmarks/postgresql-9.5.2/initdb.bc>:my_strftime:1	*stack_alloc@my_strftime[i64* %max.addr]
</home/yz489/egg-smol-benchmark-pointer-analysis/benchmarks/postgresql-9.5.2/initdb.bc>:my_strftime:2	*stack_alloc@my_strftime[i8** %fmt.addr]
</home/yz489/egg-smol-benchmark-pointer-analysis/benchmarks/postgresql-9.5.2/initdb.bc>:my_strftime:3	*stack_alloc@my_strftime[%struct.tm** %tm.addr]
</home/yz489/egg-smol-benchmark-pointer-analysis/benchmarks/postgresql-9.5.2/initdb.bc>:choose_dsm_implementation:0	*stack_alloc@choose_dsm_implementation[i8** %retval]
</home/yz489/egg-smol-benchmark-pointer-analysis/benchmarks/postgresql-9.5.2/initdb.bc>:choose_dsm_implementation:1	*stack_alloc@choose_dsm_implementation[i32* %ntries]
</home/yz489/egg-smol-benchmark-pointer-analysis/benchmarks/postgresql-9.5.2/initdb.bc>:choose_dsm_implementation:2	*stack_alloc@choose_dsm_implementation[i32* %handle]
</home/yz489/egg-smol-benchmark-pointer-analysis/benchmarks/postgresql-9.5.2/initdb.bc>:choose_dsm_implementation:3	*stack_alloc@choose_dsm_implementation[[64 x i8]* %name]
</home/yz489/egg-smol-benchmark-pointer-analysis/benchmarks/postgresql-9.5.2/initdb.bc>:choose_dsm_implementation:4	*stack_alloc@choose_dsm_implementation[i32* %fd]
</home/yz489/egg-smol-benchmark-pointer-analysis/benchmarks/postgresql-9.5.2/initdb.bc>:check_locale_name:0	*stack_alloc@check_locale_name[i32* %category.addr]
</home/yz489/egg-smol-benchmark-pointer-analysis/benchmarks/postgresql-9.5.2/initdb.bc>:check_locale_name:1	*stack_alloc@check_locale_name[i8** %locale.addr]
</home/yz489/egg-smol-benchmark-pointer-analysis/benchmarks/postgresql-9.5.2/initdb.bc>:check_locale_name:2	*stack_alloc@check_locale_name[i8*** %canonname.addr]
</home/yz489/egg-smol-benchmark-pointer-analysis/benchmarks/postgresql-9.5.2/initdb.bc>:check_locale_name:3	*stack_alloc@check_locale_name[i8** %save]
</home/yz489/egg-smol-benchmark-pointer-analysis/benchmarks/postgresql-9.5.2/initdb.bc>:check_locale_name:4	*stack_alloc@check_locale_name[i8** %res]
</home/yz489/egg-smol-benchmark-pointer-analysis/benchmarks/postgresql-9.5.2/initdb.bc>:pg_open_tzfile:0	*stack_alloc@pg_open_tzfile[i32* %retval]
</home/yz489/egg-smol-benchmark-pointer-analysis/benchmarks/postgresql-9.5.2/initdb.bc>:pg_open_tzfile:1	*stack_alloc@pg_open_tzfile[i8** %name.addr]
</home/yz489/egg-smol-benchmark-pointer-analysis/benchmarks/postgresql-9.5.2/initdb.bc>:pg_open_tzfile:2	*stack_alloc@pg_open_tzfile[i8** %canonname.addr]
</home/yz489/egg-smol-benchmark-pointer-analysis/benchmarks/postgresql-9.5.2/initdb.bc>:pg_open_tzfile:3	*stack_alloc@pg_open_tzfile[[1024 x i8]* %fullname]
</home/yz489/egg-smol-benchmark-pointer-analysis/benchmarks/postgresql-9.5.2/initdb.bc>:select_default_timezone:0	*stack_alloc@select_default_timezone[i8** %retval]
</home/yz489/egg-smol-benchmark-pointer-analysis/benchmarks/postgresql-9.5.2/initdb.bc>:select_default_timezone:1	*stack_alloc@select_default_timezone[i8** %share_path.addr]
</home/yz489/egg-smol-benchmark-pointer-analysis/benchmarks/postgresql-9.5.2/initdb.bc>:select_default_timezone:2	*stack_alloc@select_default_timezone[i8** %tzname]
</home/yz489/egg-smol-benchmark-pointer-analysis/benchmarks/postgresql-9.5.2/initdb.bc>:validate_zone:0	*stack_alloc@validate_zone[i8* %retval]
</home/yz489/egg-smol-benchmark-pointer-analysis/benchmarks/postgresql-9.5.2/initdb.bc>:validate_zone:1	*stack_alloc@validate_zone[i8** %tzname.addr]
</home/yz489/egg-smol-benchmark-pointer-analysis/benchmarks/postgresql-9.5.2/initdb.bc>:validate_zone:2	*stack_alloc@validate_zone[%struct.pg_tz** %tz]
</home/yz489/egg-smol-benchmark-pointer-analysis/benchmarks/postgresql-9.5.2/initdb.bc>:identify_system_timezone:0	*stack_alloc@identify_system_timezone[i8** %retval]
</home/yz489/egg-smol-benchmark-pointer-analysis/benchmarks/postgresql-9.5.2/initdb.bc>:identify_system_timezone:1	*stack_alloc@identify_system_timezone[i64* %tnow]
</home/yz489/egg-smol-benchmark-pointer-analysis/benchmarks/postgresql-9.5.2/initdb.bc>:identify_system_timezone:2	*stack_alloc@identify_system_timezone[i64* %t]
</home/yz489/egg-smol-benchmark-pointer-analysis/benchmarks/postgresql-9.5.2/initdb.bc>:identify_system_timezone:3	*stack_alloc@identify_system_timezone[%struct.tztry* %tt]
</home/yz489/egg-smol-benchmark-pointer-analysis/benchmarks/postgresql-9.5.2/initdb.bc>:identify_system_timezone:4	*stack_alloc@identify_system_timezone[%struct.tm** %tm]
</home/yz489/egg-smol-benchmark-pointer-analysis/benchmarks/postgresql-9.5.2/initdb.bc>:identify_system_timezone:5	*stack_alloc@identify_system_timezone[i32* %thisyear]
</home/yz489/egg-smol-benchmark-pointer-analysis/benchmarks/postgresql-9.5.2/initdb.bc>:identify_system_timezone:6	*stack_alloc@identify_system_timezone[i32* %bestscore]
</home/yz489/egg-smol-benchmark-pointer-analysis/benchmarks/postgresql-9.5.2/initdb.bc>:identify_system_timezone:7	*stack_alloc@identify_system_timezone[[1024 x i8]* %tmptzdir]
</home/yz489/egg-smol-benchmark-pointer-analysis/benchmarks/postgresql-9.5.2/initdb.bc>:identify_system_timezone:8	*stack_alloc@identify_system_timezone[i32* %std_ofs]
</home/yz489/egg-smol-benchmark-pointer-analysis/benchmarks/postgresql-9.5.2/initdb.bc>:identify_system_timezone:9	*stack_alloc@identify_system_timezone[[256 x i8]* %std_zone_name]
</home/yz489/egg-smol-benchmark-pointer-analysis/benchmarks/postgresql-9.5.2/initdb.bc>:identify_system_timezone:10	*stack_alloc@identify_system_timezone[[256 x i8]* %dst_zone_name]
</home/yz489/egg-smol-benchmark-pointer-analysis/benchmarks/postgresql-9.5.2/initdb.bc>:identify_system_timezone:11	*stack_alloc@identify_system_timezone[[256 x i8]* %cbuf]
</home/yz489/egg-smol-benchmark-pointer-analysis/benchmarks/postgresql-9.5.2/initdb.bc>:build_time_t:0	*stack_alloc@build_time_t[i32* %year.addr]
</home/yz489/egg-smol-benchmark-pointer-analysis/benchmarks/postgresql-9.5.2/initdb.bc>:build_time_t:1	*stack_alloc@build_time_t[i32* %month.addr]
</home/yz489/egg-smol-benchmark-pointer-analysis/benchmarks/postgresql-9.5.2/initdb.bc>:build_time_t:2	*stack_alloc@build_time_t[i32* %day.addr]
</home/yz489/egg-smol-benchmark-pointer-analysis/benchmarks/postgresql-9.5.2/initdb.bc>:build_time_t:3	*stack_alloc@build_time_t[%struct.tm* %tm]
</home/yz489/egg-smol-benchmark-pointer-analysis/benchmarks/postgresql-9.5.2/initdb.bc>:scan_available_timezones:0	*stack_alloc@scan_available_timezones[i8** %tzdir.addr]
</home/yz489/egg-smol-benchmark-pointer-analysis/benchmarks/postgresql-9.5.2/initdb.bc>:scan_available_timezones:1	*stack_alloc@scan_available_timezones[i8** %tzdirsub.addr]
</home/yz489/egg-smol-benchmark-pointer-analysis/benchmarks/postgresql-9.5.2/initdb.bc>:scan_available_timezones:2	*stack_alloc@scan_available_timezones[%struct.tztry** %tt.addr]
</home/yz489/egg-smol-benchmark-pointer-analysis/benchmarks/postgresql-9.5.2/initdb.bc>:scan_available_timezones:3	*stack_alloc@scan_available_timezones[i32** %bestscore.addr]
</home/yz489/egg-smol-benchmark-pointer-analysis/benchmarks/postgresql-9.5.2/initdb.bc>:scan_available_timezones:4	*stack_alloc@scan_available_timezones[i8** %bestzonename.addr]
</home/yz489/egg-smol-benchmark-pointer-analysis/benchmarks/postgresql-9.5.2/initdb.bc>:scan_available_timezones:5	*stack_alloc@scan_available_timezones[i32* %tzdir_orig_len]
</home/yz489/egg-smol-benchmark-pointer-analysis/benchmarks/postgresql-9.5.2/initdb.bc>:scan_available_timezones:6	*stack_alloc@scan_available_timezones[i8*** %names]
</home/yz489/egg-smol-benchmark-pointer-analysis/benchmarks/postgresql-9.5.2/initdb.bc>:scan_available_timezones:7	*stack_alloc@scan_available_timezones[i8*** %namep]
</home/yz489/egg-smol-benchmark-pointer-analysis/benchmarks/postgresql-9.5.2/initdb.bc>:scan_available_timezones:8	*stack_alloc@scan_available_timezones[i8** %name]
</home/yz489/egg-smol-benchmark-pointer-analysis/benchmarks/postgresql-9.5.2/initdb.bc>:scan_available_timezones:9	*stack_alloc@scan_available_timezones[%struct.stat* %statbuf]
</home/yz489/egg-smol-benchmark-pointer-analysis/benchmarks/postgresql-9.5.2/initdb.bc>:scan_available_timezones:10	*stack_alloc@scan_available_timezones[i32* %score]
</home/yz489/egg-smol-benchmark-pointer-analysis/benchmarks/postgresql-9.5.2/initdb.bc>:get_timezone_offset:0	*stack_alloc@get_timezone_offset[%struct.tm** %tm.addr]
</home/yz489/egg-smol-benchmark-pointer-analysis/benchmarks/postgresql-9.5.2/initdb.bc>:score_timezone:0	*stack_alloc@score_timezone[i32* %retval]
</home/yz489/egg-smol-benchmark-pointer-analysis/benchmarks/postgresql-9.5.2/initdb.bc>:score_timezone:1	*stack_alloc@score_timezone[i8** %tzname.addr]
</home/yz489/egg-smol-benchmark-pointer-analysis/benchmarks/postgresql-9.5.2/initdb.bc>:score_timezone:2	*stack_alloc@score_timezone[%struct.tztry** %tt.addr]
</home/yz489/egg-smol-benchmark-pointer-analysis/benchmarks/postgresql-9.5.2/initdb.bc>:score_timezone:3	*stack_alloc@score_timezone[i32* %i]
</home/yz489/egg-smol-benchmark-pointer-analysis/benchmarks/postgresql-9.5.2/initdb.bc>:score_timezone:4	*stack_alloc@score_timezone[i64* %pgtt]
</home/yz489/egg-smol-benchmark-pointer-analysis/benchmarks/postgresql-9.5.2/initdb.bc>:score_timezone:5	*stack_alloc@score_timezone[%struct.tm** %systm]
</home/yz489/egg-smol-benchmark-pointer-analysis/benchmarks/postgresql-9.5.2/initdb.bc>:score_timezone:6	*stack_alloc@score_timezone[%struct.tm** %pgtm]
</home/yz489/egg-smol-benchmark-pointer-analysis/benchmarks/postgresql-9.5.2/initdb.bc>:score_timezone:7	*stack_alloc@score_timezone[[256 x i8]* %cbuf]
</home/yz489/egg-smol-benchmark-pointer-analysis/benchmarks/postgresql-9.5.2/initdb.bc>:score_timezone:8	*stack_alloc@score_timezone[%struct.pg_tz** %tz]
</home/yz489/egg-smol-benchmark-pointer-analysis/benchmarks/postgresql-9.5.2/initdb.bc>:pg_load_tz:0	*stack_alloc@pg_load_tz[%struct.pg_tz** %retval]
</home/yz489/egg-smol-benchmark-pointer-analysis/benchmarks/postgresql-9.5.2/initdb.bc>:pg_load_tz:1	*stack_alloc@pg_load_tz[i8** %name.addr]
</home/yz489/egg-smol-benchmark-pointer-analysis/benchmarks/postgresql-9.5.2/initdb.bc>:compare_tm:0	*stack_alloc@compare_tm[i8* %retval]
</home/yz489/egg-smol-benchmark-pointer-analysis/benchmarks/postgresql-9.5.2/initdb.bc>:compare_tm:1	*stack_alloc@compare_tm[%struct.tm** %s.addr]
</home/yz489/egg-smol-benchmark-pointer-analysis/benchmarks/postgresql-9.5.2/initdb.bc>:compare_tm:2	*stack_alloc@compare_tm[%struct.tm** %p.addr]
</home/yz489/egg-smol-benchmark-pointer-analysis/benchmarks/postgresql-9.5.2/initdb.bc>:tzload:0	*stack_alloc@tzload[i32* %retval]
</home/yz489/egg-smol-benchmark-pointer-analysis/benchmarks/postgresql-9.5.2/initdb.bc>:tzload:1	*stack_alloc@tzload[i8** %name.addr]
</home/yz489/egg-smol-benchmark-pointer-analysis/benchmarks/postgresql-9.5.2/initdb.bc>:tzload:2	*stack_alloc@tzload[i8** %canonname.addr]
</home/yz489/egg-smol-benchmark-pointer-analysis/benchmarks/postgresql-9.5.2/initdb.bc>:tzload:3	*stack_alloc@tzload[%struct.state** %sp.addr]
</home/yz489/egg-smol-benchmark-pointer-analysis/benchmarks/postgresql-9.5.2/initdb.bc>:tzload:4	*stack_alloc@tzload[i32* %doextend.addr]
</home/yz489/egg-smol-benchmark-pointer-analysis/benchmarks/postgresql-9.5.2/initdb.bc>:tzload:5	*stack_alloc@tzload[i8** %p]
</home/yz489/egg-smol-benchmark-pointer-analysis/benchmarks/postgresql-9.5.2/initdb.bc>:tzload:6	*stack_alloc@tzload[i32* %i]
</home/yz489/egg-smol-benchmark-pointer-analysis/benchmarks/postgresql-9.5.2/initdb.bc>:tzload:7	*stack_alloc@tzload[i32* %fid]
</home/yz489/egg-smol-benchmark-pointer-analysis/benchmarks/postgresql-9.5.2/initdb.bc>:tzload:8	*stack_alloc@tzload[i32* %stored]
</home/yz489/egg-smol-benchmark-pointer-analysis/benchmarks/postgresql-9.5.2/initdb.bc>:tzload:9	*stack_alloc@tzload[i32* %nread]
</home/yz489/egg-smol-benchmark-pointer-analysis/benchmarks/postgresql-9.5.2/initdb.bc>:tzload:10	*stack_alloc@tzload[%union.anon* %u]
</home/yz489/egg-smol-benchmark-pointer-analysis/benchmarks/postgresql-9.5.2/initdb.bc>:tzload:11	*stack_alloc@tzload[i32* %ttisstdcnt]
</home/yz489/egg-smol-benchmark-pointer-analysis/benchmarks/postgresql-9.5.2/initdb.bc>:tzload:12	*stack_alloc@tzload[i32* %ttisgmtcnt]
</home/yz489/egg-smol-benchmark-pointer-analysis/benchmarks/postgresql-9.5.2/initdb.bc>:tzload:13	*stack_alloc@tzload[%struct.ttinfo** %ttisp]
</home/yz489/egg-smol-benchmark-pointer-analysis/benchmarks/postgresql-9.5.2/initdb.bc>:tzload:14	*stack_alloc@tzload[%struct.timespec** %lsisp]
</home/yz489/egg-smol-benchmark-pointer-analysis/benchmarks/postgresql-9.5.2/initdb.bc>:tzload:15	*stack_alloc@tzload[%struct.ttinfo** %ttisp221]
</home/yz489/egg-smol-benchmark-pointer-analysis/benchmarks/postgresql-9.5.2/initdb.bc>:tzload:16	*stack_alloc@tzload[%struct.ttinfo** %ttisp249]
</home/yz489/egg-smol-benchmark-pointer-analysis/benchmarks/postgresql-9.5.2/initdb.bc>:tzload:17	*stack_alloc@tzload[%struct.state* %ts]
</home/yz489/egg-smol-benchmark-pointer-analysis/benchmarks/postgresql-9.5.2/initdb.bc>:tzload:18	*stack_alloc@tzload[i32* %result]
</home/yz489/egg-smol-benchmark-pointer-analysis/benchmarks/postgresql-9.5.2/initdb.bc>:tzparse:0	*stack_alloc@tzparse[i32* %retval]
</home/yz489/egg-smol-benchmark-pointer-analysis/benchmarks/postgresql-9.5.2/initdb.bc>:tzparse:1	*stack_alloc@tzparse[i8** %name.addr]
</home/yz489/egg-smol-benchmark-pointer-analysis/benchmarks/postgresql-9.5.2/initdb.bc>:tzparse:2	*stack_alloc@tzparse[%struct.state** %sp.addr]
</home/yz489/egg-smol-benchmark-pointer-analysis/benchmarks/postgresql-9.5.2/initdb.bc>:tzparse:3	*stack_alloc@tzparse[i32* %lastditch.addr]
</home/yz489/egg-smol-benchmark-pointer-analysis/benchmarks/postgresql-9.5.2/initdb.bc>:tzparse:4	*stack_alloc@tzparse[i8** %stdname]
</home/yz489/egg-smol-benchmark-pointer-analysis/benchmarks/postgresql-9.5.2/initdb.bc>:tzparse:5	*stack_alloc@tzparse[i8** %dstname]
</home/yz489/egg-smol-benchmark-pointer-analysis/benchmarks/postgresql-9.5.2/initdb.bc>:tzparse:6	*stack_alloc@tzparse[i64* %stdlen]
</home/yz489/egg-smol-benchmark-pointer-analysis/benchmarks/postgresql-9.5.2/initdb.bc>:tzparse:7	*stack_alloc@tzparse[i64* %dstlen]
</home/yz489/egg-smol-benchmark-pointer-analysis/benchmarks/postgresql-9.5.2/initdb.bc>:tzparse:8	*stack_alloc@tzparse[i64* %stdoffset]
</home/yz489/egg-smol-benchmark-pointer-analysis/benchmarks/postgresql-9.5.2/initdb.bc>:tzparse:9	*stack_alloc@tzparse[i64* %dstoffset]
</home/yz489/egg-smol-benchmark-pointer-analysis/benchmarks/postgresql-9.5.2/initdb.bc>:tzparse:10	*stack_alloc@tzparse[i64** %atp]
</home/yz489/egg-smol-benchmark-pointer-analysis/benchmarks/postgresql-9.5.2/initdb.bc>:tzparse:11	*stack_alloc@tzparse[i8** %typep]
</home/yz489/egg-smol-benchmark-pointer-analysis/benchmarks/postgresql-9.5.2/initdb.bc>:tzparse:12	*stack_alloc@tzparse[i8** %cp]
</home/yz489/egg-smol-benchmark-pointer-analysis/benchmarks/postgresql-9.5.2/initdb.bc>:tzparse:13	*stack_alloc@tzparse[i32* %load_result]
</home/yz489/egg-smol-benchmark-pointer-analysis/benchmarks/postgresql-9.5.2/initdb.bc>:tzparse:14	*stack_alloc@tzparse[%struct.rule* %start]
</home/yz489/egg-smol-benchmark-pointer-analysis/benchmarks/postgresql-9.5.2/initdb.bc>:tzparse:15	*stack_alloc@tzparse[%struct.rule* %end]
</home/yz489/egg-smol-benchmark-pointer-analysis/benchmarks/postgresql-9.5.2/initdb.bc>:tzparse:16	*stack_alloc@tzparse[i32* %year]
</home/yz489/egg-smol-benchmark-pointer-analysis/benchmarks/postgresql-9.5.2/initdb.bc>:tzparse:17	*stack_alloc@tzparse[i64* %janfirst]
</home/yz489/egg-smol-benchmark-pointer-analysis/benchmarks/postgresql-9.5.2/initdb.bc>:tzparse:18	*stack_alloc@tzparse[i64* %starttime]
</home/yz489/egg-smol-benchmark-pointer-analysis/benchmarks/postgresql-9.5.2/initdb.bc>:tzparse:19	*stack_alloc@tzparse[i64* %endtime]
</home/yz489/egg-smol-benchmark-pointer-analysis/benchmarks/postgresql-9.5.2/initdb.bc>:tzparse:20	*stack_alloc@tzparse[i64* %newfirst]
</home/yz489/egg-smol-benchmark-pointer-analysis/benchmarks/postgresql-9.5.2/initdb.bc>:tzparse:21	*stack_alloc@tzparse[i64* %theirstdoffset]
</home/yz489/egg-smol-benchmark-pointer-analysis/benchmarks/postgresql-9.5.2/initdb.bc>:tzparse:22	*stack_alloc@tzparse[i64* %theirdstoffset]
</home/yz489/egg-smol-benchmark-pointer-analysis/benchmarks/postgresql-9.5.2/initdb.bc>:tzparse:23	*stack_alloc@tzparse[i64* %theiroffset]
</home/yz489/egg-smol-benchmark-pointer-analysis/benchmarks/postgresql-9.5.2/initdb.bc>:tzparse:24	*stack_alloc@tzparse[i32* %isdst]
</home/yz489/egg-smol-benchmark-pointer-analysis/benchmarks/postgresql-9.5.2/initdb.bc>:tzparse:25	*stack_alloc@tzparse[i32* %i]
</home/yz489/egg-smol-benchmark-pointer-analysis/benchmarks/postgresql-9.5.2/initdb.bc>:tzparse:26	*stack_alloc@tzparse[i32* %j]
</home/yz489/egg-smol-benchmark-pointer-analysis/benchmarks/postgresql-9.5.2/initdb.bc>:pg_localtime:0	*stack_alloc@pg_localtime[i64** %timep.addr]
</home/yz489/egg-smol-benchmark-pointer-analysis/benchmarks/postgresql-9.5.2/initdb.bc>:pg_localtime:1	*stack_alloc@pg_localtime[%struct.pg_tz** %tz.addr]
</home/yz489/egg-smol-benchmark-pointer-analysis/benchmarks/postgresql-9.5.2/initdb.bc>:pg_tz_acceptable:0	*stack_alloc@pg_tz_acceptable[i8* %retval]
</home/yz489/egg-smol-benchmark-pointer-analysis/benchmarks/postgresql-9.5.2/initdb.bc>:pg_tz_acceptable:1	*stack_alloc@pg_tz_acceptable[%struct.pg_tz** %tz.addr]
</home/yz489/egg-smol-benchmark-pointer-analysis/benchmarks/postgresql-9.5.2/initdb.bc>:pg_tz_acceptable:2	*stack_alloc@pg_tz_acceptable[%struct.tm** %tt]
</home/yz489/egg-smol-benchmark-pointer-analysis/benchmarks/postgresql-9.5.2/initdb.bc>:pg_tz_acceptable:3	*stack_alloc@pg_tz_acceptable[i64* %time2000]
</home/yz489/egg-smol-benchmark-pointer-analysis/benchmarks/postgresql-9.5.2/initdb.bc>:detzcode:0	*stack_alloc@detzcode[i8** %codep.addr]
</home/yz489/egg-smol-benchmark-pointer-analysis/benchmarks/postgresql-9.5.2/initdb.bc>:detzcode:1	*stack_alloc@detzcode[i64* %result]
</home/yz489/egg-smol-benchmark-pointer-analysis/benchmarks/postgresql-9.5.2/initdb.bc>:detzcode:2	*stack_alloc@detzcode[i32* %i]
</home/yz489/egg-smol-benchmark-pointer-analysis/benchmarks/postgresql-9.5.2/initdb.bc>:detzcode64:0	*stack_alloc@detzcode64[i8** %codep.addr]
</home/yz489/egg-smol-benchmark-pointer-analysis/benchmarks/postgresql-9.5.2/initdb.bc>:detzcode64:1	*stack_alloc@detzcode64[i64* %result]
</home/yz489/egg-smol-benchmark-pointer-analysis/benchmarks/postgresql-9.5.2/initdb.bc>:detzcode64:2	*stack_alloc@detzcode64[i32* %i]
</home/yz489/egg-smol-benchmark-pointer-analysis/benchmarks/postgresql-9.5.2/initdb.bc>:typesequiv:0	*stack_alloc@typesequiv[%struct.state** %sp.addr]
</home/yz489/egg-smol-benchmark-pointer-analysis/benchmarks/postgresql-9.5.2/initdb.bc>:typesequiv:1	*stack_alloc@typesequiv[i32* %a.addr]
</home/yz489/egg-smol-benchmark-pointer-analysis/benchmarks/postgresql-9.5.2/initdb.bc>:typesequiv:2	*stack_alloc@typesequiv[i32* %b.addr]
</home/yz489/egg-smol-benchmark-pointer-analysis/benchmarks/postgresql-9.5.2/initdb.bc>:typesequiv:3	*stack_alloc@typesequiv[i32* %result]
</home/yz489/egg-smol-benchmark-pointer-analysis/benchmarks/postgresql-9.5.2/initdb.bc>:typesequiv:4	*stack_alloc@typesequiv[%struct.ttinfo** %ap]
</home/yz489/egg-smol-benchmark-pointer-analysis/benchmarks/postgresql-9.5.2/initdb.bc>:typesequiv:5	*stack_alloc@typesequiv[%struct.ttinfo** %bp]
</home/yz489/egg-smol-benchmark-pointer-analysis/benchmarks/postgresql-9.5.2/initdb.bc>:differ_by_repeat:0	*stack_alloc@differ_by_repeat[i64* %t1.addr]
</home/yz489/egg-smol-benchmark-pointer-analysis/benchmarks/postgresql-9.5.2/initdb.bc>:differ_by_repeat:1	*stack_alloc@differ_by_repeat[i64* %t0.addr]
</home/yz489/egg-smol-benchmark-pointer-analysis/benchmarks/postgresql-9.5.2/initdb.bc>:getqzname:0	*stack_alloc@getqzname[i8** %strp.addr]
</home/yz489/egg-smol-benchmark-pointer-analysis/benchmarks/postgresql-9.5.2/initdb.bc>:getqzname:1	*stack_alloc@getqzname[i32* %delim.addr]
</home/yz489/egg-smol-benchmark-pointer-analysis/benchmarks/postgresql-9.5.2/initdb.bc>:getqzname:2	*stack_alloc@getqzname[i32* %c]
</home/yz489/egg-smol-benchmark-pointer-analysis/benchmarks/postgresql-9.5.2/initdb.bc>:getzname:0	*stack_alloc@getzname[i8** %strp.addr]
</home/yz489/egg-smol-benchmark-pointer-analysis/benchmarks/postgresql-9.5.2/initdb.bc>:getzname:1	*stack_alloc@getzname[i8* %c]
</home/yz489/egg-smol-benchmark-pointer-analysis/benchmarks/postgresql-9.5.2/initdb.bc>:getoffset:0	*stack_alloc@getoffset[i8** %retval]
</home/yz489/egg-smol-benchmark-pointer-analysis/benchmarks/postgresql-9.5.2/initdb.bc>:getoffset:1	*stack_alloc@getoffset[i8** %strp.addr]
</home/yz489/egg-smol-benchmark-pointer-analysis/benchmarks/postgresql-9.5.2/initdb.bc>:getoffset:2	*stack_alloc@getoffset[i64** %offsetp.addr]
</home/yz489/egg-smol-benchmark-pointer-analysis/benchmarks/postgresql-9.5.2/initdb.bc>:getoffset:3	*stack_alloc@getoffset[i32* %neg]
</home/yz489/egg-smol-benchmark-pointer-analysis/benchmarks/postgresql-9.5.2/initdb.bc>:getrule:0	*stack_alloc@getrule[i8** %retval]
</home/yz489/egg-smol-benchmark-pointer-analysis/benchmarks/postgresql-9.5.2/initdb.bc>:getrule:1	*stack_alloc@getrule[i8** %strp.addr]
</home/yz489/egg-smol-benchmark-pointer-analysis/benchmarks/postgresql-9.5.2/initdb.bc>:getrule:2	*stack_alloc@getrule[%struct.rule** %rulep.addr]
</home/yz489/egg-smol-benchmark-pointer-analysis/benchmarks/postgresql-9.5.2/initdb.bc>:transtime:0	*stack_alloc@transtime[i64* %janfirst.addr]
</home/yz489/egg-smol-benchmark-pointer-analysis/benchmarks/postgresql-9.5.2/initdb.bc>:transtime:1	*stack_alloc@transtime[i32* %year.addr]
</home/yz489/egg-smol-benchmark-pointer-analysis/benchmarks/postgresql-9.5.2/initdb.bc>:transtime:2	*stack_alloc@transtime[%struct.rule** %rulep.addr]
</home/yz489/egg-smol-benchmark-pointer-analysis/benchmarks/postgresql-9.5.2/initdb.bc>:transtime:3	*stack_alloc@transtime[i64* %offset.addr]
</home/yz489/egg-smol-benchmark-pointer-analysis/benchmarks/postgresql-9.5.2/initdb.bc>:transtime:4	*stack_alloc@transtime[i32* %leapyear]
</home/yz489/egg-smol-benchmark-pointer-analysis/benchmarks/postgresql-9.5.2/initdb.bc>:transtime:5	*stack_alloc@transtime[i64* %value]
</home/yz489/egg-smol-benchmark-pointer-analysis/benchmarks/postgresql-9.5.2/initdb.bc>:transtime:6	*stack_alloc@transtime[i32* %i]
</home/yz489/egg-smol-benchmark-pointer-analysis/benchmarks/postgresql-9.5.2/initdb.bc>:transtime:7	*stack_alloc@transtime[i32* %d]
</home/yz489/egg-smol-benchmark-pointer-analysis/benchmarks/postgresql-9.5.2/initdb.bc>:transtime:8	*stack_alloc@transtime[i32* %m1]
</home/yz489/egg-smol-benchmark-pointer-analysis/benchmarks/postgresql-9.5.2/initdb.bc>:transtime:9	*stack_alloc@transtime[i32* %yy0]
</home/yz489/egg-smol-benchmark-pointer-analysis/benchmarks/postgresql-9.5.2/initdb.bc>:transtime:10	*stack_alloc@transtime[i32* %yy1]
</home/yz489/egg-smol-benchmark-pointer-analysis/benchmarks/postgresql-9.5.2/initdb.bc>:transtime:11	*stack_alloc@transtime[i32* %yy2]
</home/yz489/egg-smol-benchmark-pointer-analysis/benchmarks/postgresql-9.5.2/initdb.bc>:transtime:12	*stack_alloc@transtime[i32* %dow]
</home/yz489/egg-smol-benchmark-pointer-analysis/benchmarks/postgresql-9.5.2/initdb.bc>:localsub:0	*stack_alloc@localsub[%struct.tm** %retval]
</home/yz489/egg-smol-benchmark-pointer-analysis/benchmarks/postgresql-9.5.2/initdb.bc>:localsub:1	*stack_alloc@localsub[i64** %timep.addr]
</home/yz489/egg-smol-benchmark-pointer-analysis/benchmarks/postgresql-9.5.2/initdb.bc>:localsub:2	*stack_alloc@localsub[i64* %offset.addr]
</home/yz489/egg-smol-benchmark-pointer-analysis/benchmarks/postgresql-9.5.2/initdb.bc>:localsub:3	*stack_alloc@localsub[%struct.tm** %tmp.addr]
</home/yz489/egg-smol-benchmark-pointer-analysis/benchmarks/postgresql-9.5.2/initdb.bc>:localsub:4	*stack_alloc@localsub[%struct.pg_tz** %tz.addr]
</home/yz489/egg-smol-benchmark-pointer-analysis/benchmarks/postgresql-9.5.2/initdb.bc>:localsub:5	*stack_alloc@localsub[%struct.state** %sp]
</home/yz489/egg-smol-benchmark-pointer-analysis/benchmarks/postgresql-9.5.2/initdb.bc>:localsub:6	*stack_alloc@localsub[%struct.ttinfo** %ttisp]
</home/yz489/egg-smol-benchmark-pointer-analysis/benchmarks/postgresql-9.5.2/initdb.bc>:localsub:7	*stack_alloc@localsub[i32* %i]
</home/yz489/egg-smol-benchmark-pointer-analysis/benchmarks/postgresql-9.5.2/initdb.bc>:localsub:8	*stack_alloc@localsub[%struct.tm** %result]
</home/yz489/egg-smol-benchmark-pointer-analysis/benchmarks/postgresql-9.5.2/initdb.bc>:localsub:9	*stack_alloc@localsub[i64* %t]
</home/yz489/egg-smol-benchmark-pointer-analysis/benchmarks/postgresql-9.5.2/initdb.bc>:localsub:10	*stack_alloc@localsub[i64* %newt]
</home/yz489/egg-smol-benchmark-pointer-analysis/benchmarks/postgresql-9.5.2/initdb.bc>:localsub:11	*stack_alloc@localsub[i64* %seconds]
</home/yz489/egg-smol-benchmark-pointer-analysis/benchmarks/postgresql-9.5.2/initdb.bc>:localsub:12	*stack_alloc@localsub[i64* %tcycles]
</home/yz489/egg-smol-benchmark-pointer-analysis/benchmarks/postgresql-9.5.2/initdb.bc>:localsub:13	*stack_alloc@localsub[i64* %icycles]
</home/yz489/egg-smol-benchmark-pointer-analysis/benchmarks/postgresql-9.5.2/initdb.bc>:localsub:14	*stack_alloc@localsub[i64* %newy]
</home/yz489/egg-smol-benchmark-pointer-analysis/benchmarks/postgresql-9.5.2/initdb.bc>:localsub:15	*stack_alloc@localsub[i32* %lo]
</home/yz489/egg-smol-benchmark-pointer-analysis/benchmarks/postgresql-9.5.2/initdb.bc>:localsub:16	*stack_alloc@localsub[i32* %hi]
</home/yz489/egg-smol-benchmark-pointer-analysis/benchmarks/postgresql-9.5.2/initdb.bc>:localsub:17	*stack_alloc@localsub[i32* %mid]
</home/yz489/egg-smol-benchmark-pointer-analysis/benchmarks/postgresql-9.5.2/initdb.bc>:timesub:0	*stack_alloc@timesub[%struct.tm** %retval]
</home/yz489/egg-smol-benchmark-pointer-analysis/benchmarks/postgresql-9.5.2/initdb.bc>:timesub:1	*stack_alloc@timesub[i64** %timep.addr]
</home/yz489/egg-smol-benchmark-pointer-analysis/benchmarks/postgresql-9.5.2/initdb.bc>:timesub:2	*stack_alloc@timesub[i64* %offset.addr]
</home/yz489/egg-smol-benchmark-pointer-analysis/benchmarks/postgresql-9.5.2/initdb.bc>:timesub:3	*stack_alloc@timesub[%struct.state** %sp.addr]
</home/yz489/egg-smol-benchmark-pointer-analysis/benchmarks/postgresql-9.5.2/initdb.bc>:timesub:4	*stack_alloc@timesub[%struct.tm** %tmp.addr]
</home/yz489/egg-smol-benchmark-pointer-analysis/benchmarks/postgresql-9.5.2/initdb.bc>:timesub:5	*stack_alloc@timesub[%struct.timespec** %lp]
</home/yz489/egg-smol-benchmark-pointer-analysis/benchmarks/postgresql-9.5.2/initdb.bc>:timesub:6	*stack_alloc@timesub[i64* %tdays]
</home/yz489/egg-smol-benchmark-pointer-analysis/benchmarks/postgresql-9.5.2/initdb.bc>:timesub:7	*stack_alloc@timesub[i32* %idays]
</home/yz489/egg-smol-benchmark-pointer-analysis/benchmarks/postgresql-9.5.2/initdb.bc>:timesub:8	*stack_alloc@timesub[i64* %rem]
</home/yz489/egg-smol-benchmark-pointer-analysis/benchmarks/postgresql-9.5.2/initdb.bc>:timesub:9	*stack_alloc@timesub[i32* %y]
</home/yz489/egg-smol-benchmark-pointer-analysis/benchmarks/postgresql-9.5.2/initdb.bc>:timesub:10	*stack_alloc@timesub[i32** %ip]
</home/yz489/egg-smol-benchmark-pointer-analysis/benchmarks/postgresql-9.5.2/initdb.bc>:timesub:11	*stack_alloc@timesub[i64* %corr]
</home/yz489/egg-smol-benchmark-pointer-analysis/benchmarks/postgresql-9.5.2/initdb.bc>:timesub:12	*stack_alloc@timesub[i32* %hit]
</home/yz489/egg-smol-benchmark-pointer-analysis/benchmarks/postgresql-9.5.2/initdb.bc>:timesub:13	*stack_alloc@timesub[i32* %i]
</home/yz489/egg-smol-benchmark-pointer-analysis/benchmarks/postgresql-9.5.2/initdb.bc>:timesub:14	*stack_alloc@timesub[i32* %newy]
</home/yz489/egg-smol-benchmark-pointer-analysis/benchmarks/postgresql-9.5.2/initdb.bc>:timesub:15	*stack_alloc@timesub[i64* %tdelta]
</home/yz489/egg-smol-benchmark-pointer-analysis/benchmarks/postgresql-9.5.2/initdb.bc>:timesub:16	*stack_alloc@timesub[i32* %idelta]
</home/yz489/egg-smol-benchmark-pointer-analysis/benchmarks/postgresql-9.5.2/initdb.bc>:timesub:17	*stack_alloc@timesub[i32* %leapdays]
</home/yz489/egg-smol-benchmark-pointer-analysis/benchmarks/postgresql-9.5.2/initdb.bc>:timesub:18	*stack_alloc@timesub[i64* %seconds]
</home/yz489/egg-smol-benchmark-pointer-analysis/benchmarks/postgresql-9.5.2/initdb.bc>:increment_overflow:0	*stack_alloc@increment_overflow[i32** %number.addr]
</home/yz489/egg-smol-benchmark-pointer-analysis/benchmarks/postgresql-9.5.2/initdb.bc>:increment_overflow:1	*stack_alloc@increment_overflow[i32* %delta.addr]
</home/yz489/egg-smol-benchmark-pointer-analysis/benchmarks/postgresql-9.5.2/initdb.bc>:increment_overflow:2	*stack_alloc@increment_overflow[i32* %number0]
</home/yz489/egg-smol-benchmark-pointer-analysis/benchmarks/postgresql-9.5.2/initdb.bc>:leaps_thru_end_of:0	*stack_alloc@leaps_thru_end_of[i32* %y.addr]
</home/yz489/egg-smol-benchmark-pointer-analysis/benchmarks/postgresql-9.5.2/initdb.bc>:getnum:0	*stack_alloc@getnum[i8** %retval]
</home/yz489/egg-smol-benchmark-pointer-analysis/benchmarks/postgresql-9.5.2/initdb.bc>:getnum:1	*stack_alloc@getnum[i8** %strp.addr]
</home/yz489/egg-smol-benchmark-pointer-analysis/benchmarks/postgresql-9.5.2/initdb.bc>:getnum:2	*stack_alloc@getnum[i32** %nump.addr]
</home/yz489/egg-smol-benchmark-pointer-analysis/benchmarks/postgresql-9.5.2/initdb.bc>:getnum:3	*stack_alloc@getnum[i32* %min.addr]
</home/yz489/egg-smol-benchmark-pointer-analysis/benchmarks/postgresql-9.5.2/initdb.bc>:getnum:4	*stack_alloc@getnum[i32* %max.addr]
</home/yz489/egg-smol-benchmark-pointer-analysis/benchmarks/postgresql-9.5.2/initdb.bc>:getnum:5	*stack_alloc@getnum[i8* %c]
</home/yz489/egg-smol-benchmark-pointer-analysis/benchmarks/postgresql-9.5.2/initdb.bc>:getnum:6	*stack_alloc@getnum[i32* %num]
</home/yz489/egg-smol-benchmark-pointer-analysis/benchmarks/postgresql-9.5.2/initdb.bc>:getsecs:0	*stack_alloc@getsecs[i8** %retval]
</home/yz489/egg-smol-benchmark-pointer-analysis/benchmarks/postgresql-9.5.2/initdb.bc>:getsecs:1	*stack_alloc@getsecs[i8** %strp.addr]
</home/yz489/egg-smol-benchmark-pointer-analysis/benchmarks/postgresql-9.5.2/initdb.bc>:getsecs:2	*stack_alloc@getsecs[i64** %secsp.addr]
</home/yz489/egg-smol-benchmark-pointer-analysis/benchmarks/postgresql-9.5.2/initdb.bc>:getsecs:3	*stack_alloc@getsecs[i32* %num]
</home/yz489/egg-smol-benchmark-pointer-analysis/benchmarks/postgresql-9.5.2/initdb.bc>:pg_char_to_encoding:0	*stack_alloc@pg_char_to_encoding[i32* %retval]
</home/yz489/egg-smol-benchmark-pointer-analysis/benchmarks/postgresql-9.5.2/initdb.bc>:pg_char_to_encoding:1	*stack_alloc@pg_char_to_encoding[i8** %name.addr]
</home/yz489/egg-smol-benchmark-pointer-analysis/benchmarks/postgresql-9.5.2/initdb.bc>:pg_char_to_encoding:2	*stack_alloc@pg_char_to_encoding[i32* %nel]
</home/yz489/egg-smol-benchmark-pointer-analysis/benchmarks/postgresql-9.5.2/initdb.bc>:pg_char_to_encoding:3	*stack_alloc@pg_char_to_encoding[%struct.pg_enc2name** %base]
</home/yz489/egg-smol-benchmark-pointer-analysis/benchmarks/postgresql-9.5.2/initdb.bc>:pg_char_to_encoding:4	*stack_alloc@pg_char_to_encoding[%struct.pg_enc2name** %last]
</home/yz489/egg-smol-benchmark-pointer-analysis/benchmarks/postgresql-9.5.2/initdb.bc>:pg_char_to_encoding:5	*stack_alloc@pg_char_to_encoding[%struct.pg_enc2name** %position]
</home/yz489/egg-smol-benchmark-pointer-analysis/benchmarks/postgresql-9.5.2/initdb.bc>:pg_char_to_encoding:6	*stack_alloc@pg_char_to_encoding[i32* %result]
</home/yz489/egg-smol-benchmark-pointer-analysis/benchmarks/postgresql-9.5.2/initdb.bc>:pg_char_to_encoding:7	*stack_alloc@pg_char_to_encoding[[64 x i8]* %buff]
</home/yz489/egg-smol-benchmark-pointer-analysis/benchmarks/postgresql-9.5.2/initdb.bc>:pg_char_to_encoding:8	*stack_alloc@pg_char_to_encoding[i8** %key]
</home/yz489/egg-smol-benchmark-pointer-analysis/benchmarks/postgresql-9.5.2/initdb.bc>:pg_valid_server_encoding:0	*stack_alloc@pg_valid_server_encoding[i32* %retval]
</home/yz489/egg-smol-benchmark-pointer-analysis/benchmarks/postgresql-9.5.2/initdb.bc>:pg_valid_server_encoding:1	*stack_alloc@pg_valid_server_encoding[i8** %name.addr]
</home/yz489/egg-smol-benchmark-pointer-analysis/benchmarks/postgresql-9.5.2/initdb.bc>:pg_valid_server_encoding:2	*stack_alloc@pg_valid_server_encoding[i32* %enc]
</home/yz489/egg-smol-benchmark-pointer-analysis/benchmarks/postgresql-9.5.2/initdb.bc>:pg_valid_server_encoding_id:0	*stack_alloc@pg_valid_server_encoding_id[i32* %encoding.addr]
</home/yz489/egg-smol-benchmark-pointer-analysis/benchmarks/postgresql-9.5.2/initdb.bc>:pg_encoding_to_char:0	*stack_alloc@pg_encoding_to_char[i8** %retval]
</home/yz489/egg-smol-benchmark-pointer-analysis/benchmarks/postgresql-9.5.2/initdb.bc>:pg_encoding_to_char:1	*stack_alloc@pg_encoding_to_char[i32* %encoding.addr]
</home/yz489/egg-smol-benchmark-pointer-analysis/benchmarks/postgresql-9.5.2/initdb.bc>:pg_encoding_to_char:2	*stack_alloc@pg_encoding_to_char[%struct.pg_enc2name** %p]
</home/yz489/egg-smol-benchmark-pointer-analysis/benchmarks/postgresql-9.5.2/initdb.bc>:clean_encoding_name:0	*stack_alloc@clean_encoding_name[i8** %key.addr]
</home/yz489/egg-smol-benchmark-pointer-analysis/benchmarks/postgresql-9.5.2/initdb.bc>:clean_encoding_name:1	*stack_alloc@clean_encoding_name[i8** %newkey.addr]
</home/yz489/egg-smol-benchmark-pointer-analysis/benchmarks/postgresql-9.5.2/initdb.bc>:clean_encoding_name:2	*stack_alloc@clean_encoding_name[i8** %p]
</home/yz489/egg-smol-benchmark-pointer-analysis/benchmarks/postgresql-9.5.2/initdb.bc>:clean_encoding_name:3	*stack_alloc@clean_encoding_name[i8** %np]
