</home/yz489/egg-smol-benchmark-pointer-analysis/benchmarks/postgresql-9.5.2/initdb.bc>:get_set_pwd:%26	</home/yz489/egg-smol-benchmark-pointer-analysis/benchmarks/postgresql-9.5.2/initdb.bc>:get_set_pwd:91:0:true
</home/yz489/egg-smol-benchmark-pointer-analysis/benchmarks/postgresql-9.5.2/initdb.bc>:get_set_pwd:%26	</home/yz489/egg-smol-benchmark-pointer-analysis/benchmarks/postgresql-9.5.2/initdb.bc>:get_set_pwd:%cmp37
</home/yz489/egg-smol-benchmark-pointer-analysis/benchmarks/postgresql-9.5.2/initdb.bc>:set_info_version:%8	</home/yz489/egg-smol-benchmark-pointer-analysis/benchmarks/postgresql-9.5.2/initdb.bc>:set_info_version:33:0:true
</home/yz489/egg-smol-benchmark-pointer-analysis/benchmarks/postgresql-9.5.2/initdb.bc>:set_info_version:%8	</home/yz489/egg-smol-benchmark-pointer-analysis/benchmarks/postgresql-9.5.2/initdb.bc>:set_info_version:%cmp5
</home/yz489/egg-smol-benchmark-pointer-analysis/benchmarks/postgresql-9.5.2/initdb.bc>:tzparse:%107	</home/yz489/egg-smol-benchmark-pointer-analysis/benchmarks/postgresql-9.5.2/initdb.bc>:tzparse:381:0:true
</home/yz489/egg-smol-benchmark-pointer-analysis/benchmarks/postgresql-9.5.2/initdb.bc>:tzparse:%107	</home/yz489/egg-smol-benchmark-pointer-analysis/benchmarks/postgresql-9.5.2/initdb.bc>:tzparse:%cmp158
</home/yz489/egg-smol-benchmark-pointer-analysis/benchmarks/postgresql-9.5.2/initdb.bc>:transtime:%3	</home/yz489/egg-smol-benchmark-pointer-analysis/benchmarks/postgresql-9.5.2/initdb.bc>:transtime:30:0:true
</home/yz489/egg-smol-benchmark-pointer-analysis/benchmarks/postgresql-9.5.2/initdb.bc>:transtime:%3	</home/yz489/egg-smol-benchmark-pointer-analysis/benchmarks/postgresql-9.5.2/initdb.bc>:transtime:%cmp4
</home/yz489/egg-smol-benchmark-pointer-analysis/benchmarks/postgresql-9.5.2/initdb.bc>:timesub:%51	</home/yz489/egg-smol-benchmark-pointer-analysis/benchmarks/postgresql-9.5.2/initdb.bc>:timesub:167:0:true
</home/yz489/egg-smol-benchmark-pointer-analysis/benchmarks/postgresql-9.5.2/initdb.bc>:timesub:%51	</home/yz489/egg-smol-benchmark-pointer-analysis/benchmarks/postgresql-9.5.2/initdb.bc>:timesub:%cmp64
</home/yz489/egg-smol-benchmark-pointer-analysis/benchmarks/postgresql-9.5.2/initdb.bc>:timesub:%92	</home/yz489/egg-smol-benchmark-pointer-analysis/benchmarks/postgresql-9.5.2/initdb.bc>:timesub:308:0:true
</home/yz489/egg-smol-benchmark-pointer-analysis/benchmarks/postgresql-9.5.2/initdb.bc>:timesub:%92	</home/yz489/egg-smol-benchmark-pointer-analysis/benchmarks/postgresql-9.5.2/initdb.bc>:timesub:%cmp156
</home/yz489/egg-smol-benchmark-pointer-analysis/benchmarks/postgresql-9.5.2/initdb.bc>:timesub:%100	</home/yz489/egg-smol-benchmark-pointer-analysis/benchmarks/postgresql-9.5.2/initdb.bc>:timesub:333:0:true
</home/yz489/egg-smol-benchmark-pointer-analysis/benchmarks/postgresql-9.5.2/initdb.bc>:timesub:%100	</home/yz489/egg-smol-benchmark-pointer-analysis/benchmarks/postgresql-9.5.2/initdb.bc>:timesub:%cmp176
</home/yz489/egg-smol-benchmark-pointer-analysis/benchmarks/postgresql-9.5.2/initdb.bc>:timesub:%106	</home/yz489/egg-smol-benchmark-pointer-analysis/benchmarks/postgresql-9.5.2/initdb.bc>:timesub:354:0:true
</home/yz489/egg-smol-benchmark-pointer-analysis/benchmarks/postgresql-9.5.2/initdb.bc>:timesub:%106	</home/yz489/egg-smol-benchmark-pointer-analysis/benchmarks/postgresql-9.5.2/initdb.bc>:timesub:%cmp196
</home/yz489/egg-smol-benchmark-pointer-analysis/benchmarks/postgresql-9.5.2/initdb.bc>:timesub:%136	</home/yz489/egg-smol-benchmark-pointer-analysis/benchmarks/postgresql-9.5.2/initdb.bc>:timesub:452:0:true
</home/yz489/egg-smol-benchmark-pointer-analysis/benchmarks/postgresql-9.5.2/initdb.bc>:timesub:%136	</home/yz489/egg-smol-benchmark-pointer-analysis/benchmarks/postgresql-9.5.2/initdb.bc>:timesub:%cmp251
</home/yz489/egg-smol-benchmark-pointer-analysis/benchmarks/postgresql-9.5.2/initdb.bc>:main:%cond	</home/yz489/egg-smol-benchmark-pointer-analysis/benchmarks/postgresql-9.5.2/initdb.bc>:main:307:0:getelementptr inbounds ([2 x i8], [2 x i8]* @.str.101, i32 0, i32 0)
</home/yz489/egg-smol-benchmark-pointer-analysis/benchmarks/postgresql-9.5.2/initdb.bc>:main:%cond	</home/yz489/egg-smol-benchmark-pointer-analysis/benchmarks/postgresql-9.5.2/initdb.bc>:main:307:4:getelementptr inbounds ([1 x i8], [1 x i8]* @.str.42, i32 0, i32 0)
</home/yz489/egg-smol-benchmark-pointer-analysis/benchmarks/postgresql-9.5.2/initdb.bc>:get_encoding_id:%cond	</home/yz489/egg-smol-benchmark-pointer-analysis/benchmarks/postgresql-9.5.2/initdb.bc>:get_encoding_id:28:0:getelementptr inbounds ([7 x i8], [7 x i8]* @.str.109, i32 0, i32 0)
</home/yz489/egg-smol-benchmark-pointer-analysis/benchmarks/postgresql-9.5.2/initdb.bc>:get_encoding_id:%cond	</home/yz489/egg-smol-benchmark-pointer-analysis/benchmarks/postgresql-9.5.2/initdb.bc>:get_encoding_id:%8
</home/yz489/egg-smol-benchmark-pointer-analysis/benchmarks/postgresql-9.5.2/initdb.bc>:find_matching_ts_config:%12	</home/yz489/egg-smol-benchmark-pointer-analysis/benchmarks/postgresql-9.5.2/initdb.bc>:find_matching_ts_config:42:0:false
</home/yz489/egg-smol-benchmark-pointer-analysis/benchmarks/postgresql-9.5.2/initdb.bc>:find_matching_ts_config:%12	</home/yz489/egg-smol-benchmark-pointer-analysis/benchmarks/postgresql-9.5.2/initdb.bc>:find_matching_ts_config:42:1:false
</home/yz489/egg-smol-benchmark-pointer-analysis/benchmarks/postgresql-9.5.2/initdb.bc>:find_matching_ts_config:%12	</home/yz489/egg-smol-benchmark-pointer-analysis/benchmarks/postgresql-9.5.2/initdb.bc>:find_matching_ts_config:42:2:false
</home/yz489/egg-smol-benchmark-pointer-analysis/benchmarks/postgresql-9.5.2/initdb.bc>:find_matching_ts_config:%12	</home/yz489/egg-smol-benchmark-pointer-analysis/benchmarks/postgresql-9.5.2/initdb.bc>:find_matching_ts_config:42:3:false
</home/yz489/egg-smol-benchmark-pointer-analysis/benchmarks/postgresql-9.5.2/initdb.bc>:find_matching_ts_config:%12	</home/yz489/egg-smol-benchmark-pointer-analysis/benchmarks/postgresql-9.5.2/initdb.bc>:find_matching_ts_config:%cmp14
</home/yz489/egg-smol-benchmark-pointer-analysis/benchmarks/postgresql-9.5.2/initdb.bc>:setup_config:%69	</home/yz489/egg-smol-benchmark-pointer-analysis/benchmarks/postgresql-9.5.2/initdb.bc>:setup_config:%68
</home/yz489/egg-smol-benchmark-pointer-analysis/benchmarks/postgresql-9.5.2/initdb.bc>:setup_config:%61	</home/yz489/egg-smol-benchmark-pointer-analysis/benchmarks/postgresql-9.5.2/initdb.bc>:setup_config:%60
</home/yz489/egg-smol-benchmark-pointer-analysis/benchmarks/postgresql-9.5.2/initdb.bc>:setup_config:%52	</home/yz489/egg-smol-benchmark-pointer-analysis/benchmarks/postgresql-9.5.2/initdb.bc>:setup_config:234:0:true
</home/yz489/egg-smol-benchmark-pointer-analysis/benchmarks/postgresql-9.5.2/initdb.bc>:setup_config:%52	</home/yz489/egg-smol-benchmark-pointer-analysis/benchmarks/postgresql-9.5.2/initdb.bc>:setup_config:%cmp113
</home/yz489/egg-smol-benchmark-pointer-analysis/benchmarks/postgresql-9.5.2/initdb.bc>:setup_config:%40	</home/yz489/egg-smol-benchmark-pointer-analysis/benchmarks/postgresql-9.5.2/initdb.bc>:setup_config:%39
</home/yz489/egg-smol-benchmark-pointer-analysis/benchmarks/postgresql-9.5.2/initdb.bc>:setup_config:%cond	</home/yz489/egg-smol-benchmark-pointer-analysis/benchmarks/postgresql-9.5.2/initdb.bc>:setup_config:235:0:getelementptr inbounds ([243 x i8], [243 x i8]* @.str.256, i32 0, i32 0)
</home/yz489/egg-smol-benchmark-pointer-analysis/benchmarks/postgresql-9.5.2/initdb.bc>:setup_config:%cond	</home/yz489/egg-smol-benchmark-pointer-analysis/benchmarks/postgresql-9.5.2/initdb.bc>:setup_config:235:4:getelementptr inbounds ([1 x i8], [1 x i8]* @.str.42, i32 0, i32 0)
</home/yz489/egg-smol-benchmark-pointer-analysis/benchmarks/postgresql-9.5.2/initdb.bc>:bootstrap_template1:%41	</home/yz489/egg-smol-benchmark-pointer-analysis/benchmarks/postgresql-9.5.2/initdb.bc>:bootstrap_template1:%40
</home/yz489/egg-smol-benchmark-pointer-analysis/benchmarks/postgresql-9.5.2/initdb.bc>:bootstrap_template1:%cond	</home/yz489/egg-smol-benchmark-pointer-analysis/benchmarks/postgresql-9.5.2/initdb.bc>:bootstrap_template1:92:0:getelementptr inbounds ([3 x i8], [3 x i8]* @.str.287, i32 0, i32 0)
</home/yz489/egg-smol-benchmark-pointer-analysis/benchmarks/postgresql-9.5.2/initdb.bc>:bootstrap_template1:%cond	</home/yz489/egg-smol-benchmark-pointer-analysis/benchmarks/postgresql-9.5.2/initdb.bc>:bootstrap_template1:92:4:getelementptr inbounds ([1 x i8], [1 x i8]* @.str.42, i32 0, i32 0)
</home/yz489/egg-smol-benchmark-pointer-analysis/benchmarks/postgresql-9.5.2/initdb.bc>:get_set_pwd:%27	</home/yz489/egg-smol-benchmark-pointer-analysis/benchmarks/postgresql-9.5.2/initdb.bc>:get_set_pwd:93:0:false
</home/yz489/egg-smol-benchmark-pointer-analysis/benchmarks/postgresql-9.5.2/initdb.bc>:get_set_pwd:%27	</home/yz489/egg-smol-benchmark-pointer-analysis/benchmarks/postgresql-9.5.2/initdb.bc>:get_set_pwd:%26
</home/yz489/egg-smol-benchmark-pointer-analysis/benchmarks/postgresql-9.5.2/initdb.bc>:setup_sysviews:%18	</home/yz489/egg-smol-benchmark-pointer-analysis/benchmarks/postgresql-9.5.2/initdb.bc>:setup_sysviews:%17
</home/yz489/egg-smol-benchmark-pointer-analysis/benchmarks/postgresql-9.5.2/initdb.bc>:setup_conversion:%21	</home/yz489/egg-smol-benchmark-pointer-analysis/benchmarks/postgresql-9.5.2/initdb.bc>:setup_conversion:%20
</home/yz489/egg-smol-benchmark-pointer-analysis/benchmarks/postgresql-9.5.2/initdb.bc>:setup_dictionary:%17	</home/yz489/egg-smol-benchmark-pointer-analysis/benchmarks/postgresql-9.5.2/initdb.bc>:setup_dictionary:%16
</home/yz489/egg-smol-benchmark-pointer-analysis/benchmarks/postgresql-9.5.2/initdb.bc>:setup_schema:%17	</home/yz489/egg-smol-benchmark-pointer-analysis/benchmarks/postgresql-9.5.2/initdb.bc>:setup_schema:%16
</home/yz489/egg-smol-benchmark-pointer-analysis/benchmarks/postgresql-9.5.2/initdb.bc>:check_authmethod_valid:%sub.ptr.rhs.cast	</home/yz489/egg-smol-benchmark-pointer-analysis/benchmarks/postgresql-9.5.2/initdb.bc>:check_authmethod_valid:%call4
</home/yz489/egg-smol-benchmark-pointer-analysis/benchmarks/postgresql-9.5.2/initdb.bc>:check_authmethod_valid:%sub.ptr.lhs.cast	</home/yz489/egg-smol-benchmark-pointer-analysis/benchmarks/postgresql-9.5.2/initdb.bc>:check_authmethod_valid:%10
</home/yz489/egg-smol-benchmark-pointer-analysis/benchmarks/postgresql-9.5.2/initdb.bc>:check_need_password:%cond	</home/yz489/egg-smol-benchmark-pointer-analysis/benchmarks/postgresql-9.5.2/initdb.bc>:check_need_password:%10
</home/yz489/egg-smol-benchmark-pointer-analysis/benchmarks/postgresql-9.5.2/initdb.bc>:check_need_password:%cond	</home/yz489/egg-smol-benchmark-pointer-analysis/benchmarks/postgresql-9.5.2/initdb.bc>:check_need_password:%11
</home/yz489/egg-smol-benchmark-pointer-analysis/benchmarks/postgresql-9.5.2/initdb.bc>:set_info_version:%9	</home/yz489/egg-smol-benchmark-pointer-analysis/benchmarks/postgresql-9.5.2/initdb.bc>:set_info_version:35:0:false
</home/yz489/egg-smol-benchmark-pointer-analysis/benchmarks/postgresql-9.5.2/initdb.bc>:set_info_version:%9	</home/yz489/egg-smol-benchmark-pointer-analysis/benchmarks/postgresql-9.5.2/initdb.bc>:set_info_version:%8
</home/yz489/egg-smol-benchmark-pointer-analysis/benchmarks/postgresql-9.5.2/initdb.bc>:readfile:%18	</home/yz489/egg-smol-benchmark-pointer-analysis/benchmarks/postgresql-9.5.2/initdb.bc>:readfile:%call19
</home/yz489/egg-smol-benchmark-pointer-analysis/benchmarks/postgresql-9.5.2/initdb.bc>:readfile:%26	</home/yz489/egg-smol-benchmark-pointer-analysis/benchmarks/postgresql-9.5.2/initdb.bc>:readfile:93:0:false
</home/yz489/egg-smol-benchmark-pointer-analysis/benchmarks/postgresql-9.5.2/initdb.bc>:readfile:%26	</home/yz489/egg-smol-benchmark-pointer-analysis/benchmarks/postgresql-9.5.2/initdb.bc>:readfile:%cmp28
</home/yz489/egg-smol-benchmark-pointer-analysis/benchmarks/postgresql-9.5.2/initdb.bc>:replace_token:%sub.ptr.rhs.cast	</home/yz489/egg-smol-benchmark-pointer-analysis/benchmarks/postgresql-9.5.2/initdb.bc>:replace_token:%32
</home/yz489/egg-smol-benchmark-pointer-analysis/benchmarks/postgresql-9.5.2/initdb.bc>:replace_token:%sub.ptr.lhs.cast	</home/yz489/egg-smol-benchmark-pointer-analysis/benchmarks/postgresql-9.5.2/initdb.bc>:replace_token:%29
</home/yz489/egg-smol-benchmark-pointer-analysis/benchmarks/postgresql-9.5.2/initdb.bc>:replace_token:%6	</home/yz489/egg-smol-benchmark-pointer-analysis/benchmarks/postgresql-9.5.2/initdb.bc>:replace_token:%call
</home/yz489/egg-smol-benchmark-pointer-analysis/benchmarks/postgresql-9.5.2/initdb.bc>:normalize_locale_name:%21	</home/yz489/egg-smol-benchmark-pointer-analysis/benchmarks/postgresql-9.5.2/initdb.bc>:normalize_locale_name:61:0:true
</home/yz489/egg-smol-benchmark-pointer-analysis/benchmarks/postgresql-9.5.2/initdb.bc>:normalize_locale_name:%21	</home/yz489/egg-smol-benchmark-pointer-analysis/benchmarks/postgresql-9.5.2/initdb.bc>:normalize_locale_name:61:1:true
</home/yz489/egg-smol-benchmark-pointer-analysis/benchmarks/postgresql-9.5.2/initdb.bc>:normalize_locale_name:%21	</home/yz489/egg-smol-benchmark-pointer-analysis/benchmarks/postgresql-9.5.2/initdb.bc>:normalize_locale_name:61:2:true
</home/yz489/egg-smol-benchmark-pointer-analysis/benchmarks/postgresql-9.5.2/initdb.bc>:normalize_locale_name:%21	</home/yz489/egg-smol-benchmark-pointer-analysis/benchmarks/postgresql-9.5.2/initdb.bc>:normalize_locale_name:%cmp25
</home/yz489/egg-smol-benchmark-pointer-analysis/benchmarks/postgresql-9.5.2/initdb.bc>:locale_date_order:%4	</home/yz489/egg-smol-benchmark-pointer-analysis/benchmarks/postgresql-9.5.2/initdb.bc>:locale_date_order:%testtime
</home/yz489/egg-smol-benchmark-pointer-analysis/benchmarks/postgresql-9.5.2/initdb.bc>:identify_system_timezone:%cond	</home/yz489/egg-smol-benchmark-pointer-analysis/benchmarks/postgresql-9.5.2/initdb.bc>:identify_system_timezone:236:0:getelementptr inbounds ([2 x i8], [2 x i8]* @.str.9.427, i32 0, i32 0)
</home/yz489/egg-smol-benchmark-pointer-analysis/benchmarks/postgresql-9.5.2/initdb.bc>:identify_system_timezone:%cond	</home/yz489/egg-smol-benchmark-pointer-analysis/benchmarks/postgresql-9.5.2/initdb.bc>:identify_system_timezone:236:4:getelementptr inbounds ([1 x i8], [1 x i8]* @.str.10.428, i32 0, i32 0)
</home/yz489/egg-smol-benchmark-pointer-analysis/benchmarks/postgresql-9.5.2/initdb.bc>:identify_system_timezone:%31	</home/yz489/egg-smol-benchmark-pointer-analysis/benchmarks/postgresql-9.5.2/initdb.bc>:identify_system_timezone:%cbuf
</home/yz489/egg-smol-benchmark-pointer-analysis/benchmarks/postgresql-9.5.2/initdb.bc>:identify_system_timezone:%37	</home/yz489/egg-smol-benchmark-pointer-analysis/benchmarks/postgresql-9.5.2/initdb.bc>:identify_system_timezone:%cbuf
</home/yz489/egg-smol-benchmark-pointer-analysis/benchmarks/postgresql-9.5.2/initdb.bc>:identify_system_timezone:%18	</home/yz489/egg-smol-benchmark-pointer-analysis/benchmarks/postgresql-9.5.2/initdb.bc>:identify_system_timezone:%std_zone_name
</home/yz489/egg-smol-benchmark-pointer-analysis/benchmarks/postgresql-9.5.2/initdb.bc>:identify_system_timezone:%19	</home/yz489/egg-smol-benchmark-pointer-analysis/benchmarks/postgresql-9.5.2/initdb.bc>:identify_system_timezone:%dst_zone_name
</home/yz489/egg-smol-benchmark-pointer-analysis/benchmarks/postgresql-9.5.2/initdb.bc>:build_time_t:%0	</home/yz489/egg-smol-benchmark-pointer-analysis/benchmarks/postgresql-9.5.2/initdb.bc>:build_time_t:%tm
</home/yz489/egg-smol-benchmark-pointer-analysis/benchmarks/postgresql-9.5.2/initdb.bc>:score_timezone:%22	</home/yz489/egg-smol-benchmark-pointer-analysis/benchmarks/postgresql-9.5.2/initdb.bc>:score_timezone:%cbuf
</home/yz489/egg-smol-benchmark-pointer-analysis/benchmarks/postgresql-9.5.2/initdb.bc>:tzload:%252	</home/yz489/egg-smol-benchmark-pointer-analysis/benchmarks/postgresql-9.5.2/initdb.bc>:tzload:%arrayidx460
</home/yz489/egg-smol-benchmark-pointer-analysis/benchmarks/postgresql-9.5.2/initdb.bc>:tzload:%251	</home/yz489/egg-smol-benchmark-pointer-analysis/benchmarks/postgresql-9.5.2/initdb.bc>:tzload:%arrayidx458
</home/yz489/egg-smol-benchmark-pointer-analysis/benchmarks/postgresql-9.5.2/initdb.bc>:tzload:%227	</home/yz489/egg-smol-benchmark-pointer-analysis/benchmarks/postgresql-9.5.2/initdb.bc>:tzload:762:0:false
</home/yz489/egg-smol-benchmark-pointer-analysis/benchmarks/postgresql-9.5.2/initdb.bc>:tzload:%227	</home/yz489/egg-smol-benchmark-pointer-analysis/benchmarks/postgresql-9.5.2/initdb.bc>:tzload:%cmp421
</home/yz489/egg-smol-benchmark-pointer-analysis/benchmarks/postgresql-9.5.2/initdb.bc>:tzload:%buf333	</home/yz489/egg-smol-benchmark-pointer-analysis/benchmarks/postgresql-9.5.2/initdb.bc>:tzload:%u
</home/yz489/egg-smol-benchmark-pointer-analysis/benchmarks/postgresql-9.5.2/initdb.bc>:tzload:%sub.ptr.rhs.cast305	</home/yz489/egg-smol-benchmark-pointer-analysis/benchmarks/postgresql-9.5.2/initdb.bc>:tzload:%arraydecay303
</home/yz489/egg-smol-benchmark-pointer-analysis/benchmarks/postgresql-9.5.2/initdb.bc>:tzload:%buf317	</home/yz489/egg-smol-benchmark-pointer-analysis/benchmarks/postgresql-9.5.2/initdb.bc>:tzload:%u
</home/yz489/egg-smol-benchmark-pointer-analysis/benchmarks/postgresql-9.5.2/initdb.bc>:tzload:%tzhead295	</home/yz489/egg-smol-benchmark-pointer-analysis/benchmarks/postgresql-9.5.2/initdb.bc>:tzload:%u
</home/yz489/egg-smol-benchmark-pointer-analysis/benchmarks/postgresql-9.5.2/initdb.bc>:tzload:%buf356	</home/yz489/egg-smol-benchmark-pointer-analysis/benchmarks/postgresql-9.5.2/initdb.bc>:tzload:%u
</home/yz489/egg-smol-benchmark-pointer-analysis/benchmarks/postgresql-9.5.2/initdb.bc>:tzload:%buf354	</home/yz489/egg-smol-benchmark-pointer-analysis/benchmarks/postgresql-9.5.2/initdb.bc>:tzload:%u
</home/yz489/egg-smol-benchmark-pointer-analysis/benchmarks/postgresql-9.5.2/initdb.bc>:tzload:%247	</home/yz489/egg-smol-benchmark-pointer-analysis/benchmarks/postgresql-9.5.2/initdb.bc>:tzload:%arrayidx453
</home/yz489/egg-smol-benchmark-pointer-analysis/benchmarks/postgresql-9.5.2/initdb.bc>:tzload:%221	</home/yz489/egg-smol-benchmark-pointer-analysis/benchmarks/postgresql-9.5.2/initdb.bc>:tzload:745:0:false
</home/yz489/egg-smol-benchmark-pointer-analysis/benchmarks/postgresql-9.5.2/initdb.bc>:tzload:%221	</home/yz489/egg-smol-benchmark-pointer-analysis/benchmarks/postgresql-9.5.2/initdb.bc>:tzload:%cmp412
</home/yz489/egg-smol-benchmark-pointer-analysis/benchmarks/postgresql-9.5.2/initdb.bc>:tzload:%buf341	</home/yz489/egg-smol-benchmark-pointer-analysis/benchmarks/postgresql-9.5.2/initdb.bc>:tzload:%u
</home/yz489/egg-smol-benchmark-pointer-analysis/benchmarks/postgresql-9.5.2/initdb.bc>:tzload:%tzhead43	</home/yz489/egg-smol-benchmark-pointer-analysis/benchmarks/postgresql-9.5.2/initdb.bc>:tzload:%u
</home/yz489/egg-smol-benchmark-pointer-analysis/benchmarks/postgresql-9.5.2/initdb.bc>:tzload:%tzhead39	</home/yz489/egg-smol-benchmark-pointer-analysis/benchmarks/postgresql-9.5.2/initdb.bc>:tzload:%u
</home/yz489/egg-smol-benchmark-pointer-analysis/benchmarks/postgresql-9.5.2/initdb.bc>:tzload:%tzhead35	</home/yz489/egg-smol-benchmark-pointer-analysis/benchmarks/postgresql-9.5.2/initdb.bc>:tzload:%u
</home/yz489/egg-smol-benchmark-pointer-analysis/benchmarks/postgresql-9.5.2/initdb.bc>:tzload:%buf302	</home/yz489/egg-smol-benchmark-pointer-analysis/benchmarks/postgresql-9.5.2/initdb.bc>:tzload:%u
</home/yz489/egg-smol-benchmark-pointer-analysis/benchmarks/postgresql-9.5.2/initdb.bc>:tzload:%tzhead31	</home/yz489/egg-smol-benchmark-pointer-analysis/benchmarks/postgresql-9.5.2/initdb.bc>:tzload:%u
</home/yz489/egg-smol-benchmark-pointer-analysis/benchmarks/postgresql-9.5.2/initdb.bc>:tzload:%tzhead27	</home/yz489/egg-smol-benchmark-pointer-analysis/benchmarks/postgresql-9.5.2/initdb.bc>:tzload:%u
</home/yz489/egg-smol-benchmark-pointer-analysis/benchmarks/postgresql-9.5.2/initdb.bc>:tzload:%tzhead	</home/yz489/egg-smol-benchmark-pointer-analysis/benchmarks/postgresql-9.5.2/initdb.bc>:tzload:%u
</home/yz489/egg-smol-benchmark-pointer-analysis/benchmarks/postgresql-9.5.2/initdb.bc>:tzload:%sub.ptr.lhs.cast	</home/yz489/egg-smol-benchmark-pointer-analysis/benchmarks/postgresql-9.5.2/initdb.bc>:tzload:%42
</home/yz489/egg-smol-benchmark-pointer-analysis/benchmarks/postgresql-9.5.2/initdb.bc>:tzload:%246	</home/yz489/egg-smol-benchmark-pointer-analysis/benchmarks/postgresql-9.5.2/initdb.bc>:tzload:%arrayidx451
</home/yz489/egg-smol-benchmark-pointer-analysis/benchmarks/postgresql-9.5.2/initdb.bc>:tzload:%buf	</home/yz489/egg-smol-benchmark-pointer-analysis/benchmarks/postgresql-9.5.2/initdb.bc>:tzload:%u
</home/yz489/egg-smol-benchmark-pointer-analysis/benchmarks/postgresql-9.5.2/initdb.bc>:tzload:%sub.ptr.rhs.cast	</home/yz489/egg-smol-benchmark-pointer-analysis/benchmarks/postgresql-9.5.2/initdb.bc>:tzload:%arraydecay95
</home/yz489/egg-smol-benchmark-pointer-analysis/benchmarks/postgresql-9.5.2/initdb.bc>:tzload:%tzhead23	</home/yz489/egg-smol-benchmark-pointer-analysis/benchmarks/postgresql-9.5.2/initdb.bc>:tzload:%u
</home/yz489/egg-smol-benchmark-pointer-analysis/benchmarks/postgresql-9.5.2/initdb.bc>:tzload:%sub.ptr.lhs.cast304	</home/yz489/egg-smol-benchmark-pointer-analysis/benchmarks/postgresql-9.5.2/initdb.bc>:tzload:%175
</home/yz489/egg-smol-benchmark-pointer-analysis/benchmarks/postgresql-9.5.2/initdb.bc>:tzload:%buf94	</home/yz489/egg-smol-benchmark-pointer-analysis/benchmarks/postgresql-9.5.2/initdb.bc>:tzload:%u
</home/yz489/egg-smol-benchmark-pointer-analysis/benchmarks/postgresql-9.5.2/initdb.bc>:tzload:%cond208	</home/yz489/egg-smol-benchmark-pointer-analysis/benchmarks/postgresql-9.5.2/initdb.bc>:tzload:%call204
</home/yz489/egg-smol-benchmark-pointer-analysis/benchmarks/postgresql-9.5.2/initdb.bc>:tzload:%cond208	</home/yz489/egg-smol-benchmark-pointer-analysis/benchmarks/postgresql-9.5.2/initdb.bc>:tzload:%call206
</home/yz489/egg-smol-benchmark-pointer-analysis/benchmarks/postgresql-9.5.2/initdb.bc>:tzload:%cond	</home/yz489/egg-smol-benchmark-pointer-analysis/benchmarks/postgresql-9.5.2/initdb.bc>:tzload:%call121
</home/yz489/egg-smol-benchmark-pointer-analysis/benchmarks/postgresql-9.5.2/initdb.bc>:tzload:%cond	</home/yz489/egg-smol-benchmark-pointer-analysis/benchmarks/postgresql-9.5.2/initdb.bc>:tzload:%call122
</home/yz489/egg-smol-benchmark-pointer-analysis/benchmarks/postgresql-9.5.2/initdb.bc>:tzparse:%108	</home/yz489/egg-smol-benchmark-pointer-analysis/benchmarks/postgresql-9.5.2/initdb.bc>:tzparse:383:0:false
</home/yz489/egg-smol-benchmark-pointer-analysis/benchmarks/postgresql-9.5.2/initdb.bc>:tzparse:%108	</home/yz489/egg-smol-benchmark-pointer-analysis/benchmarks/postgresql-9.5.2/initdb.bc>:tzparse:%107
</home/yz489/egg-smol-benchmark-pointer-analysis/benchmarks/postgresql-9.5.2/initdb.bc>:tzparse:%sub.ptr.rhs.cast56	</home/yz489/egg-smol-benchmark-pointer-analysis/benchmarks/postgresql-9.5.2/initdb.bc>:tzparse:%42
</home/yz489/egg-smol-benchmark-pointer-analysis/benchmarks/postgresql-9.5.2/initdb.bc>:tzparse:%sub.ptr.lhs.cast49	</home/yz489/egg-smol-benchmark-pointer-analysis/benchmarks/postgresql-9.5.2/initdb.bc>:tzparse:%36
</home/yz489/egg-smol-benchmark-pointer-analysis/benchmarks/postgresql-9.5.2/initdb.bc>:tzparse:%sub.ptr.rhs.cast15	</home/yz489/egg-smol-benchmark-pointer-analysis/benchmarks/postgresql-9.5.2/initdb.bc>:tzparse:%20
</home/yz489/egg-smol-benchmark-pointer-analysis/benchmarks/postgresql-9.5.2/initdb.bc>:tzparse:%sub.ptr.rhs.cast	</home/yz489/egg-smol-benchmark-pointer-analysis/benchmarks/postgresql-9.5.2/initdb.bc>:tzparse:%16
</home/yz489/egg-smol-benchmark-pointer-analysis/benchmarks/postgresql-9.5.2/initdb.bc>:tzparse:%sub.ptr.lhs.cast	</home/yz489/egg-smol-benchmark-pointer-analysis/benchmarks/postgresql-9.5.2/initdb.bc>:tzparse:%15
</home/yz489/egg-smol-benchmark-pointer-analysis/benchmarks/postgresql-9.5.2/initdb.bc>:tzparse:%sub.ptr.lhs.cast14	</home/yz489/egg-smol-benchmark-pointer-analysis/benchmarks/postgresql-9.5.2/initdb.bc>:tzparse:%19
</home/yz489/egg-smol-benchmark-pointer-analysis/benchmarks/postgresql-9.5.2/initdb.bc>:tzparse:%sub.ptr.rhs.cast50	</home/yz489/egg-smol-benchmark-pointer-analysis/benchmarks/postgresql-9.5.2/initdb.bc>:tzparse:%37
</home/yz489/egg-smol-benchmark-pointer-analysis/benchmarks/postgresql-9.5.2/initdb.bc>:tzparse:%sub.ptr.lhs.cast55	</home/yz489/egg-smol-benchmark-pointer-analysis/benchmarks/postgresql-9.5.2/initdb.bc>:tzparse:%41
</home/yz489/egg-smol-benchmark-pointer-analysis/benchmarks/postgresql-9.5.2/initdb.bc>:detzcode:%cond	</home/yz489/egg-smol-benchmark-pointer-analysis/benchmarks/postgresql-9.5.2/initdb.bc>:detzcode:10:0:-1
</home/yz489/egg-smol-benchmark-pointer-analysis/benchmarks/postgresql-9.5.2/initdb.bc>:detzcode:%cond	</home/yz489/egg-smol-benchmark-pointer-analysis/benchmarks/postgresql-9.5.2/initdb.bc>:detzcode:10:1:0
</home/yz489/egg-smol-benchmark-pointer-analysis/benchmarks/postgresql-9.5.2/initdb.bc>:detzcode64:%cond	</home/yz489/egg-smol-benchmark-pointer-analysis/benchmarks/postgresql-9.5.2/initdb.bc>:detzcode64:10:0:-1
</home/yz489/egg-smol-benchmark-pointer-analysis/benchmarks/postgresql-9.5.2/initdb.bc>:detzcode64:%cond	</home/yz489/egg-smol-benchmark-pointer-analysis/benchmarks/postgresql-9.5.2/initdb.bc>:detzcode64:10:1:0
</home/yz489/egg-smol-benchmark-pointer-analysis/benchmarks/postgresql-9.5.2/initdb.bc>:typesequiv:%35	</home/yz489/egg-smol-benchmark-pointer-analysis/benchmarks/postgresql-9.5.2/initdb.bc>:typesequiv:93:0:false
</home/yz489/egg-smol-benchmark-pointer-analysis/benchmarks/postgresql-9.5.2/initdb.bc>:typesequiv:%35	</home/yz489/egg-smol-benchmark-pointer-analysis/benchmarks/postgresql-9.5.2/initdb.bc>:typesequiv:93:1:false
</home/yz489/egg-smol-benchmark-pointer-analysis/benchmarks/postgresql-9.5.2/initdb.bc>:typesequiv:%35	</home/yz489/egg-smol-benchmark-pointer-analysis/benchmarks/postgresql-9.5.2/initdb.bc>:typesequiv:93:2:false
</home/yz489/egg-smol-benchmark-pointer-analysis/benchmarks/postgresql-9.5.2/initdb.bc>:typesequiv:%35	</home/yz489/egg-smol-benchmark-pointer-analysis/benchmarks/postgresql-9.5.2/initdb.bc>:typesequiv:93:3:false
</home/yz489/egg-smol-benchmark-pointer-analysis/benchmarks/postgresql-9.5.2/initdb.bc>:typesequiv:%35	</home/yz489/egg-smol-benchmark-pointer-analysis/benchmarks/postgresql-9.5.2/initdb.bc>:typesequiv:%cmp28
</home/yz489/egg-smol-benchmark-pointer-analysis/benchmarks/postgresql-9.5.2/initdb.bc>:getqzname:%4	</home/yz489/egg-smol-benchmark-pointer-analysis/benchmarks/postgresql-9.5.2/initdb.bc>:getqzname:16:0:false
</home/yz489/egg-smol-benchmark-pointer-analysis/benchmarks/postgresql-9.5.2/initdb.bc>:getqzname:%4	</home/yz489/egg-smol-benchmark-pointer-analysis/benchmarks/postgresql-9.5.2/initdb.bc>:getqzname:%cmp2
</home/yz489/egg-smol-benchmark-pointer-analysis/benchmarks/postgresql-9.5.2/initdb.bc>:getzname:%6	</home/yz489/egg-smol-benchmark-pointer-analysis/benchmarks/postgresql-9.5.2/initdb.bc>:getzname:27:0:false
</home/yz489/egg-smol-benchmark-pointer-analysis/benchmarks/postgresql-9.5.2/initdb.bc>:getzname:%6	</home/yz489/egg-smol-benchmark-pointer-analysis/benchmarks/postgresql-9.5.2/initdb.bc>:getzname:27:1:false
</home/yz489/egg-smol-benchmark-pointer-analysis/benchmarks/postgresql-9.5.2/initdb.bc>:getzname:%6	</home/yz489/egg-smol-benchmark-pointer-analysis/benchmarks/postgresql-9.5.2/initdb.bc>:getzname:27:2:false
</home/yz489/egg-smol-benchmark-pointer-analysis/benchmarks/postgresql-9.5.2/initdb.bc>:getzname:%6	</home/yz489/egg-smol-benchmark-pointer-analysis/benchmarks/postgresql-9.5.2/initdb.bc>:getzname:27:3:false
</home/yz489/egg-smol-benchmark-pointer-analysis/benchmarks/postgresql-9.5.2/initdb.bc>:getzname:%6	</home/yz489/egg-smol-benchmark-pointer-analysis/benchmarks/postgresql-9.5.2/initdb.bc>:getzname:%cmp14
</home/yz489/egg-smol-benchmark-pointer-analysis/benchmarks/postgresql-9.5.2/initdb.bc>:transtime:%cond	</home/yz489/egg-smol-benchmark-pointer-analysis/benchmarks/postgresql-9.5.2/initdb.bc>:transtime:%sub30
</home/yz489/egg-smol-benchmark-pointer-analysis/benchmarks/postgresql-9.5.2/initdb.bc>:transtime:%cond	</home/yz489/egg-smol-benchmark-pointer-analysis/benchmarks/postgresql-9.5.2/initdb.bc>:transtime:%31
</home/yz489/egg-smol-benchmark-pointer-analysis/benchmarks/postgresql-9.5.2/initdb.bc>:transtime:%4	</home/yz489/egg-smol-benchmark-pointer-analysis/benchmarks/postgresql-9.5.2/initdb.bc>:transtime:32:0:false
</home/yz489/egg-smol-benchmark-pointer-analysis/benchmarks/postgresql-9.5.2/initdb.bc>:transtime:%4	</home/yz489/egg-smol-benchmark-pointer-analysis/benchmarks/postgresql-9.5.2/initdb.bc>:transtime:%3
</home/yz489/egg-smol-benchmark-pointer-analysis/benchmarks/postgresql-9.5.2/initdb.bc>:timesub:%137	</home/yz489/egg-smol-benchmark-pointer-analysis/benchmarks/postgresql-9.5.2/initdb.bc>:timesub:454:0:false
</home/yz489/egg-smol-benchmark-pointer-analysis/benchmarks/postgresql-9.5.2/initdb.bc>:timesub:%137	</home/yz489/egg-smol-benchmark-pointer-analysis/benchmarks/postgresql-9.5.2/initdb.bc>:timesub:%136
</home/yz489/egg-smol-benchmark-pointer-analysis/benchmarks/postgresql-9.5.2/initdb.bc>:timesub:%107	</home/yz489/egg-smol-benchmark-pointer-analysis/benchmarks/postgresql-9.5.2/initdb.bc>:timesub:356:0:false
</home/yz489/egg-smol-benchmark-pointer-analysis/benchmarks/postgresql-9.5.2/initdb.bc>:timesub:%107	</home/yz489/egg-smol-benchmark-pointer-analysis/benchmarks/postgresql-9.5.2/initdb.bc>:timesub:%106
</home/yz489/egg-smol-benchmark-pointer-analysis/benchmarks/postgresql-9.5.2/initdb.bc>:timesub:%101	</home/yz489/egg-smol-benchmark-pointer-analysis/benchmarks/postgresql-9.5.2/initdb.bc>:timesub:335:0:false
</home/yz489/egg-smol-benchmark-pointer-analysis/benchmarks/postgresql-9.5.2/initdb.bc>:timesub:%101	</home/yz489/egg-smol-benchmark-pointer-analysis/benchmarks/postgresql-9.5.2/initdb.bc>:timesub:%100
</home/yz489/egg-smol-benchmark-pointer-analysis/benchmarks/postgresql-9.5.2/initdb.bc>:timesub:%cond	</home/yz489/egg-smol-benchmark-pointer-analysis/benchmarks/postgresql-9.5.2/initdb.bc>:timesub:204:0:-1
</home/yz489/egg-smol-benchmark-pointer-analysis/benchmarks/postgresql-9.5.2/initdb.bc>:timesub:%cond	</home/yz489/egg-smol-benchmark-pointer-analysis/benchmarks/postgresql-9.5.2/initdb.bc>:timesub:204:1:1
</home/yz489/egg-smol-benchmark-pointer-analysis/benchmarks/postgresql-9.5.2/initdb.bc>:timesub:%54	</home/yz489/egg-smol-benchmark-pointer-analysis/benchmarks/postgresql-9.5.2/initdb.bc>:timesub:177:0:true
</home/yz489/egg-smol-benchmark-pointer-analysis/benchmarks/postgresql-9.5.2/initdb.bc>:timesub:%54	</home/yz489/egg-smol-benchmark-pointer-analysis/benchmarks/postgresql-9.5.2/initdb.bc>:timesub:%cmp70
</home/yz489/egg-smol-benchmark-pointer-analysis/benchmarks/postgresql-9.5.2/initdb.bc>:timesub:%52	</home/yz489/egg-smol-benchmark-pointer-analysis/benchmarks/postgresql-9.5.2/initdb.bc>:timesub:169:0:false
</home/yz489/egg-smol-benchmark-pointer-analysis/benchmarks/postgresql-9.5.2/initdb.bc>:timesub:%52	</home/yz489/egg-smol-benchmark-pointer-analysis/benchmarks/postgresql-9.5.2/initdb.bc>:timesub:%51
</home/yz489/egg-smol-benchmark-pointer-analysis/benchmarks/postgresql-9.5.2/initdb.bc>:timesub:%36	</home/yz489/egg-smol-benchmark-pointer-analysis/benchmarks/postgresql-9.5.2/initdb.bc>:timesub:122:0:false
</home/yz489/egg-smol-benchmark-pointer-analysis/benchmarks/postgresql-9.5.2/initdb.bc>:timesub:%36	</home/yz489/egg-smol-benchmark-pointer-analysis/benchmarks/postgresql-9.5.2/initdb.bc>:timesub:122:1:false
</home/yz489/egg-smol-benchmark-pointer-analysis/benchmarks/postgresql-9.5.2/initdb.bc>:timesub:%36	</home/yz489/egg-smol-benchmark-pointer-analysis/benchmarks/postgresql-9.5.2/initdb.bc>:timesub:%cmp46
</home/yz489/egg-smol-benchmark-pointer-analysis/benchmarks/postgresql-9.5.2/initdb.bc>:timesub:%93	</home/yz489/egg-smol-benchmark-pointer-analysis/benchmarks/postgresql-9.5.2/initdb.bc>:timesub:310:0:false
</home/yz489/egg-smol-benchmark-pointer-analysis/benchmarks/postgresql-9.5.2/initdb.bc>:timesub:%93	</home/yz489/egg-smol-benchmark-pointer-analysis/benchmarks/postgresql-9.5.2/initdb.bc>:timesub:%92
</home/yz489/egg-smol-benchmark-pointer-analysis/benchmarks/postgresql-9.5.2/initdb.bc>:timesub:%21	</home/yz489/egg-smol-benchmark-pointer-analysis/benchmarks/postgresql-9.5.2/initdb.bc>:timesub:76:0:true
</home/yz489/egg-smol-benchmark-pointer-analysis/benchmarks/postgresql-9.5.2/initdb.bc>:timesub:%21	</home/yz489/egg-smol-benchmark-pointer-analysis/benchmarks/postgresql-9.5.2/initdb.bc>:timesub:%cmp21
</home/yz489/egg-smol-benchmark-pointer-analysis/benchmarks/postgresql-9.5.2/initdb.bc>:leaps_thru_end_of:%cond	</home/yz489/egg-smol-benchmark-pointer-analysis/benchmarks/postgresql-9.5.2/initdb.bc>:leaps_thru_end_of:%add
</home/yz489/egg-smol-benchmark-pointer-analysis/benchmarks/postgresql-9.5.2/initdb.bc>:leaps_thru_end_of:%cond	</home/yz489/egg-smol-benchmark-pointer-analysis/benchmarks/postgresql-9.5.2/initdb.bc>:leaps_thru_end_of:%sub6
</home/yz489/egg-smol-benchmark-pointer-analysis/benchmarks/postgresql-9.5.2/initdb.bc>:pg_char_to_encoding:%sub.ptr.rhs.cast	</home/yz489/egg-smol-benchmark-pointer-analysis/benchmarks/postgresql-9.5.2/initdb.bc>:pg_char_to_encoding:%12
</home/yz489/egg-smol-benchmark-pointer-analysis/benchmarks/postgresql-9.5.2/initdb.bc>:pg_char_to_encoding:%sub.ptr.lhs.cast	</home/yz489/egg-smol-benchmark-pointer-analysis/benchmarks/postgresql-9.5.2/initdb.bc>:pg_char_to_encoding:%11
</home/yz489/egg-smol-benchmark-pointer-analysis/benchmarks/postgresql-9.5.2/initdb.bc>:pg_valid_server_encoding_id:%2	</home/yz489/egg-smol-benchmark-pointer-analysis/benchmarks/postgresql-9.5.2/initdb.bc>:pg_valid_server_encoding_id:8:0:false
</home/yz489/egg-smol-benchmark-pointer-analysis/benchmarks/postgresql-9.5.2/initdb.bc>:pg_valid_server_encoding_id:%2	</home/yz489/egg-smol-benchmark-pointer-analysis/benchmarks/postgresql-9.5.2/initdb.bc>:pg_valid_server_encoding_id:%cmp1
