*argv-alloc	*argv-alloc
*argv-alloc[0]	*argv-alloc
*global_alloc@.str	*global_alloc@.str
*global_alloc@.str[0]	*global_alloc@.str
*global_alloc@.str.1	*global_alloc@.str.1
*global_alloc@.str.1[0]	*global_alloc@.str.1
*global_alloc@PGTYPESdate_fmt_asc.mapping	*global_alloc@PGTYPESdate_fmt_asc.mapping
*global_alloc@PGTYPESdate_fmt_asc.mapping[0]	*global_alloc@PGTYPESdate_fmt_asc.mapping
*global_alloc@PGTYPESdate_fmt_asc.mapping[0][0]	*global_alloc@PGTYPESdate_fmt_asc.mapping
*global_alloc@PGTYPESdate_fmt_asc.mapping[0][0].?/0	*global_alloc@PGTYPESdate_fmt_asc.mapping
*global_alloc@.str.6	*global_alloc@.str.6
*global_alloc@.str.6[0]	*global_alloc@.str.6
*global_alloc@.str.7	*global_alloc@.str.7
*global_alloc@.str.7[0]	*global_alloc@.str.7
*global_alloc@.str.8	*global_alloc@.str.8
*global_alloc@.str.8[0]	*global_alloc@.str.8
*global_alloc@.str.9	*global_alloc@.str.9
*global_alloc@.str.9[0]	*global_alloc@.str.9
*global_alloc@PGTYPESdate_defmt_asc.token_values	*global_alloc@PGTYPESdate_defmt_asc.token_values
*global_alloc@PGTYPESdate_defmt_asc.token_values[0]	*global_alloc@PGTYPESdate_defmt_asc.token_values
*global_alloc@.str.5	*global_alloc@.str.5
*global_alloc@.str.5[0]	*global_alloc@.str.5
*global_alloc@.str.3	*global_alloc@.str.3
*global_alloc@.str.3[0]	*global_alloc@.str.3
*global_alloc@.str.1.1	*global_alloc@.str.1.1
*global_alloc@.str.1.1[0]	*global_alloc@.str.1.1
*global_alloc@.str.10	*global_alloc@.str.10
*global_alloc@.str.10[0]	*global_alloc@.str.10
*global_alloc@.str.11	*global_alloc@.str.11
*global_alloc@.str.11[0]	*global_alloc@.str.11
*global_alloc@.str.12	*global_alloc@.str.12
*global_alloc@.str.12[0]	*global_alloc@.str.12
*global_alloc@.str.13	*global_alloc@.str.13
*global_alloc@.str.13[0]	*global_alloc@.str.13
*global_alloc@.str.14	*global_alloc@.str.14
*global_alloc@.str.14[0]	*global_alloc@.str.14
*global_alloc@.str.15	*global_alloc@.str.15
*global_alloc@.str.15[0]	*global_alloc@.str.15
*global_alloc@.str.2	*global_alloc@.str.2
*global_alloc@.str.2[0]	*global_alloc@.str.2
*global_alloc@.str.2.3	*global_alloc@.str.2.3
*global_alloc@.str.2.3[0]	*global_alloc@.str.2.3
*global_alloc@.str.4	*global_alloc@.str.4
*global_alloc@.str.4[0]	*global_alloc@.str.4
*global_alloc@.str.16	*global_alloc@.str.16
*global_alloc@.str.16[0]	*global_alloc@.str.16
*global_alloc@.str.1.17	*global_alloc@.str.1.17
*global_alloc@.str.1.17[0]	*global_alloc@.str.1.17
*global_alloc@.str.2.18	*global_alloc@.str.2.18
*global_alloc@.str.2.18[0]	*global_alloc@.str.2.18
*global_alloc@.str.3.19	*global_alloc@.str.3.19
*global_alloc@.str.3.19[0]	*global_alloc@.str.3.19
*global_alloc@.str.4.20	*global_alloc@.str.4.20
*global_alloc@.str.4.20[0]	*global_alloc@.str.4.20
*global_alloc@.str.5.21	*global_alloc@.str.5.21
*global_alloc@.str.5.21[0]	*global_alloc@.str.5.21
*global_alloc@.str.6.22	*global_alloc@.str.6.22
*global_alloc@.str.6.22[0]	*global_alloc@.str.6.22
*global_alloc@day_tab	*global_alloc@day_tab
*global_alloc@day_tab[0]	*global_alloc@day_tab
*global_alloc@months	*global_alloc@months
*global_alloc@months[0]	*global_alloc@months
*global_alloc@months[0][0]	*global_alloc@months
*global_alloc@days	*global_alloc@days
*global_alloc@days[0]	*global_alloc@days
*global_alloc@days[0][0]	*global_alloc@days
*global_alloc@pgtypes_date_weekdays_short	*global_alloc@pgtypes_date_weekdays_short
*global_alloc@pgtypes_date_weekdays_short[0]	*global_alloc@pgtypes_date_weekdays_short
*global_alloc@pgtypes_date_weekdays_short[0][0]	*global_alloc@pgtypes_date_weekdays_short
*global_alloc@pgtypes_date_months	*global_alloc@pgtypes_date_months
*global_alloc@pgtypes_date_months[0]	*global_alloc@pgtypes_date_months
*global_alloc@pgtypes_date_months[0][0]	*global_alloc@pgtypes_date_months
*global_alloc@deltacache	*global_alloc@deltacache
*global_alloc@deltacache[0]	*global_alloc@deltacache
*global_alloc@deltacache[0][0]	*global_alloc@deltacache
*global_alloc@deltatktbl	*global_alloc@deltatktbl
*global_alloc@deltatktbl[0]	*global_alloc@deltatktbl
*global_alloc@.str.37	*global_alloc@.str.37
*global_alloc@.str.37[0]	*global_alloc@.str.37
*global_alloc@.str.38	*global_alloc@.str.38
*global_alloc@.str.38[0]	*global_alloc@.str.38
*global_alloc@.str.39	*global_alloc@.str.39
*global_alloc@.str.39[0]	*global_alloc@.str.39
*global_alloc@.str.40	*global_alloc@.str.40
*global_alloc@.str.40[0]	*global_alloc@.str.40
*global_alloc@.str.41	*global_alloc@.str.41
*global_alloc@.str.41[0]	*global_alloc@.str.41
*global_alloc@.str.42	*global_alloc@.str.42
*global_alloc@.str.42[0]	*global_alloc@.str.42
*global_alloc@.str.43	*global_alloc@.str.43
*global_alloc@.str.43[0]	*global_alloc@.str.43
*global_alloc@.str.44	*global_alloc@.str.44
*global_alloc@.str.44[0]	*global_alloc@.str.44
*global_alloc@.str.45	*global_alloc@.str.45
*global_alloc@.str.45[0]	*global_alloc@.str.45
*global_alloc@.str.46	*global_alloc@.str.46
*global_alloc@.str.46[0]	*global_alloc@.str.46
*global_alloc@.str.47	*global_alloc@.str.47
*global_alloc@.str.47[0]	*global_alloc@.str.47
*global_alloc@.str.48	*global_alloc@.str.48
*global_alloc@.str.48[0]	*global_alloc@.str.48
*global_alloc@.str.49	*global_alloc@.str.49
*global_alloc@.str.49[0]	*global_alloc@.str.49
*global_alloc@.str.50	*global_alloc@.str.50
*global_alloc@.str.50[0]	*global_alloc@.str.50
*global_alloc@.str.51	*global_alloc@.str.51
*global_alloc@.str.51[0]	*global_alloc@.str.51
*global_alloc@.str.52	*global_alloc@.str.52
*global_alloc@.str.52[0]	*global_alloc@.str.52
*global_alloc@.str.53	*global_alloc@.str.53
*global_alloc@.str.53[0]	*global_alloc@.str.53
*global_alloc@.str.54	*global_alloc@.str.54
*global_alloc@.str.54[0]	*global_alloc@.str.54
*global_alloc@.str.55	*global_alloc@.str.55
*global_alloc@.str.55[0]	*global_alloc@.str.55
*global_alloc@.str.56	*global_alloc@.str.56
*global_alloc@.str.56[0]	*global_alloc@.str.56
*global_alloc@.str.57	*global_alloc@.str.57
*global_alloc@.str.57[0]	*global_alloc@.str.57
*global_alloc@.str.58	*global_alloc@.str.58
*global_alloc@.str.58[0]	*global_alloc@.str.58
*global_alloc@.str.59	*global_alloc@.str.59
*global_alloc@.str.59[0]	*global_alloc@.str.59
*global_alloc@.str.60	*global_alloc@.str.60
*global_alloc@.str.60[0]	*global_alloc@.str.60
*global_alloc@.str.61	*global_alloc@.str.61
*global_alloc@.str.61[0]	*global_alloc@.str.61
*global_alloc@.str.62	*global_alloc@.str.62
*global_alloc@.str.62[0]	*global_alloc@.str.62
*global_alloc@.str.63	*global_alloc@.str.63
*global_alloc@.str.63[0]	*global_alloc@.str.63
*global_alloc@.str.64	*global_alloc@.str.64
*global_alloc@.str.64[0]	*global_alloc@.str.64
*global_alloc@.str.65	*global_alloc@.str.65
*global_alloc@.str.65[0]	*global_alloc@.str.65
*global_alloc@.str.66	*global_alloc@.str.66
*global_alloc@.str.66[0]	*global_alloc@.str.66
*global_alloc@.str.67	*global_alloc@.str.67
*global_alloc@.str.67[0]	*global_alloc@.str.67
*global_alloc@.str.68	*global_alloc@.str.68
*global_alloc@.str.68[0]	*global_alloc@.str.68
*global_alloc@.str.69	*global_alloc@.str.69
*global_alloc@.str.69[0]	*global_alloc@.str.69
*global_alloc@.str.70	*global_alloc@.str.70
*global_alloc@.str.70[0]	*global_alloc@.str.70
*global_alloc@.str.71	*global_alloc@.str.71
*global_alloc@.str.71[0]	*global_alloc@.str.71
*global_alloc@.str.72	*global_alloc@.str.72
*global_alloc@.str.72[0]	*global_alloc@.str.72
*global_alloc@.str.73	*global_alloc@.str.73
*global_alloc@.str.73[0]	*global_alloc@.str.73
*global_alloc@.str.74	*global_alloc@.str.74
*global_alloc@.str.74[0]	*global_alloc@.str.74
*global_alloc@.str.75	*global_alloc@.str.75
*global_alloc@.str.75[0]	*global_alloc@.str.75
*global_alloc@.str.76	*global_alloc@.str.76
*global_alloc@.str.76[0]	*global_alloc@.str.76
*global_alloc@datetktbl	*global_alloc@datetktbl
*global_alloc@datetktbl[0]	*global_alloc@datetktbl
*global_alloc@.str.77	*global_alloc@.str.77
*global_alloc@.str.77[0]	*global_alloc@.str.77
*global_alloc@.str.1.78	*global_alloc@.str.1.78
*global_alloc@.str.1.78[0]	*global_alloc@.str.1.78
*global_alloc@.str.2.79	*global_alloc@.str.2.79
*global_alloc@.str.2.79[0]	*global_alloc@.str.2.79
*global_alloc@.str.3.80	*global_alloc@.str.3.80
*global_alloc@.str.3.80[0]	*global_alloc@.str.3.80
*global_alloc@.str.4.81	*global_alloc@.str.4.81
*global_alloc@.str.4.81[0]	*global_alloc@.str.4.81
*global_alloc@.str.5.82	*global_alloc@.str.5.82
*global_alloc@.str.5.82[0]	*global_alloc@.str.5.82
*global_alloc@.str.6.83	*global_alloc@.str.6.83
*global_alloc@.str.6.83[0]	*global_alloc@.str.6.83
*global_alloc@.str.7.84	*global_alloc@.str.7.84
*global_alloc@.str.7.84[0]	*global_alloc@.str.7.84
*global_alloc@.str.8.85	*global_alloc@.str.8.85
*global_alloc@.str.8.85[0]	*global_alloc@.str.8.85
*global_alloc@.str.9.86	*global_alloc@.str.9.86
*global_alloc@.str.9.86[0]	*global_alloc@.str.9.86
*global_alloc@.str.10.87	*global_alloc@.str.10.87
*global_alloc@.str.10.87[0]	*global_alloc@.str.10.87
*global_alloc@.str.11.88	*global_alloc@.str.11.88
*global_alloc@.str.11.88[0]	*global_alloc@.str.11.88
*global_alloc@.str.12.89	*global_alloc@.str.12.89
*global_alloc@.str.12.89[0]	*global_alloc@.str.12.89
*global_alloc@.str.13.90	*global_alloc@.str.13.90
*global_alloc@.str.13.90[0]	*global_alloc@.str.13.90
*global_alloc@.str.14.91	*global_alloc@.str.14.91
*global_alloc@.str.14.91[0]	*global_alloc@.str.14.91
*global_alloc@.str.15.92	*global_alloc@.str.15.92
*global_alloc@.str.15.92[0]	*global_alloc@.str.15.92
*global_alloc@.str.16.93	*global_alloc@.str.16.93
*global_alloc@.str.16.93[0]	*global_alloc@.str.16.93
*global_alloc@.str.17	*global_alloc@.str.17
*global_alloc@.str.17[0]	*global_alloc@.str.17
*global_alloc@.str.18	*global_alloc@.str.18
*global_alloc@.str.18[0]	*global_alloc@.str.18
*global_alloc@.str.19	*global_alloc@.str.19
*global_alloc@.str.19[0]	*global_alloc@.str.19
*global_alloc@.str.20	*global_alloc@.str.20
*global_alloc@.str.20[0]	*global_alloc@.str.20
*global_alloc@.str.21	*global_alloc@.str.21
*global_alloc@.str.21[0]	*global_alloc@.str.21
*global_alloc@.str.22	*global_alloc@.str.22
*global_alloc@.str.22[0]	*global_alloc@.str.22
*global_alloc@.str.23	*global_alloc@.str.23
*global_alloc@.str.23[0]	*global_alloc@.str.23
*global_alloc@.str.24	*global_alloc@.str.24
*global_alloc@.str.24[0]	*global_alloc@.str.24
*global_alloc@.str.25	*global_alloc@.str.25
*global_alloc@.str.25[0]	*global_alloc@.str.25
*global_alloc@.str.26	*global_alloc@.str.26
*global_alloc@.str.26[0]	*global_alloc@.str.26
*global_alloc@.str.27	*global_alloc@.str.27
*global_alloc@.str.27[0]	*global_alloc@.str.27
*global_alloc@.str.28	*global_alloc@.str.28
*global_alloc@.str.28[0]	*global_alloc@.str.28
*global_alloc@.str.29	*global_alloc@.str.29
*global_alloc@.str.29[0]	*global_alloc@.str.29
*global_alloc@.str.30	*global_alloc@.str.30
*global_alloc@.str.30[0]	*global_alloc@.str.30
*global_alloc@.str.31	*global_alloc@.str.31
*global_alloc@.str.31[0]	*global_alloc@.str.31
*global_alloc@.str.32	*global_alloc@.str.32
*global_alloc@.str.32[0]	*global_alloc@.str.32
*global_alloc@.str.33	*global_alloc@.str.33
*global_alloc@.str.33[0]	*global_alloc@.str.33
*global_alloc@.str.34	*global_alloc@.str.34
*global_alloc@.str.34[0]	*global_alloc@.str.34
*global_alloc@.str.35	*global_alloc@.str.35
*global_alloc@.str.35[0]	*global_alloc@.str.35
*global_alloc@.str.36	*global_alloc@.str.36
*global_alloc@.str.36[0]	*global_alloc@.str.36
*global_alloc@datecache	*global_alloc@datecache
*global_alloc@datecache[0]	*global_alloc@datecache
*global_alloc@datecache[0][0]	*global_alloc@datecache
*global_alloc@.str.96	*global_alloc@.str.96
*global_alloc@.str.96[0]	*global_alloc@.str.96
*global_alloc@.str.3.97	*global_alloc@.str.3.97
*global_alloc@.str.3.97[0]	*global_alloc@.str.3.97
*global_alloc@dttofmtasc_replace.tmp	*global_alloc@dttofmtasc_replace.tmp
*global_alloc@dttofmtasc_replace.tmp[0]	*global_alloc@dttofmtasc_replace.tmp
*global_alloc@.str.4.98	*global_alloc@.str.4.98
*global_alloc@.str.4.98[0]	*global_alloc@.str.4.98
*global_alloc@.str.5.99	*global_alloc@.str.5.99
*global_alloc@.str.5.99[0]	*global_alloc@.str.5.99
*global_alloc@.str.6.100	*global_alloc@.str.6.100
*global_alloc@.str.6.100[0]	*global_alloc@.str.6.100
*global_alloc@.str.7.101	*global_alloc@.str.7.101
*global_alloc@.str.7.101[0]	*global_alloc@.str.7.101
*global_alloc@.str.8.102	*global_alloc@.str.8.102
*global_alloc@.str.8.102[0]	*global_alloc@.str.8.102
*global_alloc@.str.9.103	*global_alloc@.str.9.103
*global_alloc@.str.9.103[0]	*global_alloc@.str.9.103
*global_alloc@.str.10.104	*global_alloc@.str.10.104
*global_alloc@.str.10.104[0]	*global_alloc@.str.10.104
*global_alloc@.str.11.105	*global_alloc@.str.11.105
*global_alloc@.str.11.105[0]	*global_alloc@.str.11.105
*global_alloc@.str.12.106	*global_alloc@.str.12.106
*global_alloc@.str.12.106[0]	*global_alloc@.str.12.106
*global_alloc@.str.13.107	*global_alloc@.str.13.107
*global_alloc@.str.13.107[0]	*global_alloc@.str.13.107
*global_alloc@.str.14.108	*global_alloc@.str.14.108
*global_alloc@.str.14.108[0]	*global_alloc@.str.14.108
*global_alloc@.str.15.109	*global_alloc@.str.15.109
*global_alloc@.str.15.109[0]	*global_alloc@.str.15.109
*global_alloc@.str.16.110	*global_alloc@.str.16.110
*global_alloc@.str.16.110[0]	*global_alloc@.str.16.110
*global_alloc@.str.17.111	*global_alloc@.str.17.111
*global_alloc@.str.17.111[0]	*global_alloc@.str.17.111
*global_alloc@.str.18.112	*global_alloc@.str.18.112
*global_alloc@.str.18.112[0]	*global_alloc@.str.18.112
*global_alloc@.str.1.113	*global_alloc@.str.1.113
*global_alloc@.str.1.113[0]	*global_alloc@.str.1.113
*global_alloc@.str.2.114	*global_alloc@.str.2.114
*global_alloc@.str.2.114[0]	*global_alloc@.str.2.114
*global_alloc@.str.115	*global_alloc@.str.115
*global_alloc@.str.115[0]	*global_alloc@.str.115
*global_alloc@.str.1.116	*global_alloc@.str.1.116
*global_alloc@.str.1.116[0]	*global_alloc@.str.1.116
*global_alloc@.str.2.117	*global_alloc@.str.2.117
*global_alloc@.str.2.117[0]	*global_alloc@.str.2.117
*global_alloc@.str.3.118	*global_alloc@.str.3.118
*global_alloc@.str.3.118[0]	*global_alloc@.str.3.118
*global_alloc@.str.4.119	*global_alloc@.str.4.119
*global_alloc@.str.4.119[0]	*global_alloc@.str.4.119
*global_alloc@.str.5.120	*global_alloc@.str.5.120
*global_alloc@.str.5.120[0]	*global_alloc@.str.5.120
*global_alloc@.str.6.121	*global_alloc@.str.6.121
*global_alloc@.str.6.121[0]	*global_alloc@.str.6.121
*global_alloc@.str.7.122	*global_alloc@.str.7.122
*global_alloc@.str.7.122[0]	*global_alloc@.str.7.122
*global_alloc@.str.8.123	*global_alloc@.str.8.123
*global_alloc@.str.8.123[0]	*global_alloc@.str.8.123
*global_alloc@.str.10.124	*global_alloc@.str.10.124
*global_alloc@.str.10.124[0]	*global_alloc@.str.10.124
*global_alloc@.str.11.125	*global_alloc@.str.11.125
*global_alloc@.str.11.125[0]	*global_alloc@.str.11.125
*global_alloc@.str.13.126	*global_alloc@.str.13.126
*global_alloc@.str.13.126[0]	*global_alloc@.str.13.126
*global_alloc@.str.12.127	*global_alloc@.str.12.127
*global_alloc@.str.12.127[0]	*global_alloc@.str.12.127
*global_alloc@.str.9.128	*global_alloc@.str.9.128
*global_alloc@.str.9.128[0]	*global_alloc@.str.9.128
*global_alloc@.str.14.129	*global_alloc@.str.14.129
*global_alloc@.str.14.129[0]	*global_alloc@.str.14.129
*global_alloc@.str.15.130	*global_alloc@.str.15.130
*global_alloc@.str.15.130[0]	*global_alloc@.str.15.130
*global_alloc@.str.16.131	*global_alloc@.str.16.131
*global_alloc@.str.16.131[0]	*global_alloc@.str.16.131
*global_alloc@.str.18.132	*global_alloc@.str.18.132
*global_alloc@.str.18.132[0]	*global_alloc@.str.18.132
*global_alloc@.str.17.133	*global_alloc@.str.17.133
*global_alloc@.str.17.133[0]	*global_alloc@.str.17.133
*global_alloc@.str.19.134	*global_alloc@.str.19.134
*global_alloc@.str.19.134[0]	*global_alloc@.str.19.134
*global_alloc@.str.20.135	*global_alloc@.str.20.135
*global_alloc@.str.20.135[0]	*global_alloc@.str.20.135
*global_alloc@.str.28.136	*global_alloc@.str.28.136
*global_alloc@.str.28.136[0]	*global_alloc@.str.28.136
*global_alloc@.str.27.137	*global_alloc@.str.27.137
*global_alloc@.str.27.137[0]	*global_alloc@.str.27.137
*global_alloc@.str.26.138	*global_alloc@.str.26.138
*global_alloc@.str.26.138[0]	*global_alloc@.str.26.138
*global_alloc@.str.25.139	*global_alloc@.str.25.139
*global_alloc@.str.25.139[0]	*global_alloc@.str.25.139
*global_alloc@.str.21.140	*global_alloc@.str.21.140
*global_alloc@.str.21.140[0]	*global_alloc@.str.21.140
*global_alloc@.str.22.141	*global_alloc@.str.22.141
*global_alloc@.str.22.141[0]	*global_alloc@.str.22.141
*global_alloc@.str.23.142	*global_alloc@.str.23.142
*global_alloc@.str.23.142[0]	*global_alloc@.str.23.142
*global_alloc@.str.24.143	*global_alloc@.str.24.143
*global_alloc@.str.24.143[0]	*global_alloc@.str.24.143
*global_alloc@PGTYPESnumeric_new	*global_alloc@PGTYPESnumeric_new
*global_alloc@PGTYPESdecimal_new	*global_alloc@PGTYPESdecimal_new
*global_alloc@PGTYPESnumeric_from_asc	*global_alloc@PGTYPESnumeric_from_asc
*global_alloc@PGTYPESnumeric_free	*global_alloc@PGTYPESnumeric_free
*global_alloc@PGTYPESnumeric_to_asc	*global_alloc@PGTYPESnumeric_to_asc
*global_alloc@PGTYPESnumeric_copy	*global_alloc@PGTYPESnumeric_copy
*global_alloc@PGTYPESdecimal_free	*global_alloc@PGTYPESdecimal_free
*global_alloc@PGTYPESnumeric_add	*global_alloc@PGTYPESnumeric_add
*global_alloc@PGTYPESnumeric_sub	*global_alloc@PGTYPESnumeric_sub
*global_alloc@PGTYPESnumeric_mul	*global_alloc@PGTYPESnumeric_mul
*global_alloc@PGTYPESnumeric_div	*global_alloc@PGTYPESnumeric_div
*global_alloc@PGTYPESnumeric_cmp	*global_alloc@PGTYPESnumeric_cmp
*global_alloc@PGTYPESnumeric_from_int	*global_alloc@PGTYPESnumeric_from_int
*global_alloc@PGTYPESnumeric_from_long	*global_alloc@PGTYPESnumeric_from_long
*global_alloc@PGTYPESnumeric_from_double	*global_alloc@PGTYPESnumeric_from_double
*global_alloc@PGTYPESnumeric_to_double	*global_alloc@PGTYPESnumeric_to_double
*global_alloc@PGTYPESnumeric_to_int	*global_alloc@PGTYPESnumeric_to_int
*global_alloc@PGTYPESnumeric_to_long	*global_alloc@PGTYPESnumeric_to_long
*global_alloc@PGTYPESnumeric_to_decimal	*global_alloc@PGTYPESnumeric_to_decimal
*global_alloc@PGTYPESnumeric_from_decimal	*global_alloc@PGTYPESnumeric_from_decimal
*global_alloc@alloc_var	*global_alloc@alloc_var
*global_alloc@set_var_from_str	*global_alloc@set_var_from_str
*global_alloc@get_str_from_var	*global_alloc@get_str_from_var
*global_alloc@zero_var	*global_alloc@zero_var
*global_alloc@add_abs	*global_alloc@add_abs
*global_alloc@cmp_abs	*global_alloc@cmp_abs
*global_alloc@sub_abs	*global_alloc@sub_abs
*global_alloc@select_div_scale	*global_alloc@select_div_scale
*global_alloc@numericvar_to_double	*global_alloc@numericvar_to_double
*global_alloc@PGTYPESdate_new	*global_alloc@PGTYPESdate_new
*global_alloc@PGTYPESdate_free	*global_alloc@PGTYPESdate_free
*global_alloc@PGTYPESdate_from_timestamp	*global_alloc@PGTYPESdate_from_timestamp
*global_alloc@PGTYPESdate_from_asc	*global_alloc@PGTYPESdate_from_asc
*global_alloc@PGTYPESdate_to_asc	*global_alloc@PGTYPESdate_to_asc
*global_alloc@PGTYPESdate_julmdy	*global_alloc@PGTYPESdate_julmdy
*global_alloc@PGTYPESdate_mdyjul	*global_alloc@PGTYPESdate_mdyjul
*global_alloc@PGTYPESdate_dayofweek	*global_alloc@PGTYPESdate_dayofweek
*global_alloc@PGTYPESdate_today	*global_alloc@PGTYPESdate_today
*global_alloc@PGTYPESdate_fmt_asc	*global_alloc@PGTYPESdate_fmt_asc
*global_alloc@PGTYPESdate_defmt_asc	*global_alloc@PGTYPESdate_defmt_asc
*global_alloc@pgtypes_alloc	*global_alloc@pgtypes_alloc
*global_alloc@pgtypes_strdup	*global_alloc@pgtypes_strdup
*global_alloc@pgtypes_fmt_replace	*global_alloc@pgtypes_fmt_replace
*global_alloc@DecodeUnits	*global_alloc@DecodeUnits
*global_alloc@date2j	*global_alloc@date2j
*global_alloc@j2date	*global_alloc@j2date
*global_alloc@EncodeDateOnly	*global_alloc@EncodeDateOnly
*global_alloc@TrimTrailingZeros	*global_alloc@TrimTrailingZeros
*global_alloc@EncodeDateTime	*global_alloc@EncodeDateTime
*global_alloc@GetEpochTime	*global_alloc@GetEpochTime
*global_alloc@GetCurrentDateTime	*global_alloc@GetCurrentDateTime
*global_alloc@dt2time	*global_alloc@dt2time
*global_alloc@DecodeTime	*global_alloc@DecodeTime
*global_alloc@ParseDateTime	*global_alloc@ParseDateTime
*global_alloc@DecodeDateTime	*global_alloc@DecodeDateTime
*global_alloc@PGTYPEStimestamp_defmt_scan	*global_alloc@PGTYPEStimestamp_defmt_scan
*global_alloc@datebsearch	*global_alloc@datebsearch
*global_alloc@abstime2tm	*global_alloc@abstime2tm
*global_alloc@DecodeTimezone	*global_alloc@DecodeTimezone
*global_alloc@DecodeNumberField	*global_alloc@DecodeNumberField
*global_alloc@DecodePosixTimezone	*global_alloc@DecodePosixTimezone
*global_alloc@DecodeDate	*global_alloc@DecodeDate
*global_alloc@DecodeNumber	*global_alloc@DecodeNumber
*global_alloc@DecodeSpecial	*global_alloc@DecodeSpecial
*global_alloc@pgtypes_defmt_scan	*global_alloc@pgtypes_defmt_scan
*global_alloc@find_end_token	*global_alloc@find_end_token
*global_alloc@tm2timestamp	*global_alloc@tm2timestamp
*global_alloc@PGTYPEStimestamp_from_asc	*global_alloc@PGTYPEStimestamp_from_asc
*global_alloc@PGTYPEStimestamp_to_asc	*global_alloc@PGTYPEStimestamp_to_asc
*global_alloc@PGTYPEStimestamp_current	*global_alloc@PGTYPEStimestamp_current
*global_alloc@PGTYPEStimestamp_fmt_asc	*global_alloc@PGTYPEStimestamp_fmt_asc
*global_alloc@PGTYPEStimestamp_sub	*global_alloc@PGTYPEStimestamp_sub
*global_alloc@PGTYPEStimestamp_defmt_asc	*global_alloc@PGTYPEStimestamp_defmt_asc
*global_alloc@PGTYPEStimestamp_add_interval	*global_alloc@PGTYPEStimestamp_add_interval
*global_alloc@PGTYPEStimestamp_sub_interval	*global_alloc@PGTYPEStimestamp_sub_interval
*global_alloc@time2t	*global_alloc@time2t
*global_alloc@dt2local	*global_alloc@dt2local
*global_alloc@SetEpochTimestamp	*global_alloc@SetEpochTimestamp
*global_alloc@EncodeSpecialTimestamp	*global_alloc@EncodeSpecialTimestamp
*global_alloc@timestamp2tm	*global_alloc@timestamp2tm
*global_alloc@dttofmtasc_replace	*global_alloc@dttofmtasc_replace
*global_alloc@DecodeInterval	*global_alloc@DecodeInterval
*global_alloc@EncodeInterval	*global_alloc@EncodeInterval
*global_alloc@PGTYPESinterval_new	*global_alloc@PGTYPESinterval_new
*global_alloc@PGTYPESinterval_free	*global_alloc@PGTYPESinterval_free
*global_alloc@PGTYPESinterval_from_asc	*global_alloc@PGTYPESinterval_from_asc
*global_alloc@PGTYPESinterval_to_asc	*global_alloc@PGTYPESinterval_to_asc
*global_alloc@PGTYPESinterval_copy	*global_alloc@PGTYPESinterval_copy
*global_alloc@ClearPgTm	*global_alloc@ClearPgTm
*global_alloc@strtoi	*global_alloc@strtoi
*global_alloc@AdjustFractSeconds	*global_alloc@AdjustFractSeconds
*global_alloc@AdjustFractDays	*global_alloc@AdjustFractDays
*global_alloc@AppendSeconds	*global_alloc@AppendSeconds
*global_alloc@AddISO8601IntPart	*global_alloc@AddISO8601IntPart
*global_alloc@AddPostgresIntPart	*global_alloc@AddPostgresIntPart
*global_alloc@AddVerboseIntPart	*global_alloc@AddVerboseIntPart
*global_alloc@DecodeISO8601Interval	*global_alloc@DecodeISO8601Interval
*global_alloc@tm2interval	*global_alloc@tm2interval
*global_alloc@interval2tm	*global_alloc@interval2tm
*global_alloc@ParseISO8601Number	*global_alloc@ParseISO8601Number
*global_alloc@ISO8601IntegerWidth	*global_alloc@ISO8601IntegerWidth
*global_alloc@pg_strcasecmp	*global_alloc@pg_strcasecmp
*global_alloc@pg_strncasecmp	*global_alloc@pg_strncasecmp
*global_alloc@pg_toupper	*global_alloc@pg_toupper
*global_alloc@pg_tolower	*global_alloc@pg_tolower
*global_alloc@pg_ascii_toupper	*global_alloc@pg_ascii_toupper
*global_alloc@pg_ascii_tolower	*global_alloc@pg_ascii_tolower
*global_alloc@free	*global_alloc@free
*global_alloc@__errno_location	*global_alloc@__errno_location
*global_alloc@sprintf	*global_alloc@sprintf
*global_alloc@strtol	*global_alloc@strtol
*global_alloc@__ctype_b_loc	*global_alloc@__ctype_b_loc
*global_alloc@strlen	*global_alloc@strlen
*global_alloc@strtod	*global_alloc@strtod
*global_alloc@strcpy	*global_alloc@strcpy
*global_alloc@strstr	*global_alloc@strstr
*global_alloc@snprintf	*global_alloc@snprintf
*global_alloc@strncpy	*global_alloc@strncpy
*global_alloc@calloc	*global_alloc@calloc
*global_alloc@strdup	*global_alloc@strdup
*global_alloc@strncmp	*global_alloc@strncmp
*global_alloc@abs	*global_alloc@abs
*global_alloc@gmtime	*global_alloc@gmtime
*global_alloc@time	*global_alloc@time
*global_alloc@strchr	*global_alloc@strchr
*global_alloc@strcat	*global_alloc@strcat
*global_alloc@localtime	*global_alloc@localtime
*global_alloc@atoi	*global_alloc@atoi
*global_alloc@strftime	*global_alloc@strftime
*global_alloc@rint	*global_alloc@rint
*global_alloc@floor	*global_alloc@floor
*global_alloc@strspn	*global_alloc@strspn
*global_alloc@tolower	*global_alloc@tolower
*global_alloc@toupper	*global_alloc@toupper
*global_alloc@llvm.memset.p0i8.i64	*global_alloc@llvm.memset.p0i8.i64
*global_alloc@llvm.memcpy.p0i8.p0i8.i64	*global_alloc@llvm.memcpy.p0i8.p0i8.i64
*argv-alloc[*]	*argv-alloc[*]
*global_alloc@.str[*]	*global_alloc@.str[*]
*global_alloc@.str.1[*]	*global_alloc@.str.1[*]
*global_alloc@PGTYPESdate_fmt_asc.mapping[*]	*global_alloc@PGTYPESdate_fmt_asc.mapping[*]
*global_alloc@PGTYPESdate_fmt_asc.mapping[*][0]	*global_alloc@PGTYPESdate_fmt_asc.mapping[*]
*global_alloc@PGTYPESdate_fmt_asc.mapping[*][0].?/0	*global_alloc@PGTYPESdate_fmt_asc.mapping[*]
*global_alloc@.str.6[*]	*global_alloc@.str.6[*]
*global_alloc@.str.7[*]	*global_alloc@.str.7[*]
*global_alloc@.str.8[*]	*global_alloc@.str.8[*]
*global_alloc@.str.9[*]	*global_alloc@.str.9[*]
*global_alloc@PGTYPESdate_defmt_asc.token_values[*]	*global_alloc@PGTYPESdate_defmt_asc.token_values[*]
*global_alloc@.str.5[*]	*global_alloc@.str.5[*]
*global_alloc@.str.3[*]	*global_alloc@.str.3[*]
*global_alloc@.str.1.1[*]	*global_alloc@.str.1.1[*]
*global_alloc@.str.10[*]	*global_alloc@.str.10[*]
*global_alloc@.str.11[*]	*global_alloc@.str.11[*]
*global_alloc@.str.12[*]	*global_alloc@.str.12[*]
*global_alloc@.str.13[*]	*global_alloc@.str.13[*]
*global_alloc@.str.14[*]	*global_alloc@.str.14[*]
*global_alloc@.str.15[*]	*global_alloc@.str.15[*]
*global_alloc@.str.2[*]	*global_alloc@.str.2[*]
*global_alloc@.str.2.3[*]	*global_alloc@.str.2.3[*]
*global_alloc@.str.4[*]	*global_alloc@.str.4[*]
*global_alloc@.str.16[*]	*global_alloc@.str.16[*]
*global_alloc@.str.1.17[*]	*global_alloc@.str.1.17[*]
*global_alloc@.str.2.18[*]	*global_alloc@.str.2.18[*]
*global_alloc@.str.3.19[*]	*global_alloc@.str.3.19[*]
*global_alloc@.str.4.20[*]	*global_alloc@.str.4.20[*]
*global_alloc@.str.5.21[*]	*global_alloc@.str.5.21[*]
*global_alloc@.str.6.22[*]	*global_alloc@.str.6.22[*]
*global_alloc@day_tab[*]	*global_alloc@day_tab[*]
*global_alloc@months[*]	*global_alloc@months[*]
*global_alloc@months[*][0]	*global_alloc@months[*]
*global_alloc@days[*]	*global_alloc@days[*]
*global_alloc@days[*][0]	*global_alloc@days[*]
*global_alloc@pgtypes_date_weekdays_short[*]	*global_alloc@pgtypes_date_weekdays_short[*]
*global_alloc@pgtypes_date_weekdays_short[*][0]	*global_alloc@pgtypes_date_weekdays_short[*]
*global_alloc@pgtypes_date_months[*]	*global_alloc@pgtypes_date_months[*]
*global_alloc@pgtypes_date_months[*][0]	*global_alloc@pgtypes_date_months[*]
*global_alloc@deltacache[*]	*global_alloc@deltacache[*]
*global_alloc@deltacache[*][0]	*global_alloc@deltacache[*]
*global_alloc@deltatktbl[*]	*global_alloc@deltatktbl[*]
*global_alloc@.str.37[*]	*global_alloc@.str.37[*]
*global_alloc@.str.38[*]	*global_alloc@.str.38[*]
*global_alloc@.str.39[*]	*global_alloc@.str.39[*]
*global_alloc@.str.40[*]	*global_alloc@.str.40[*]
*global_alloc@.str.41[*]	*global_alloc@.str.41[*]
*global_alloc@.str.42[*]	*global_alloc@.str.42[*]
*global_alloc@.str.43[*]	*global_alloc@.str.43[*]
*global_alloc@.str.44[*]	*global_alloc@.str.44[*]
*global_alloc@.str.45[*]	*global_alloc@.str.45[*]
*global_alloc@.str.46[*]	*global_alloc@.str.46[*]
*global_alloc@.str.47[*]	*global_alloc@.str.47[*]
*global_alloc@.str.48[*]	*global_alloc@.str.48[*]
*global_alloc@.str.49[*]	*global_alloc@.str.49[*]
*global_alloc@.str.50[*]	*global_alloc@.str.50[*]
*global_alloc@.str.51[*]	*global_alloc@.str.51[*]
*global_alloc@.str.52[*]	*global_alloc@.str.52[*]
*global_alloc@.str.53[*]	*global_alloc@.str.53[*]
*global_alloc@.str.54[*]	*global_alloc@.str.54[*]
*global_alloc@.str.55[*]	*global_alloc@.str.55[*]
*global_alloc@.str.56[*]	*global_alloc@.str.56[*]
*global_alloc@.str.57[*]	*global_alloc@.str.57[*]
*global_alloc@.str.58[*]	*global_alloc@.str.58[*]
*global_alloc@.str.59[*]	*global_alloc@.str.59[*]
*global_alloc@.str.60[*]	*global_alloc@.str.60[*]
*global_alloc@.str.61[*]	*global_alloc@.str.61[*]
*global_alloc@.str.62[*]	*global_alloc@.str.62[*]
*global_alloc@.str.63[*]	*global_alloc@.str.63[*]
*global_alloc@.str.64[*]	*global_alloc@.str.64[*]
*global_alloc@.str.65[*]	*global_alloc@.str.65[*]
*global_alloc@.str.66[*]	*global_alloc@.str.66[*]
*global_alloc@.str.67[*]	*global_alloc@.str.67[*]
*global_alloc@.str.68[*]	*global_alloc@.str.68[*]
*global_alloc@.str.69[*]	*global_alloc@.str.69[*]
*global_alloc@.str.70[*]	*global_alloc@.str.70[*]
*global_alloc@.str.71[*]	*global_alloc@.str.71[*]
*global_alloc@.str.72[*]	*global_alloc@.str.72[*]
*global_alloc@.str.73[*]	*global_alloc@.str.73[*]
*global_alloc@.str.74[*]	*global_alloc@.str.74[*]
*global_alloc@.str.75[*]	*global_alloc@.str.75[*]
*global_alloc@.str.76[*]	*global_alloc@.str.76[*]
*global_alloc@datetktbl[*]	*global_alloc@datetktbl[*]
*global_alloc@.str.77[*]	*global_alloc@.str.77[*]
*global_alloc@.str.1.78[*]	*global_alloc@.str.1.78[*]
*global_alloc@.str.2.79[*]	*global_alloc@.str.2.79[*]
*global_alloc@.str.3.80[*]	*global_alloc@.str.3.80[*]
*global_alloc@.str.4.81[*]	*global_alloc@.str.4.81[*]
*global_alloc@.str.5.82[*]	*global_alloc@.str.5.82[*]
*global_alloc@.str.6.83[*]	*global_alloc@.str.6.83[*]
*global_alloc@.str.7.84[*]	*global_alloc@.str.7.84[*]
*global_alloc@.str.8.85[*]	*global_alloc@.str.8.85[*]
*global_alloc@.str.9.86[*]	*global_alloc@.str.9.86[*]
*global_alloc@.str.10.87[*]	*global_alloc@.str.10.87[*]
*global_alloc@.str.11.88[*]	*global_alloc@.str.11.88[*]
*global_alloc@.str.12.89[*]	*global_alloc@.str.12.89[*]
*global_alloc@.str.13.90[*]	*global_alloc@.str.13.90[*]
*global_alloc@.str.14.91[*]	*global_alloc@.str.14.91[*]
*global_alloc@.str.15.92[*]	*global_alloc@.str.15.92[*]
*global_alloc@.str.16.93[*]	*global_alloc@.str.16.93[*]
*global_alloc@.str.17[*]	*global_alloc@.str.17[*]
*global_alloc@.str.18[*]	*global_alloc@.str.18[*]
*global_alloc@.str.19[*]	*global_alloc@.str.19[*]
*global_alloc@.str.20[*]	*global_alloc@.str.20[*]
*global_alloc@.str.21[*]	*global_alloc@.str.21[*]
*global_alloc@.str.22[*]	*global_alloc@.str.22[*]
*global_alloc@.str.23[*]	*global_alloc@.str.23[*]
*global_alloc@.str.24[*]	*global_alloc@.str.24[*]
*global_alloc@.str.25[*]	*global_alloc@.str.25[*]
*global_alloc@.str.26[*]	*global_alloc@.str.26[*]
*global_alloc@.str.27[*]	*global_alloc@.str.27[*]
*global_alloc@.str.28[*]	*global_alloc@.str.28[*]
*global_alloc@.str.29[*]	*global_alloc@.str.29[*]
*global_alloc@.str.30[*]	*global_alloc@.str.30[*]
*global_alloc@.str.31[*]	*global_alloc@.str.31[*]
*global_alloc@.str.32[*]	*global_alloc@.str.32[*]
*global_alloc@.str.33[*]	*global_alloc@.str.33[*]
*global_alloc@.str.34[*]	*global_alloc@.str.34[*]
*global_alloc@.str.35[*]	*global_alloc@.str.35[*]
*global_alloc@.str.36[*]	*global_alloc@.str.36[*]
*global_alloc@datecache[*]	*global_alloc@datecache[*]
*global_alloc@datecache[*][0]	*global_alloc@datecache[*]
*global_alloc@.str.96[*]	*global_alloc@.str.96[*]
*global_alloc@.str.3.97[*]	*global_alloc@.str.3.97[*]
*global_alloc@dttofmtasc_replace.tmp[*]	*global_alloc@dttofmtasc_replace.tmp[*]
*global_alloc@.str.4.98[*]	*global_alloc@.str.4.98[*]
*global_alloc@.str.5.99[*]	*global_alloc@.str.5.99[*]
*global_alloc@.str.6.100[*]	*global_alloc@.str.6.100[*]
*global_alloc@.str.7.101[*]	*global_alloc@.str.7.101[*]
*global_alloc@.str.8.102[*]	*global_alloc@.str.8.102[*]
*global_alloc@.str.9.103[*]	*global_alloc@.str.9.103[*]
*global_alloc@.str.10.104[*]	*global_alloc@.str.10.104[*]
*global_alloc@.str.11.105[*]	*global_alloc@.str.11.105[*]
*global_alloc@.str.12.106[*]	*global_alloc@.str.12.106[*]
*global_alloc@.str.13.107[*]	*global_alloc@.str.13.107[*]
*global_alloc@.str.14.108[*]	*global_alloc@.str.14.108[*]
*global_alloc@.str.15.109[*]	*global_alloc@.str.15.109[*]
*global_alloc@.str.16.110[*]	*global_alloc@.str.16.110[*]
*global_alloc@.str.17.111[*]	*global_alloc@.str.17.111[*]
*global_alloc@.str.18.112[*]	*global_alloc@.str.18.112[*]
*global_alloc@.str.1.113[*]	*global_alloc@.str.1.113[*]
*global_alloc@.str.2.114[*]	*global_alloc@.str.2.114[*]
*global_alloc@.str.115[*]	*global_alloc@.str.115[*]
*global_alloc@.str.1.116[*]	*global_alloc@.str.1.116[*]
*global_alloc@.str.2.117[*]	*global_alloc@.str.2.117[*]
*global_alloc@.str.3.118[*]	*global_alloc@.str.3.118[*]
*global_alloc@.str.4.119[*]	*global_alloc@.str.4.119[*]
*global_alloc@.str.5.120[*]	*global_alloc@.str.5.120[*]
*global_alloc@.str.6.121[*]	*global_alloc@.str.6.121[*]
*global_alloc@.str.7.122[*]	*global_alloc@.str.7.122[*]
*global_alloc@.str.8.123[*]	*global_alloc@.str.8.123[*]
*global_alloc@.str.10.124[*]	*global_alloc@.str.10.124[*]
*global_alloc@.str.11.125[*]	*global_alloc@.str.11.125[*]
*global_alloc@.str.13.126[*]	*global_alloc@.str.13.126[*]
*global_alloc@.str.12.127[*]	*global_alloc@.str.12.127[*]
*global_alloc@.str.9.128[*]	*global_alloc@.str.9.128[*]
*global_alloc@.str.14.129[*]	*global_alloc@.str.14.129[*]
*global_alloc@.str.15.130[*]	*global_alloc@.str.15.130[*]
*global_alloc@.str.16.131[*]	*global_alloc@.str.16.131[*]
*global_alloc@.str.18.132[*]	*global_alloc@.str.18.132[*]
*global_alloc@.str.17.133[*]	*global_alloc@.str.17.133[*]
*global_alloc@.str.19.134[*]	*global_alloc@.str.19.134[*]
*global_alloc@.str.20.135[*]	*global_alloc@.str.20.135[*]
*global_alloc@.str.28.136[*]	*global_alloc@.str.28.136[*]
*global_alloc@.str.27.137[*]	*global_alloc@.str.27.137[*]
*global_alloc@.str.26.138[*]	*global_alloc@.str.26.138[*]
*global_alloc@.str.25.139[*]	*global_alloc@.str.25.139[*]
*global_alloc@.str.21.140[*]	*global_alloc@.str.21.140[*]
*global_alloc@.str.22.141[*]	*global_alloc@.str.22.141[*]
*global_alloc@.str.23.142[*]	*global_alloc@.str.23.142[*]
*global_alloc@.str.24.143[*]	*global_alloc@.str.24.143[*]
*argv-alloc	*argv-alloc[0]
*argv-alloc[0]	*argv-alloc[0]
*argv-alloc[1]	*argv-alloc[1]
*argv[0]-alloc	*argv[0]-alloc
*argv[0]-alloc[0]	*argv[0]-alloc
*argv[1]-alloc	*argv[1]-alloc
*argv[1]-alloc[0]	*argv[1]-alloc
*global_alloc@.str	*global_alloc@.str[0]
*global_alloc@.str[0]	*global_alloc@.str[0]
*global_alloc@.str.1	*global_alloc@.str.1[0]
*global_alloc@.str.1[0]	*global_alloc@.str.1[0]
*global_alloc@PGTYPESdate_fmt_asc.mapping	*global_alloc@PGTYPESdate_fmt_asc.mapping[0]
*global_alloc@PGTYPESdate_fmt_asc.mapping[0]	*global_alloc@PGTYPESdate_fmt_asc.mapping[0]
*global_alloc@PGTYPESdate_fmt_asc.mapping[0][0]	*global_alloc@PGTYPESdate_fmt_asc.mapping[0]
*global_alloc@PGTYPESdate_fmt_asc.mapping[0][0].?/0	*global_alloc@PGTYPESdate_fmt_asc.mapping[0]
*global_alloc@.str.6	*global_alloc@.str.6[0]
*global_alloc@.str.6[0]	*global_alloc@.str.6[0]
*global_alloc@.str.7	*global_alloc@.str.7[0]
*global_alloc@.str.7[0]	*global_alloc@.str.7[0]
*global_alloc@.str.8	*global_alloc@.str.8[0]
*global_alloc@.str.8[0]	*global_alloc@.str.8[0]
*global_alloc@.str.9	*global_alloc@.str.9[0]
*global_alloc@.str.9[0]	*global_alloc@.str.9[0]
*global_alloc@PGTYPESdate_defmt_asc.token_values	*global_alloc@PGTYPESdate_defmt_asc.token_values[0]
*global_alloc@PGTYPESdate_defmt_asc.token_values[0]	*global_alloc@PGTYPESdate_defmt_asc.token_values[0]
*global_alloc@.str.5	*global_alloc@.str.5[0]
*global_alloc@.str.5[0]	*global_alloc@.str.5[0]
*global_alloc@.str.3	*global_alloc@.str.3[0]
*global_alloc@.str.3[0]	*global_alloc@.str.3[0]
*global_alloc@.str.1.1	*global_alloc@.str.1.1[0]
*global_alloc@.str.1.1[0]	*global_alloc@.str.1.1[0]
*global_alloc@.str.10	*global_alloc@.str.10[0]
*global_alloc@.str.10[0]	*global_alloc@.str.10[0]
*global_alloc@.str.11	*global_alloc@.str.11[0]
*global_alloc@.str.11[0]	*global_alloc@.str.11[0]
*global_alloc@.str.12	*global_alloc@.str.12[0]
*global_alloc@.str.12[0]	*global_alloc@.str.12[0]
*global_alloc@.str.13	*global_alloc@.str.13[0]
*global_alloc@.str.13[0]	*global_alloc@.str.13[0]
*global_alloc@.str.14	*global_alloc@.str.14[0]
*global_alloc@.str.14[0]	*global_alloc@.str.14[0]
*global_alloc@.str.15	*global_alloc@.str.15[0]
*global_alloc@.str.15[0]	*global_alloc@.str.15[0]
*global_alloc@.str.2	*global_alloc@.str.2[0]
*global_alloc@.str.2[0]	*global_alloc@.str.2[0]
*global_alloc@.str.2.3	*global_alloc@.str.2.3[0]
*global_alloc@.str.2.3[0]	*global_alloc@.str.2.3[0]
*global_alloc@.str.4	*global_alloc@.str.4[0]
*global_alloc@.str.4[0]	*global_alloc@.str.4[0]
*global_alloc@.str.16	*global_alloc@.str.16[0]
*global_alloc@.str.16[0]	*global_alloc@.str.16[0]
*global_alloc@.str.1.17	*global_alloc@.str.1.17[0]
*global_alloc@.str.1.17[0]	*global_alloc@.str.1.17[0]
*global_alloc@.str.2.18	*global_alloc@.str.2.18[0]
*global_alloc@.str.2.18[0]	*global_alloc@.str.2.18[0]
*global_alloc@.str.3.19	*global_alloc@.str.3.19[0]
*global_alloc@.str.3.19[0]	*global_alloc@.str.3.19[0]
*global_alloc@.str.4.20	*global_alloc@.str.4.20[0]
*global_alloc@.str.4.20[0]	*global_alloc@.str.4.20[0]
*global_alloc@.str.5.21	*global_alloc@.str.5.21[0]
*global_alloc@.str.5.21[0]	*global_alloc@.str.5.21[0]
*global_alloc@.str.6.22	*global_alloc@.str.6.22[0]
*global_alloc@.str.6.22[0]	*global_alloc@.str.6.22[0]
*global_alloc@day_tab	*global_alloc@day_tab[0]
*global_alloc@day_tab[0]	*global_alloc@day_tab[0]
*global_alloc@months	*global_alloc@months[0]
*global_alloc@months[0]	*global_alloc@months[0]
*global_alloc@months[0][0]	*global_alloc@months[0]
*global_alloc@days	*global_alloc@days[0]
*global_alloc@days[0]	*global_alloc@days[0]
*global_alloc@days[0][0]	*global_alloc@days[0]
*global_alloc@pgtypes_date_weekdays_short	*global_alloc@pgtypes_date_weekdays_short[0]
*global_alloc@pgtypes_date_weekdays_short[0]	*global_alloc@pgtypes_date_weekdays_short[0]
*global_alloc@pgtypes_date_weekdays_short[0][0]	*global_alloc@pgtypes_date_weekdays_short[0]
*global_alloc@pgtypes_date_months	*global_alloc@pgtypes_date_months[0]
*global_alloc@pgtypes_date_months[0]	*global_alloc@pgtypes_date_months[0]
*global_alloc@pgtypes_date_months[0][0]	*global_alloc@pgtypes_date_months[0]
*global_alloc@deltacache	*global_alloc@deltacache[0]
*global_alloc@deltacache[0]	*global_alloc@deltacache[0]
*global_alloc@deltacache[0][0]	*global_alloc@deltacache[0]
*global_alloc@deltatktbl	*global_alloc@deltatktbl[0]
*global_alloc@deltatktbl[0]	*global_alloc@deltatktbl[0]
*global_alloc@.str.37	*global_alloc@.str.37[0]
*global_alloc@.str.37[0]	*global_alloc@.str.37[0]
*global_alloc@.str.38	*global_alloc@.str.38[0]
*global_alloc@.str.38[0]	*global_alloc@.str.38[0]
*global_alloc@.str.39	*global_alloc@.str.39[0]
*global_alloc@.str.39[0]	*global_alloc@.str.39[0]
*global_alloc@.str.40	*global_alloc@.str.40[0]
*global_alloc@.str.40[0]	*global_alloc@.str.40[0]
*global_alloc@.str.41	*global_alloc@.str.41[0]
*global_alloc@.str.41[0]	*global_alloc@.str.41[0]
*global_alloc@.str.42	*global_alloc@.str.42[0]
*global_alloc@.str.42[0]	*global_alloc@.str.42[0]
*global_alloc@.str.43	*global_alloc@.str.43[0]
*global_alloc@.str.43[0]	*global_alloc@.str.43[0]
*global_alloc@.str.44	*global_alloc@.str.44[0]
*global_alloc@.str.44[0]	*global_alloc@.str.44[0]
*global_alloc@.str.45	*global_alloc@.str.45[0]
*global_alloc@.str.45[0]	*global_alloc@.str.45[0]
*global_alloc@.str.46	*global_alloc@.str.46[0]
*global_alloc@.str.46[0]	*global_alloc@.str.46[0]
*global_alloc@.str.47	*global_alloc@.str.47[0]
*global_alloc@.str.47[0]	*global_alloc@.str.47[0]
*global_alloc@.str.48	*global_alloc@.str.48[0]
*global_alloc@.str.48[0]	*global_alloc@.str.48[0]
*global_alloc@.str.49	*global_alloc@.str.49[0]
*global_alloc@.str.49[0]	*global_alloc@.str.49[0]
*global_alloc@.str.50	*global_alloc@.str.50[0]
*global_alloc@.str.50[0]	*global_alloc@.str.50[0]
*global_alloc@.str.51	*global_alloc@.str.51[0]
*global_alloc@.str.51[0]	*global_alloc@.str.51[0]
*global_alloc@.str.52	*global_alloc@.str.52[0]
*global_alloc@.str.52[0]	*global_alloc@.str.52[0]
*global_alloc@.str.53	*global_alloc@.str.53[0]
*global_alloc@.str.53[0]	*global_alloc@.str.53[0]
*global_alloc@.str.54	*global_alloc@.str.54[0]
*global_alloc@.str.54[0]	*global_alloc@.str.54[0]
*global_alloc@.str.55	*global_alloc@.str.55[0]
*global_alloc@.str.55[0]	*global_alloc@.str.55[0]
*global_alloc@.str.56	*global_alloc@.str.56[0]
*global_alloc@.str.56[0]	*global_alloc@.str.56[0]
*global_alloc@.str.57	*global_alloc@.str.57[0]
*global_alloc@.str.57[0]	*global_alloc@.str.57[0]
*global_alloc@.str.58	*global_alloc@.str.58[0]
*global_alloc@.str.58[0]	*global_alloc@.str.58[0]
*global_alloc@.str.59	*global_alloc@.str.59[0]
*global_alloc@.str.59[0]	*global_alloc@.str.59[0]
*global_alloc@.str.60	*global_alloc@.str.60[0]
*global_alloc@.str.60[0]	*global_alloc@.str.60[0]
*global_alloc@.str.61	*global_alloc@.str.61[0]
*global_alloc@.str.61[0]	*global_alloc@.str.61[0]
*global_alloc@.str.62	*global_alloc@.str.62[0]
*global_alloc@.str.62[0]	*global_alloc@.str.62[0]
*global_alloc@.str.63	*global_alloc@.str.63[0]
*global_alloc@.str.63[0]	*global_alloc@.str.63[0]
*global_alloc@.str.64	*global_alloc@.str.64[0]
*global_alloc@.str.64[0]	*global_alloc@.str.64[0]
*global_alloc@.str.65	*global_alloc@.str.65[0]
*global_alloc@.str.65[0]	*global_alloc@.str.65[0]
*global_alloc@.str.66	*global_alloc@.str.66[0]
*global_alloc@.str.66[0]	*global_alloc@.str.66[0]
*global_alloc@.str.67	*global_alloc@.str.67[0]
*global_alloc@.str.67[0]	*global_alloc@.str.67[0]
*global_alloc@.str.68	*global_alloc@.str.68[0]
*global_alloc@.str.68[0]	*global_alloc@.str.68[0]
*global_alloc@.str.69	*global_alloc@.str.69[0]
*global_alloc@.str.69[0]	*global_alloc@.str.69[0]
*global_alloc@.str.70	*global_alloc@.str.70[0]
*global_alloc@.str.70[0]	*global_alloc@.str.70[0]
*global_alloc@.str.71	*global_alloc@.str.71[0]
*global_alloc@.str.71[0]	*global_alloc@.str.71[0]
*global_alloc@.str.72	*global_alloc@.str.72[0]
*global_alloc@.str.72[0]	*global_alloc@.str.72[0]
*global_alloc@.str.73	*global_alloc@.str.73[0]
*global_alloc@.str.73[0]	*global_alloc@.str.73[0]
*global_alloc@.str.74	*global_alloc@.str.74[0]
*global_alloc@.str.74[0]	*global_alloc@.str.74[0]
*global_alloc@.str.75	*global_alloc@.str.75[0]
*global_alloc@.str.75[0]	*global_alloc@.str.75[0]
*global_alloc@.str.76	*global_alloc@.str.76[0]
*global_alloc@.str.76[0]	*global_alloc@.str.76[0]
*global_alloc@datetktbl	*global_alloc@datetktbl[0]
*global_alloc@datetktbl[0]	*global_alloc@datetktbl[0]
*global_alloc@.str.77	*global_alloc@.str.77[0]
*global_alloc@.str.77[0]	*global_alloc@.str.77[0]
*global_alloc@.str.1.78	*global_alloc@.str.1.78[0]
*global_alloc@.str.1.78[0]	*global_alloc@.str.1.78[0]
*global_alloc@.str.2.79	*global_alloc@.str.2.79[0]
*global_alloc@.str.2.79[0]	*global_alloc@.str.2.79[0]
*global_alloc@.str.3.80	*global_alloc@.str.3.80[0]
*global_alloc@.str.3.80[0]	*global_alloc@.str.3.80[0]
*global_alloc@.str.4.81	*global_alloc@.str.4.81[0]
*global_alloc@.str.4.81[0]	*global_alloc@.str.4.81[0]
*global_alloc@.str.5.82	*global_alloc@.str.5.82[0]
*global_alloc@.str.5.82[0]	*global_alloc@.str.5.82[0]
*global_alloc@.str.6.83	*global_alloc@.str.6.83[0]
*global_alloc@.str.6.83[0]	*global_alloc@.str.6.83[0]
*global_alloc@.str.7.84	*global_alloc@.str.7.84[0]
*global_alloc@.str.7.84[0]	*global_alloc@.str.7.84[0]
*global_alloc@.str.8.85	*global_alloc@.str.8.85[0]
*global_alloc@.str.8.85[0]	*global_alloc@.str.8.85[0]
*global_alloc@.str.9.86	*global_alloc@.str.9.86[0]
*global_alloc@.str.9.86[0]	*global_alloc@.str.9.86[0]
*global_alloc@.str.10.87	*global_alloc@.str.10.87[0]
*global_alloc@.str.10.87[0]	*global_alloc@.str.10.87[0]
*global_alloc@.str.11.88	*global_alloc@.str.11.88[0]
*global_alloc@.str.11.88[0]	*global_alloc@.str.11.88[0]
*global_alloc@.str.12.89	*global_alloc@.str.12.89[0]
*global_alloc@.str.12.89[0]	*global_alloc@.str.12.89[0]
*global_alloc@.str.13.90	*global_alloc@.str.13.90[0]
*global_alloc@.str.13.90[0]	*global_alloc@.str.13.90[0]
*global_alloc@.str.14.91	*global_alloc@.str.14.91[0]
*global_alloc@.str.14.91[0]	*global_alloc@.str.14.91[0]
*global_alloc@.str.15.92	*global_alloc@.str.15.92[0]
*global_alloc@.str.15.92[0]	*global_alloc@.str.15.92[0]
*global_alloc@.str.16.93	*global_alloc@.str.16.93[0]
*global_alloc@.str.16.93[0]	*global_alloc@.str.16.93[0]
*global_alloc@.str.17	*global_alloc@.str.17[0]
*global_alloc@.str.17[0]	*global_alloc@.str.17[0]
*global_alloc@.str.18	*global_alloc@.str.18[0]
*global_alloc@.str.18[0]	*global_alloc@.str.18[0]
*global_alloc@.str.19	*global_alloc@.str.19[0]
*global_alloc@.str.19[0]	*global_alloc@.str.19[0]
*global_alloc@.str.20	*global_alloc@.str.20[0]
*global_alloc@.str.20[0]	*global_alloc@.str.20[0]
*global_alloc@.str.21	*global_alloc@.str.21[0]
*global_alloc@.str.21[0]	*global_alloc@.str.21[0]
*global_alloc@.str.22	*global_alloc@.str.22[0]
*global_alloc@.str.22[0]	*global_alloc@.str.22[0]
*global_alloc@.str.23	*global_alloc@.str.23[0]
*global_alloc@.str.23[0]	*global_alloc@.str.23[0]
*global_alloc@.str.24	*global_alloc@.str.24[0]
*global_alloc@.str.24[0]	*global_alloc@.str.24[0]
*global_alloc@.str.25	*global_alloc@.str.25[0]
*global_alloc@.str.25[0]	*global_alloc@.str.25[0]
*global_alloc@.str.26	*global_alloc@.str.26[0]
*global_alloc@.str.26[0]	*global_alloc@.str.26[0]
*global_alloc@.str.27	*global_alloc@.str.27[0]
*global_alloc@.str.27[0]	*global_alloc@.str.27[0]
*global_alloc@.str.28	*global_alloc@.str.28[0]
*global_alloc@.str.28[0]	*global_alloc@.str.28[0]
*global_alloc@.str.29	*global_alloc@.str.29[0]
*global_alloc@.str.29[0]	*global_alloc@.str.29[0]
*global_alloc@.str.30	*global_alloc@.str.30[0]
*global_alloc@.str.30[0]	*global_alloc@.str.30[0]
*global_alloc@.str.31	*global_alloc@.str.31[0]
*global_alloc@.str.31[0]	*global_alloc@.str.31[0]
*global_alloc@.str.32	*global_alloc@.str.32[0]
*global_alloc@.str.32[0]	*global_alloc@.str.32[0]
*global_alloc@.str.33	*global_alloc@.str.33[0]
*global_alloc@.str.33[0]	*global_alloc@.str.33[0]
*global_alloc@.str.34	*global_alloc@.str.34[0]
*global_alloc@.str.34[0]	*global_alloc@.str.34[0]
*global_alloc@.str.35	*global_alloc@.str.35[0]
*global_alloc@.str.35[0]	*global_alloc@.str.35[0]
*global_alloc@.str.36	*global_alloc@.str.36[0]
*global_alloc@.str.36[0]	*global_alloc@.str.36[0]
*global_alloc@datecache	*global_alloc@datecache[0]
*global_alloc@datecache[0]	*global_alloc@datecache[0]
*global_alloc@datecache[0][0]	*global_alloc@datecache[0]
*global_alloc@.str.96	*global_alloc@.str.96[0]
*global_alloc@.str.96[0]	*global_alloc@.str.96[0]
*global_alloc@.str.3.97	*global_alloc@.str.3.97[0]
*global_alloc@.str.3.97[0]	*global_alloc@.str.3.97[0]
*global_alloc@dttofmtasc_replace.tmp	*global_alloc@dttofmtasc_replace.tmp[0]
*global_alloc@dttofmtasc_replace.tmp[0]	*global_alloc@dttofmtasc_replace.tmp[0]
*global_alloc@.str.4.98	*global_alloc@.str.4.98[0]
*global_alloc@.str.4.98[0]	*global_alloc@.str.4.98[0]
*global_alloc@.str.5.99	*global_alloc@.str.5.99[0]
*global_alloc@.str.5.99[0]	*global_alloc@.str.5.99[0]
*global_alloc@.str.6.100	*global_alloc@.str.6.100[0]
*global_alloc@.str.6.100[0]	*global_alloc@.str.6.100[0]
*global_alloc@.str.7.101	*global_alloc@.str.7.101[0]
*global_alloc@.str.7.101[0]	*global_alloc@.str.7.101[0]
*global_alloc@.str.8.102	*global_alloc@.str.8.102[0]
*global_alloc@.str.8.102[0]	*global_alloc@.str.8.102[0]
*global_alloc@.str.9.103	*global_alloc@.str.9.103[0]
*global_alloc@.str.9.103[0]	*global_alloc@.str.9.103[0]
*global_alloc@.str.10.104	*global_alloc@.str.10.104[0]
*global_alloc@.str.10.104[0]	*global_alloc@.str.10.104[0]
*global_alloc@.str.11.105	*global_alloc@.str.11.105[0]
*global_alloc@.str.11.105[0]	*global_alloc@.str.11.105[0]
*global_alloc@.str.12.106	*global_alloc@.str.12.106[0]
*global_alloc@.str.12.106[0]	*global_alloc@.str.12.106[0]
*global_alloc@.str.13.107	*global_alloc@.str.13.107[0]
*global_alloc@.str.13.107[0]	*global_alloc@.str.13.107[0]
*global_alloc@.str.14.108	*global_alloc@.str.14.108[0]
*global_alloc@.str.14.108[0]	*global_alloc@.str.14.108[0]
*global_alloc@.str.15.109	*global_alloc@.str.15.109[0]
*global_alloc@.str.15.109[0]	*global_alloc@.str.15.109[0]
*global_alloc@.str.16.110	*global_alloc@.str.16.110[0]
*global_alloc@.str.16.110[0]	*global_alloc@.str.16.110[0]
*global_alloc@.str.17.111	*global_alloc@.str.17.111[0]
*global_alloc@.str.17.111[0]	*global_alloc@.str.17.111[0]
*global_alloc@.str.18.112	*global_alloc@.str.18.112[0]
*global_alloc@.str.18.112[0]	*global_alloc@.str.18.112[0]
*global_alloc@.str.1.113	*global_alloc@.str.1.113[0]
*global_alloc@.str.1.113[0]	*global_alloc@.str.1.113[0]
*global_alloc@.str.2.114	*global_alloc@.str.2.114[0]
*global_alloc@.str.2.114[0]	*global_alloc@.str.2.114[0]
*global_alloc@.str.115	*global_alloc@.str.115[0]
*global_alloc@.str.115[0]	*global_alloc@.str.115[0]
*global_alloc@.str.1.116	*global_alloc@.str.1.116[0]
*global_alloc@.str.1.116[0]	*global_alloc@.str.1.116[0]
*global_alloc@.str.2.117	*global_alloc@.str.2.117[0]
*global_alloc@.str.2.117[0]	*global_alloc@.str.2.117[0]
*global_alloc@.str.3.118	*global_alloc@.str.3.118[0]
*global_alloc@.str.3.118[0]	*global_alloc@.str.3.118[0]
*global_alloc@.str.4.119	*global_alloc@.str.4.119[0]
*global_alloc@.str.4.119[0]	*global_alloc@.str.4.119[0]
*global_alloc@.str.5.120	*global_alloc@.str.5.120[0]
*global_alloc@.str.5.120[0]	*global_alloc@.str.5.120[0]
*global_alloc@.str.6.121	*global_alloc@.str.6.121[0]
*global_alloc@.str.6.121[0]	*global_alloc@.str.6.121[0]
*global_alloc@.str.7.122	*global_alloc@.str.7.122[0]
*global_alloc@.str.7.122[0]	*global_alloc@.str.7.122[0]
*global_alloc@.str.8.123	*global_alloc@.str.8.123[0]
*global_alloc@.str.8.123[0]	*global_alloc@.str.8.123[0]
*global_alloc@.str.10.124	*global_alloc@.str.10.124[0]
*global_alloc@.str.10.124[0]	*global_alloc@.str.10.124[0]
*global_alloc@.str.11.125	*global_alloc@.str.11.125[0]
*global_alloc@.str.11.125[0]	*global_alloc@.str.11.125[0]
*global_alloc@.str.13.126	*global_alloc@.str.13.126[0]
*global_alloc@.str.13.126[0]	*global_alloc@.str.13.126[0]
*global_alloc@.str.12.127	*global_alloc@.str.12.127[0]
*global_alloc@.str.12.127[0]	*global_alloc@.str.12.127[0]
*global_alloc@.str.9.128	*global_alloc@.str.9.128[0]
*global_alloc@.str.9.128[0]	*global_alloc@.str.9.128[0]
*global_alloc@.str.14.129	*global_alloc@.str.14.129[0]
*global_alloc@.str.14.129[0]	*global_alloc@.str.14.129[0]
*global_alloc@.str.15.130	*global_alloc@.str.15.130[0]
*global_alloc@.str.15.130[0]	*global_alloc@.str.15.130[0]
*global_alloc@.str.16.131	*global_alloc@.str.16.131[0]
*global_alloc@.str.16.131[0]	*global_alloc@.str.16.131[0]
*global_alloc@.str.18.132	*global_alloc@.str.18.132[0]
*global_alloc@.str.18.132[0]	*global_alloc@.str.18.132[0]
*global_alloc@.str.17.133	*global_alloc@.str.17.133[0]
*global_alloc@.str.17.133[0]	*global_alloc@.str.17.133[0]
*global_alloc@.str.19.134	*global_alloc@.str.19.134[0]
*global_alloc@.str.19.134[0]	*global_alloc@.str.19.134[0]
*global_alloc@.str.20.135	*global_alloc@.str.20.135[0]
*global_alloc@.str.20.135[0]	*global_alloc@.str.20.135[0]
*global_alloc@.str.28.136	*global_alloc@.str.28.136[0]
*global_alloc@.str.28.136[0]	*global_alloc@.str.28.136[0]
*global_alloc@.str.27.137	*global_alloc@.str.27.137[0]
*global_alloc@.str.27.137[0]	*global_alloc@.str.27.137[0]
*global_alloc@.str.26.138	*global_alloc@.str.26.138[0]
*global_alloc@.str.26.138[0]	*global_alloc@.str.26.138[0]
*global_alloc@.str.25.139	*global_alloc@.str.25.139[0]
*global_alloc@.str.25.139[0]	*global_alloc@.str.25.139[0]
*global_alloc@.str.21.140	*global_alloc@.str.21.140[0]
*global_alloc@.str.21.140[0]	*global_alloc@.str.21.140[0]
*global_alloc@.str.22.141	*global_alloc@.str.22.141[0]
*global_alloc@.str.22.141[0]	*global_alloc@.str.22.141[0]
*global_alloc@.str.23.142	*global_alloc@.str.23.142[0]
*global_alloc@.str.23.142[0]	*global_alloc@.str.23.142[0]
*global_alloc@.str.24.143	*global_alloc@.str.24.143[0]
*global_alloc@.str.24.143[0]	*global_alloc@.str.24.143[0]
*global_alloc@.str[*][*]	*global_alloc@.str[*][*]
*global_alloc@.str.1[*][*]	*global_alloc@.str.1[*][*]
*global_alloc@PGTYPESdate_fmt_asc.mapping[*][*]	*global_alloc@PGTYPESdate_fmt_asc.mapping[*][*]
*global_alloc@PGTYPESdate_fmt_asc.mapping[*][*].?/0	*global_alloc@PGTYPESdate_fmt_asc.mapping[*][*]
*global_alloc@.str.6[*][*]	*global_alloc@.str.6[*][*]
*global_alloc@.str.7[*][*]	*global_alloc@.str.7[*][*]
*global_alloc@.str.8[*][*]	*global_alloc@.str.8[*][*]
*global_alloc@.str.9[*][*]	*global_alloc@.str.9[*][*]
*global_alloc@PGTYPESdate_defmt_asc.token_values[*][*]	*global_alloc@PGTYPESdate_defmt_asc.token_values[*][*]
*global_alloc@.str.5[*][*]	*global_alloc@.str.5[*][*]
*global_alloc@.str.3[*][*]	*global_alloc@.str.3[*][*]
*global_alloc@.str.1.1[*][*]	*global_alloc@.str.1.1[*][*]
*global_alloc@.str.10[*][*]	*global_alloc@.str.10[*][*]
*global_alloc@.str.11[*][*]	*global_alloc@.str.11[*][*]
*global_alloc@.str.12[*][*]	*global_alloc@.str.12[*][*]
*global_alloc@.str.13[*][*]	*global_alloc@.str.13[*][*]
*global_alloc@.str.14[*][*]	*global_alloc@.str.14[*][*]
*global_alloc@.str.15[*][*]	*global_alloc@.str.15[*][*]
*global_alloc@.str.2[*][*]	*global_alloc@.str.2[*][*]
*global_alloc@.str.2.3[*][*]	*global_alloc@.str.2.3[*][*]
*global_alloc@.str.4[*][*]	*global_alloc@.str.4[*][*]
*global_alloc@.str.16[*][*]	*global_alloc@.str.16[*][*]
*global_alloc@.str.1.17[*][*]	*global_alloc@.str.1.17[*][*]
*global_alloc@.str.2.18[*][*]	*global_alloc@.str.2.18[*][*]
*global_alloc@.str.3.19[*][*]	*global_alloc@.str.3.19[*][*]
*global_alloc@.str.4.20[*][*]	*global_alloc@.str.4.20[*][*]
*global_alloc@.str.5.21[*][*]	*global_alloc@.str.5.21[*][*]
*global_alloc@.str.6.22[*][*]	*global_alloc@.str.6.22[*][*]
*global_alloc@day_tab[*][*]	*global_alloc@day_tab[*][*]
*global_alloc@months[*][*]	*global_alloc@months[*][*]
*global_alloc@days[*][*]	*global_alloc@days[*][*]
*global_alloc@pgtypes_date_weekdays_short[*][*]	*global_alloc@pgtypes_date_weekdays_short[*][*]
*global_alloc@pgtypes_date_months[*][*]	*global_alloc@pgtypes_date_months[*][*]
*global_alloc@deltacache[*][*]	*global_alloc@deltacache[*][*]
*global_alloc@deltatktbl[*][*]	*global_alloc@deltatktbl[*][*]
*global_alloc@deltatktbl[*][*].?/0	*global_alloc@deltatktbl[*][*]
*global_alloc@.str.37[*][*]	*global_alloc@.str.37[*][*]
*global_alloc@.str.38[*][*]	*global_alloc@.str.38[*][*]
*global_alloc@.str.39[*][*]	*global_alloc@.str.39[*][*]
*global_alloc@.str.40[*][*]	*global_alloc@.str.40[*][*]
*global_alloc@.str.41[*][*]	*global_alloc@.str.41[*][*]
*global_alloc@.str.42[*][*]	*global_alloc@.str.42[*][*]
*global_alloc@.str.43[*][*]	*global_alloc@.str.43[*][*]
*global_alloc@.str.44[*][*]	*global_alloc@.str.44[*][*]
*global_alloc@.str.45[*][*]	*global_alloc@.str.45[*][*]
*global_alloc@.str.46[*][*]	*global_alloc@.str.46[*][*]
*global_alloc@.str.47[*][*]	*global_alloc@.str.47[*][*]
*global_alloc@.str.48[*][*]	*global_alloc@.str.48[*][*]
*global_alloc@.str.49[*][*]	*global_alloc@.str.49[*][*]
*global_alloc@.str.50[*][*]	*global_alloc@.str.50[*][*]
*global_alloc@.str.51[*][*]	*global_alloc@.str.51[*][*]
*global_alloc@.str.52[*][*]	*global_alloc@.str.52[*][*]
*global_alloc@.str.53[*][*]	*global_alloc@.str.53[*][*]
*global_alloc@.str.54[*][*]	*global_alloc@.str.54[*][*]
*global_alloc@.str.55[*][*]	*global_alloc@.str.55[*][*]
*global_alloc@.str.56[*][*]	*global_alloc@.str.56[*][*]
*global_alloc@.str.57[*][*]	*global_alloc@.str.57[*][*]
*global_alloc@.str.58[*][*]	*global_alloc@.str.58[*][*]
*global_alloc@.str.59[*][*]	*global_alloc@.str.59[*][*]
*global_alloc@.str.60[*][*]	*global_alloc@.str.60[*][*]
*global_alloc@.str.61[*][*]	*global_alloc@.str.61[*][*]
*global_alloc@.str.62[*][*]	*global_alloc@.str.62[*][*]
*global_alloc@.str.63[*][*]	*global_alloc@.str.63[*][*]
*global_alloc@.str.64[*][*]	*global_alloc@.str.64[*][*]
*global_alloc@.str.65[*][*]	*global_alloc@.str.65[*][*]
*global_alloc@.str.66[*][*]	*global_alloc@.str.66[*][*]
*global_alloc@.str.67[*][*]	*global_alloc@.str.67[*][*]
*global_alloc@.str.68[*][*]	*global_alloc@.str.68[*][*]
*global_alloc@.str.69[*][*]	*global_alloc@.str.69[*][*]
*global_alloc@.str.70[*][*]	*global_alloc@.str.70[*][*]
*global_alloc@.str.71[*][*]	*global_alloc@.str.71[*][*]
*global_alloc@.str.72[*][*]	*global_alloc@.str.72[*][*]
*global_alloc@.str.73[*][*]	*global_alloc@.str.73[*][*]
*global_alloc@.str.74[*][*]	*global_alloc@.str.74[*][*]
*global_alloc@.str.75[*][*]	*global_alloc@.str.75[*][*]
*global_alloc@.str.76[*][*]	*global_alloc@.str.76[*][*]
*global_alloc@datetktbl[*][*]	*global_alloc@datetktbl[*][*]
*global_alloc@datetktbl[*][*].?/0	*global_alloc@datetktbl[*][*]
*global_alloc@.str.77[*][*]	*global_alloc@.str.77[*][*]
*global_alloc@.str.1.78[*][*]	*global_alloc@.str.1.78[*][*]
*global_alloc@.str.2.79[*][*]	*global_alloc@.str.2.79[*][*]
*global_alloc@.str.3.80[*][*]	*global_alloc@.str.3.80[*][*]
*global_alloc@.str.4.81[*][*]	*global_alloc@.str.4.81[*][*]
*global_alloc@.str.5.82[*][*]	*global_alloc@.str.5.82[*][*]
*global_alloc@.str.6.83[*][*]	*global_alloc@.str.6.83[*][*]
*global_alloc@.str.7.84[*][*]	*global_alloc@.str.7.84[*][*]
*global_alloc@.str.8.85[*][*]	*global_alloc@.str.8.85[*][*]
*global_alloc@.str.9.86[*][*]	*global_alloc@.str.9.86[*][*]
*global_alloc@.str.10.87[*][*]	*global_alloc@.str.10.87[*][*]
*global_alloc@.str.11.88[*][*]	*global_alloc@.str.11.88[*][*]
*global_alloc@.str.12.89[*][*]	*global_alloc@.str.12.89[*][*]
*global_alloc@.str.13.90[*][*]	*global_alloc@.str.13.90[*][*]
*global_alloc@.str.14.91[*][*]	*global_alloc@.str.14.91[*][*]
*global_alloc@.str.15.92[*][*]	*global_alloc@.str.15.92[*][*]
*global_alloc@.str.16.93[*][*]	*global_alloc@.str.16.93[*][*]
*global_alloc@.str.17[*][*]	*global_alloc@.str.17[*][*]
*global_alloc@.str.18[*][*]	*global_alloc@.str.18[*][*]
*global_alloc@.str.19[*][*]	*global_alloc@.str.19[*][*]
*global_alloc@.str.20[*][*]	*global_alloc@.str.20[*][*]
*global_alloc@.str.21[*][*]	*global_alloc@.str.21[*][*]
*global_alloc@.str.22[*][*]	*global_alloc@.str.22[*][*]
*global_alloc@.str.23[*][*]	*global_alloc@.str.23[*][*]
*global_alloc@.str.24[*][*]	*global_alloc@.str.24[*][*]
*global_alloc@.str.25[*][*]	*global_alloc@.str.25[*][*]
*global_alloc@.str.26[*][*]	*global_alloc@.str.26[*][*]
*global_alloc@.str.27[*][*]	*global_alloc@.str.27[*][*]
*global_alloc@.str.28[*][*]	*global_alloc@.str.28[*][*]
*global_alloc@.str.29[*][*]	*global_alloc@.str.29[*][*]
*global_alloc@.str.30[*][*]	*global_alloc@.str.30[*][*]
*global_alloc@.str.31[*][*]	*global_alloc@.str.31[*][*]
*global_alloc@.str.32[*][*]	*global_alloc@.str.32[*][*]
*global_alloc@.str.33[*][*]	*global_alloc@.str.33[*][*]
*global_alloc@.str.34[*][*]	*global_alloc@.str.34[*][*]
*global_alloc@.str.35[*][*]	*global_alloc@.str.35[*][*]
*global_alloc@.str.36[*][*]	*global_alloc@.str.36[*][*]
*global_alloc@datecache[*][*]	*global_alloc@datecache[*][*]
*global_alloc@.str.96[*][*]	*global_alloc@.str.96[*][*]
*global_alloc@.str.3.97[*][*]	*global_alloc@.str.3.97[*][*]
*global_alloc@dttofmtasc_replace.tmp[*][*]	*global_alloc@dttofmtasc_replace.tmp[*][*]
*global_alloc@.str.4.98[*][*]	*global_alloc@.str.4.98[*][*]
*global_alloc@.str.5.99[*][*]	*global_alloc@.str.5.99[*][*]
*global_alloc@.str.6.100[*][*]	*global_alloc@.str.6.100[*][*]
*global_alloc@.str.7.101[*][*]	*global_alloc@.str.7.101[*][*]
*global_alloc@.str.8.102[*][*]	*global_alloc@.str.8.102[*][*]
*global_alloc@.str.9.103[*][*]	*global_alloc@.str.9.103[*][*]
*global_alloc@.str.10.104[*][*]	*global_alloc@.str.10.104[*][*]
*global_alloc@.str.11.105[*][*]	*global_alloc@.str.11.105[*][*]
*global_alloc@.str.12.106[*][*]	*global_alloc@.str.12.106[*][*]
*global_alloc@.str.13.107[*][*]	*global_alloc@.str.13.107[*][*]
*global_alloc@.str.14.108[*][*]	*global_alloc@.str.14.108[*][*]
*global_alloc@.str.15.109[*][*]	*global_alloc@.str.15.109[*][*]
*global_alloc@.str.16.110[*][*]	*global_alloc@.str.16.110[*][*]
*global_alloc@.str.17.111[*][*]	*global_alloc@.str.17.111[*][*]
*global_alloc@.str.18.112[*][*]	*global_alloc@.str.18.112[*][*]
*global_alloc@.str.1.113[*][*]	*global_alloc@.str.1.113[*][*]
*global_alloc@.str.2.114[*][*]	*global_alloc@.str.2.114[*][*]
*global_alloc@.str.115[*][*]	*global_alloc@.str.115[*][*]
*global_alloc@.str.1.116[*][*]	*global_alloc@.str.1.116[*][*]
*global_alloc@.str.2.117[*][*]	*global_alloc@.str.2.117[*][*]
*global_alloc@.str.3.118[*][*]	*global_alloc@.str.3.118[*][*]
*global_alloc@.str.4.119[*][*]	*global_alloc@.str.4.119[*][*]
*global_alloc@.str.5.120[*][*]	*global_alloc@.str.5.120[*][*]
*global_alloc@.str.6.121[*][*]	*global_alloc@.str.6.121[*][*]
*global_alloc@.str.7.122[*][*]	*global_alloc@.str.7.122[*][*]
*global_alloc@.str.8.123[*][*]	*global_alloc@.str.8.123[*][*]
*global_alloc@.str.10.124[*][*]	*global_alloc@.str.10.124[*][*]
*global_alloc@.str.11.125[*][*]	*global_alloc@.str.11.125[*][*]
*global_alloc@.str.13.126[*][*]	*global_alloc@.str.13.126[*][*]
*global_alloc@.str.12.127[*][*]	*global_alloc@.str.12.127[*][*]
*global_alloc@.str.9.128[*][*]	*global_alloc@.str.9.128[*][*]
*global_alloc@.str.14.129[*][*]	*global_alloc@.str.14.129[*][*]
*global_alloc@.str.15.130[*][*]	*global_alloc@.str.15.130[*][*]
*global_alloc@.str.16.131[*][*]	*global_alloc@.str.16.131[*][*]
*global_alloc@.str.18.132[*][*]	*global_alloc@.str.18.132[*][*]
*global_alloc@.str.17.133[*][*]	*global_alloc@.str.17.133[*][*]
*global_alloc@.str.19.134[*][*]	*global_alloc@.str.19.134[*][*]
*global_alloc@.str.20.135[*][*]	*global_alloc@.str.20.135[*][*]
*global_alloc@.str.28.136[*][*]	*global_alloc@.str.28.136[*][*]
*global_alloc@.str.27.137[*][*]	*global_alloc@.str.27.137[*][*]
*global_alloc@.str.26.138[*][*]	*global_alloc@.str.26.138[*][*]
*global_alloc@.str.25.139[*][*]	*global_alloc@.str.25.139[*][*]
*global_alloc@.str.21.140[*][*]	*global_alloc@.str.21.140[*][*]
*global_alloc@.str.22.141[*][*]	*global_alloc@.str.22.141[*][*]
*global_alloc@.str.23.142[*][*]	*global_alloc@.str.23.142[*][*]
*global_alloc@.str.24.143[*][*]	*global_alloc@.str.24.143[*][*]
*argv[0]-alloc[*]	*argv[0]-alloc[*]
*argv[1]-alloc[*]	*argv[1]-alloc[*]
*global_alloc@.str[0][*]	*global_alloc@.str[0][*]
*global_alloc@.str.1[0][*]	*global_alloc@.str.1[0][*]
*global_alloc@PGTYPESdate_fmt_asc.mapping[0][*]	*global_alloc@PGTYPESdate_fmt_asc.mapping[0][*]
*global_alloc@PGTYPESdate_fmt_asc.mapping[0][*].?/0	*global_alloc@PGTYPESdate_fmt_asc.mapping[0][*]
*global_alloc@.str.6[0][*]	*global_alloc@.str.6[0][*]
*global_alloc@.str.7[0][*]	*global_alloc@.str.7[0][*]
*global_alloc@.str.8[0][*]	*global_alloc@.str.8[0][*]
*global_alloc@.str.9[0][*]	*global_alloc@.str.9[0][*]
*global_alloc@PGTYPESdate_defmt_asc.token_values[0][*]	*global_alloc@PGTYPESdate_defmt_asc.token_values[0][*]
*global_alloc@.str.5[0][*]	*global_alloc@.str.5[0][*]
*global_alloc@.str.3[0][*]	*global_alloc@.str.3[0][*]
*global_alloc@.str.1.1[0][*]	*global_alloc@.str.1.1[0][*]
*global_alloc@.str.10[0][*]	*global_alloc@.str.10[0][*]
*global_alloc@.str.11[0][*]	*global_alloc@.str.11[0][*]
*global_alloc@.str.12[0][*]	*global_alloc@.str.12[0][*]
*global_alloc@.str.13[0][*]	*global_alloc@.str.13[0][*]
*global_alloc@.str.14[0][*]	*global_alloc@.str.14[0][*]
*global_alloc@.str.15[0][*]	*global_alloc@.str.15[0][*]
*global_alloc@.str.2[0][*]	*global_alloc@.str.2[0][*]
*global_alloc@.str.2.3[0][*]	*global_alloc@.str.2.3[0][*]
*global_alloc@.str.4[0][*]	*global_alloc@.str.4[0][*]
*global_alloc@.str.16[0][*]	*global_alloc@.str.16[0][*]
*global_alloc@.str.1.17[0][*]	*global_alloc@.str.1.17[0][*]
*global_alloc@.str.2.18[0][*]	*global_alloc@.str.2.18[0][*]
*global_alloc@.str.3.19[0][*]	*global_alloc@.str.3.19[0][*]
*global_alloc@.str.4.20[0][*]	*global_alloc@.str.4.20[0][*]
*global_alloc@.str.5.21[0][*]	*global_alloc@.str.5.21[0][*]
*global_alloc@.str.6.22[0][*]	*global_alloc@.str.6.22[0][*]
*global_alloc@day_tab[0][*]	*global_alloc@day_tab[0][*]
*global_alloc@months[0][*]	*global_alloc@months[0][*]
*global_alloc@days[0][*]	*global_alloc@days[0][*]
*global_alloc@pgtypes_date_weekdays_short[0][*]	*global_alloc@pgtypes_date_weekdays_short[0][*]
*global_alloc@pgtypes_date_months[0][*]	*global_alloc@pgtypes_date_months[0][*]
*global_alloc@deltacache[0][*]	*global_alloc@deltacache[0][*]
*global_alloc@deltatktbl[0][*]	*global_alloc@deltatktbl[0][*]
*global_alloc@deltatktbl[0][*].?/0	*global_alloc@deltatktbl[0][*]
*global_alloc@.str.37[0][*]	*global_alloc@.str.37[0][*]
*global_alloc@.str.38[0][*]	*global_alloc@.str.38[0][*]
*global_alloc@.str.39[0][*]	*global_alloc@.str.39[0][*]
*global_alloc@.str.40[0][*]	*global_alloc@.str.40[0][*]
*global_alloc@.str.41[0][*]	*global_alloc@.str.41[0][*]
*global_alloc@.str.42[0][*]	*global_alloc@.str.42[0][*]
*global_alloc@.str.43[0][*]	*global_alloc@.str.43[0][*]
*global_alloc@.str.44[0][*]	*global_alloc@.str.44[0][*]
*global_alloc@.str.45[0][*]	*global_alloc@.str.45[0][*]
*global_alloc@.str.46[0][*]	*global_alloc@.str.46[0][*]
*global_alloc@.str.47[0][*]	*global_alloc@.str.47[0][*]
*global_alloc@.str.48[0][*]	*global_alloc@.str.48[0][*]
*global_alloc@.str.49[0][*]	*global_alloc@.str.49[0][*]
*global_alloc@.str.50[0][*]	*global_alloc@.str.50[0][*]
*global_alloc@.str.51[0][*]	*global_alloc@.str.51[0][*]
*global_alloc@.str.52[0][*]	*global_alloc@.str.52[0][*]
*global_alloc@.str.53[0][*]	*global_alloc@.str.53[0][*]
*global_alloc@.str.54[0][*]	*global_alloc@.str.54[0][*]
*global_alloc@.str.55[0][*]	*global_alloc@.str.55[0][*]
*global_alloc@.str.56[0][*]	*global_alloc@.str.56[0][*]
*global_alloc@.str.57[0][*]	*global_alloc@.str.57[0][*]
*global_alloc@.str.58[0][*]	*global_alloc@.str.58[0][*]
*global_alloc@.str.59[0][*]	*global_alloc@.str.59[0][*]
*global_alloc@.str.60[0][*]	*global_alloc@.str.60[0][*]
*global_alloc@.str.61[0][*]	*global_alloc@.str.61[0][*]
*global_alloc@.str.62[0][*]	*global_alloc@.str.62[0][*]
*global_alloc@.str.63[0][*]	*global_alloc@.str.63[0][*]
*global_alloc@.str.64[0][*]	*global_alloc@.str.64[0][*]
*global_alloc@.str.65[0][*]	*global_alloc@.str.65[0][*]
*global_alloc@.str.66[0][*]	*global_alloc@.str.66[0][*]
*global_alloc@.str.67[0][*]	*global_alloc@.str.67[0][*]
*global_alloc@.str.68[0][*]	*global_alloc@.str.68[0][*]
*global_alloc@.str.69[0][*]	*global_alloc@.str.69[0][*]
*global_alloc@.str.70[0][*]	*global_alloc@.str.70[0][*]
*global_alloc@.str.71[0][*]	*global_alloc@.str.71[0][*]
*global_alloc@.str.72[0][*]	*global_alloc@.str.72[0][*]
*global_alloc@.str.73[0][*]	*global_alloc@.str.73[0][*]
*global_alloc@.str.74[0][*]	*global_alloc@.str.74[0][*]
*global_alloc@.str.75[0][*]	*global_alloc@.str.75[0][*]
*global_alloc@.str.76[0][*]	*global_alloc@.str.76[0][*]
*global_alloc@datetktbl[0][*]	*global_alloc@datetktbl[0][*]
*global_alloc@datetktbl[0][*].?/0	*global_alloc@datetktbl[0][*]
*global_alloc@.str.77[0][*]	*global_alloc@.str.77[0][*]
*global_alloc@.str.1.78[0][*]	*global_alloc@.str.1.78[0][*]
*global_alloc@.str.2.79[0][*]	*global_alloc@.str.2.79[0][*]
*global_alloc@.str.3.80[0][*]	*global_alloc@.str.3.80[0][*]
*global_alloc@.str.4.81[0][*]	*global_alloc@.str.4.81[0][*]
*global_alloc@.str.5.82[0][*]	*global_alloc@.str.5.82[0][*]
*global_alloc@.str.6.83[0][*]	*global_alloc@.str.6.83[0][*]
*global_alloc@.str.7.84[0][*]	*global_alloc@.str.7.84[0][*]
*global_alloc@.str.8.85[0][*]	*global_alloc@.str.8.85[0][*]
*global_alloc@.str.9.86[0][*]	*global_alloc@.str.9.86[0][*]
*global_alloc@.str.10.87[0][*]	*global_alloc@.str.10.87[0][*]
*global_alloc@.str.11.88[0][*]	*global_alloc@.str.11.88[0][*]
*global_alloc@.str.12.89[0][*]	*global_alloc@.str.12.89[0][*]
*global_alloc@.str.13.90[0][*]	*global_alloc@.str.13.90[0][*]
*global_alloc@.str.14.91[0][*]	*global_alloc@.str.14.91[0][*]
*global_alloc@.str.15.92[0][*]	*global_alloc@.str.15.92[0][*]
*global_alloc@.str.16.93[0][*]	*global_alloc@.str.16.93[0][*]
*global_alloc@.str.17[0][*]	*global_alloc@.str.17[0][*]
*global_alloc@.str.18[0][*]	*global_alloc@.str.18[0][*]
*global_alloc@.str.19[0][*]	*global_alloc@.str.19[0][*]
*global_alloc@.str.20[0][*]	*global_alloc@.str.20[0][*]
*global_alloc@.str.21[0][*]	*global_alloc@.str.21[0][*]
*global_alloc@.str.22[0][*]	*global_alloc@.str.22[0][*]
*global_alloc@.str.23[0][*]	*global_alloc@.str.23[0][*]
*global_alloc@.str.24[0][*]	*global_alloc@.str.24[0][*]
*global_alloc@.str.25[0][*]	*global_alloc@.str.25[0][*]
*global_alloc@.str.26[0][*]	*global_alloc@.str.26[0][*]
*global_alloc@.str.27[0][*]	*global_alloc@.str.27[0][*]
*global_alloc@.str.28[0][*]	*global_alloc@.str.28[0][*]
*global_alloc@.str.29[0][*]	*global_alloc@.str.29[0][*]
*global_alloc@.str.30[0][*]	*global_alloc@.str.30[0][*]
*global_alloc@.str.31[0][*]	*global_alloc@.str.31[0][*]
*global_alloc@.str.32[0][*]	*global_alloc@.str.32[0][*]
*global_alloc@.str.33[0][*]	*global_alloc@.str.33[0][*]
*global_alloc@.str.34[0][*]	*global_alloc@.str.34[0][*]
*global_alloc@.str.35[0][*]	*global_alloc@.str.35[0][*]
*global_alloc@.str.36[0][*]	*global_alloc@.str.36[0][*]
*global_alloc@datecache[0][*]	*global_alloc@datecache[0][*]
*global_alloc@.str.96[0][*]	*global_alloc@.str.96[0][*]
*global_alloc@.str.3.97[0][*]	*global_alloc@.str.3.97[0][*]
*global_alloc@dttofmtasc_replace.tmp[0][*]	*global_alloc@dttofmtasc_replace.tmp[0][*]
*global_alloc@.str.4.98[0][*]	*global_alloc@.str.4.98[0][*]
*global_alloc@.str.5.99[0][*]	*global_alloc@.str.5.99[0][*]
*global_alloc@.str.6.100[0][*]	*global_alloc@.str.6.100[0][*]
*global_alloc@.str.7.101[0][*]	*global_alloc@.str.7.101[0][*]
*global_alloc@.str.8.102[0][*]	*global_alloc@.str.8.102[0][*]
*global_alloc@.str.9.103[0][*]	*global_alloc@.str.9.103[0][*]
*global_alloc@.str.10.104[0][*]	*global_alloc@.str.10.104[0][*]
*global_alloc@.str.11.105[0][*]	*global_alloc@.str.11.105[0][*]
*global_alloc@.str.12.106[0][*]	*global_alloc@.str.12.106[0][*]
*global_alloc@.str.13.107[0][*]	*global_alloc@.str.13.107[0][*]
*global_alloc@.str.14.108[0][*]	*global_alloc@.str.14.108[0][*]
*global_alloc@.str.15.109[0][*]	*global_alloc@.str.15.109[0][*]
*global_alloc@.str.16.110[0][*]	*global_alloc@.str.16.110[0][*]
*global_alloc@.str.17.111[0][*]	*global_alloc@.str.17.111[0][*]
*global_alloc@.str.18.112[0][*]	*global_alloc@.str.18.112[0][*]
*global_alloc@.str.1.113[0][*]	*global_alloc@.str.1.113[0][*]
*global_alloc@.str.2.114[0][*]	*global_alloc@.str.2.114[0][*]
*global_alloc@.str.115[0][*]	*global_alloc@.str.115[0][*]
*global_alloc@.str.1.116[0][*]	*global_alloc@.str.1.116[0][*]
*global_alloc@.str.2.117[0][*]	*global_alloc@.str.2.117[0][*]
*global_alloc@.str.3.118[0][*]	*global_alloc@.str.3.118[0][*]
*global_alloc@.str.4.119[0][*]	*global_alloc@.str.4.119[0][*]
*global_alloc@.str.5.120[0][*]	*global_alloc@.str.5.120[0][*]
*global_alloc@.str.6.121[0][*]	*global_alloc@.str.6.121[0][*]
*global_alloc@.str.7.122[0][*]	*global_alloc@.str.7.122[0][*]
*global_alloc@.str.8.123[0][*]	*global_alloc@.str.8.123[0][*]
*global_alloc@.str.10.124[0][*]	*global_alloc@.str.10.124[0][*]
*global_alloc@.str.11.125[0][*]	*global_alloc@.str.11.125[0][*]
*global_alloc@.str.13.126[0][*]	*global_alloc@.str.13.126[0][*]
*global_alloc@.str.12.127[0][*]	*global_alloc@.str.12.127[0][*]
*global_alloc@.str.9.128[0][*]	*global_alloc@.str.9.128[0][*]
*global_alloc@.str.14.129[0][*]	*global_alloc@.str.14.129[0][*]
*global_alloc@.str.15.130[0][*]	*global_alloc@.str.15.130[0][*]
*global_alloc@.str.16.131[0][*]	*global_alloc@.str.16.131[0][*]
*global_alloc@.str.18.132[0][*]	*global_alloc@.str.18.132[0][*]
*global_alloc@.str.17.133[0][*]	*global_alloc@.str.17.133[0][*]
*global_alloc@.str.19.134[0][*]	*global_alloc@.str.19.134[0][*]
*global_alloc@.str.20.135[0][*]	*global_alloc@.str.20.135[0][*]
*global_alloc@.str.28.136[0][*]	*global_alloc@.str.28.136[0][*]
*global_alloc@.str.27.137[0][*]	*global_alloc@.str.27.137[0][*]
*global_alloc@.str.26.138[0][*]	*global_alloc@.str.26.138[0][*]
*global_alloc@.str.25.139[0][*]	*global_alloc@.str.25.139[0][*]
*global_alloc@.str.21.140[0][*]	*global_alloc@.str.21.140[0][*]
*global_alloc@.str.22.141[0][*]	*global_alloc@.str.22.141[0][*]
*global_alloc@.str.23.142[0][*]	*global_alloc@.str.23.142[0][*]
*global_alloc@.str.24.143[0][*]	*global_alloc@.str.24.143[0][*]
*global_alloc@day_tab[*][*][*]	*global_alloc@day_tab[*][*][*]
*global_alloc@PGTYPESdate_fmt_asc.mapping[*][*]	*global_alloc@PGTYPESdate_fmt_asc.mapping[*][*].?/0
*global_alloc@PGTYPESdate_fmt_asc.mapping[*][*].?/0	*global_alloc@PGTYPESdate_fmt_asc.mapping[*][*].?/0
*global_alloc@PGTYPESdate_fmt_asc.mapping[*][*].?/1	*global_alloc@PGTYPESdate_fmt_asc.mapping[*][*].?/1
*global_alloc@deltatktbl[*][*]	*global_alloc@deltatktbl[*][*].?/0
*global_alloc@deltatktbl[*][*].?/0	*global_alloc@deltatktbl[*][*].?/0
*global_alloc@deltatktbl[*][*].?/1	*global_alloc@deltatktbl[*][*].?/1
*global_alloc@deltatktbl[*][*].?/2	*global_alloc@deltatktbl[*][*].?/2
*global_alloc@datetktbl[*][*]	*global_alloc@datetktbl[*][*].?/0
*global_alloc@datetktbl[*][*].?/0	*global_alloc@datetktbl[*][*].?/0
*global_alloc@datetktbl[*][*].?/1	*global_alloc@datetktbl[*][*].?/1
*global_alloc@datetktbl[*][*].?/2	*global_alloc@datetktbl[*][*].?/2
*argv[0]-alloc	*argv[0]-alloc[0]
*argv[0]-alloc[0]	*argv[0]-alloc[0]
*argv[0]-alloc[1]	*argv[0]-alloc[1]
*argv[1]-alloc	*argv[1]-alloc[0]
*argv[1]-alloc[0]	*argv[1]-alloc[0]
*argv[1]-alloc[1]	*argv[1]-alloc[1]
*global_alloc@PGTYPESdate_fmt_asc.mapping[*]	*global_alloc@PGTYPESdate_fmt_asc.mapping[*][0]
*global_alloc@PGTYPESdate_fmt_asc.mapping[*][0]	*global_alloc@PGTYPESdate_fmt_asc.mapping[*][0]
*global_alloc@PGTYPESdate_fmt_asc.mapping[*][0].?/0	*global_alloc@PGTYPESdate_fmt_asc.mapping[*][0]
*global_alloc@PGTYPESdate_fmt_asc.mapping[*][1]	*global_alloc@PGTYPESdate_fmt_asc.mapping[*][1]
*global_alloc@PGTYPESdate_fmt_asc.mapping[*][1].?/0	*global_alloc@PGTYPESdate_fmt_asc.mapping[*][1]
*global_alloc@PGTYPESdate_fmt_asc.mapping[*][2]	*global_alloc@PGTYPESdate_fmt_asc.mapping[*][2]
*global_alloc@PGTYPESdate_fmt_asc.mapping[*][2].?/0	*global_alloc@PGTYPESdate_fmt_asc.mapping[*][2]
*global_alloc@PGTYPESdate_fmt_asc.mapping[*][3]	*global_alloc@PGTYPESdate_fmt_asc.mapping[*][3]
*global_alloc@PGTYPESdate_fmt_asc.mapping[*][3].?/0	*global_alloc@PGTYPESdate_fmt_asc.mapping[*][3]
*global_alloc@PGTYPESdate_fmt_asc.mapping[*][4]	*global_alloc@PGTYPESdate_fmt_asc.mapping[*][4]
*global_alloc@PGTYPESdate_fmt_asc.mapping[*][4].?/0	*global_alloc@PGTYPESdate_fmt_asc.mapping[*][4]
*global_alloc@PGTYPESdate_fmt_asc.mapping[*][5]	*global_alloc@PGTYPESdate_fmt_asc.mapping[*][5]
*global_alloc@PGTYPESdate_fmt_asc.mapping[*][5].?/0	*global_alloc@PGTYPESdate_fmt_asc.mapping[*][5]
*global_alloc@PGTYPESdate_fmt_asc.mapping[*][6]	*global_alloc@PGTYPESdate_fmt_asc.mapping[*][6]
*global_alloc@PGTYPESdate_fmt_asc.mapping[*][6].?/0	*global_alloc@PGTYPESdate_fmt_asc.mapping[*][6]
*global_alloc@months[*]	*global_alloc@months[*][0]
*global_alloc@months[*][0]	*global_alloc@months[*][0]
*global_alloc@months[*][1]	*global_alloc@months[*][1]
*global_alloc@months[*][2]	*global_alloc@months[*][2]
*global_alloc@months[*][3]	*global_alloc@months[*][3]
*global_alloc@months[*][4]	*global_alloc@months[*][4]
*global_alloc@months[*][5]	*global_alloc@months[*][5]
*global_alloc@months[*][6]	*global_alloc@months[*][6]
*global_alloc@months[*][7]	*global_alloc@months[*][7]
*global_alloc@months[*][8]	*global_alloc@months[*][8]
*global_alloc@months[*][9]	*global_alloc@months[*][9]
*global_alloc@months[*][10]	*global_alloc@months[*][10]
*global_alloc@months[*][11]	*global_alloc@months[*][11]
*global_alloc@months[*][12]	*global_alloc@months[*][12]
*global_alloc@days[*]	*global_alloc@days[*][0]
*global_alloc@days[*][0]	*global_alloc@days[*][0]
*global_alloc@days[*][1]	*global_alloc@days[*][1]
*global_alloc@days[*][2]	*global_alloc@days[*][2]
*global_alloc@days[*][3]	*global_alloc@days[*][3]
*global_alloc@days[*][4]	*global_alloc@days[*][4]
*global_alloc@days[*][5]	*global_alloc@days[*][5]
*global_alloc@days[*][6]	*global_alloc@days[*][6]
*global_alloc@days[*][7]	*global_alloc@days[*][7]
*global_alloc@pgtypes_date_weekdays_short[*]	*global_alloc@pgtypes_date_weekdays_short[*][0]
*global_alloc@pgtypes_date_weekdays_short[*][0]	*global_alloc@pgtypes_date_weekdays_short[*][0]
*global_alloc@pgtypes_date_weekdays_short[*][1]	*global_alloc@pgtypes_date_weekdays_short[*][1]
*global_alloc@pgtypes_date_weekdays_short[*][2]	*global_alloc@pgtypes_date_weekdays_short[*][2]
*global_alloc@pgtypes_date_weekdays_short[*][3]	*global_alloc@pgtypes_date_weekdays_short[*][3]
*global_alloc@pgtypes_date_weekdays_short[*][4]	*global_alloc@pgtypes_date_weekdays_short[*][4]
*global_alloc@pgtypes_date_weekdays_short[*][5]	*global_alloc@pgtypes_date_weekdays_short[*][5]
*global_alloc@pgtypes_date_weekdays_short[*][6]	*global_alloc@pgtypes_date_weekdays_short[*][6]
*global_alloc@pgtypes_date_weekdays_short[*][7]	*global_alloc@pgtypes_date_weekdays_short[*][7]
*global_alloc@pgtypes_date_months[*]	*global_alloc@pgtypes_date_months[*][0]
*global_alloc@pgtypes_date_months[*][0]	*global_alloc@pgtypes_date_months[*][0]
*global_alloc@pgtypes_date_months[*][1]	*global_alloc@pgtypes_date_months[*][1]
*global_alloc@pgtypes_date_months[*][2]	*global_alloc@pgtypes_date_months[*][2]
*global_alloc@pgtypes_date_months[*][3]	*global_alloc@pgtypes_date_months[*][3]
*global_alloc@pgtypes_date_months[*][4]	*global_alloc@pgtypes_date_months[*][4]
*global_alloc@pgtypes_date_months[*][5]	*global_alloc@pgtypes_date_months[*][5]
*global_alloc@pgtypes_date_months[*][6]	*global_alloc@pgtypes_date_months[*][6]
*global_alloc@pgtypes_date_months[*][7]	*global_alloc@pgtypes_date_months[*][7]
*global_alloc@pgtypes_date_months[*][8]	*global_alloc@pgtypes_date_months[*][8]
*global_alloc@pgtypes_date_months[*][9]	*global_alloc@pgtypes_date_months[*][9]
*global_alloc@pgtypes_date_months[*][10]	*global_alloc@pgtypes_date_months[*][10]
*global_alloc@pgtypes_date_months[*][11]	*global_alloc@pgtypes_date_months[*][11]
*global_alloc@pgtypes_date_months[*][12]	*global_alloc@pgtypes_date_months[*][12]
*global_alloc@deltacache[*]	*global_alloc@deltacache[*][0]
*global_alloc@deltacache[*][0]	*global_alloc@deltacache[*][0]
*global_alloc@datecache[*]	*global_alloc@datecache[*][0]
*global_alloc@datecache[*][0]	*global_alloc@datecache[*][0]
*global_alloc@day_tab[0][*][*]	*global_alloc@day_tab[0][*][*]
*global_alloc@deltatktbl[*][*].?/0[*]	*global_alloc@deltatktbl[*][*].?/0[*]
*global_alloc@datetktbl[*][*].?/0[*]	*global_alloc@datetktbl[*][*].?/0[*]
*global_alloc@PGTYPESdate_fmt_asc.mapping[0][*]	*global_alloc@PGTYPESdate_fmt_asc.mapping[0][*].?/0
*global_alloc@PGTYPESdate_fmt_asc.mapping[0][*].?/0	*global_alloc@PGTYPESdate_fmt_asc.mapping[0][*].?/0
*global_alloc@PGTYPESdate_fmt_asc.mapping[0][*].?/1	*global_alloc@PGTYPESdate_fmt_asc.mapping[0][*].?/1
*global_alloc@deltatktbl[0][*]	*global_alloc@deltatktbl[0][*].?/0
*global_alloc@deltatktbl[0][*].?/0	*global_alloc@deltatktbl[0][*].?/0
*global_alloc@deltatktbl[0][*].?/1	*global_alloc@deltatktbl[0][*].?/1
*global_alloc@deltatktbl[0][*].?/2	*global_alloc@deltatktbl[0][*].?/2
*global_alloc@datetktbl[0][*]	*global_alloc@datetktbl[0][*].?/0
*global_alloc@datetktbl[0][*].?/0	*global_alloc@datetktbl[0][*].?/0
*global_alloc@datetktbl[0][*].?/1	*global_alloc@datetktbl[0][*].?/1
*global_alloc@datetktbl[0][*].?/2	*global_alloc@datetktbl[0][*].?/2
*global_alloc@PGTYPESdate_fmt_asc.mapping	*global_alloc@PGTYPESdate_fmt_asc.mapping[0][0]
*global_alloc@PGTYPESdate_fmt_asc.mapping[0]	*global_alloc@PGTYPESdate_fmt_asc.mapping[0][0]
*global_alloc@PGTYPESdate_fmt_asc.mapping[0][0]	*global_alloc@PGTYPESdate_fmt_asc.mapping[0][0]
*global_alloc@PGTYPESdate_fmt_asc.mapping[0][0].?/0	*global_alloc@PGTYPESdate_fmt_asc.mapping[0][0]
*global_alloc@PGTYPESdate_fmt_asc.mapping[0][1]	*global_alloc@PGTYPESdate_fmt_asc.mapping[0][1]
*global_alloc@PGTYPESdate_fmt_asc.mapping[0][1].?/0	*global_alloc@PGTYPESdate_fmt_asc.mapping[0][1]
*global_alloc@PGTYPESdate_fmt_asc.mapping[0][2]	*global_alloc@PGTYPESdate_fmt_asc.mapping[0][2]
*global_alloc@PGTYPESdate_fmt_asc.mapping[0][2].?/0	*global_alloc@PGTYPESdate_fmt_asc.mapping[0][2]
*global_alloc@PGTYPESdate_fmt_asc.mapping[0][3]	*global_alloc@PGTYPESdate_fmt_asc.mapping[0][3]
*global_alloc@PGTYPESdate_fmt_asc.mapping[0][3].?/0	*global_alloc@PGTYPESdate_fmt_asc.mapping[0][3]
*global_alloc@PGTYPESdate_fmt_asc.mapping[0][4]	*global_alloc@PGTYPESdate_fmt_asc.mapping[0][4]
*global_alloc@PGTYPESdate_fmt_asc.mapping[0][4].?/0	*global_alloc@PGTYPESdate_fmt_asc.mapping[0][4]
*global_alloc@PGTYPESdate_fmt_asc.mapping[0][5]	*global_alloc@PGTYPESdate_fmt_asc.mapping[0][5]
*global_alloc@PGTYPESdate_fmt_asc.mapping[0][5].?/0	*global_alloc@PGTYPESdate_fmt_asc.mapping[0][5]
*global_alloc@PGTYPESdate_fmt_asc.mapping[0][6]	*global_alloc@PGTYPESdate_fmt_asc.mapping[0][6]
*global_alloc@PGTYPESdate_fmt_asc.mapping[0][6].?/0	*global_alloc@PGTYPESdate_fmt_asc.mapping[0][6]
*global_alloc@months	*global_alloc@months[0][0]
*global_alloc@months[0]	*global_alloc@months[0][0]
*global_alloc@months[0][0]	*global_alloc@months[0][0]
*global_alloc@months[0][1]	*global_alloc@months[0][1]
*global_alloc@months[0][2]	*global_alloc@months[0][2]
*global_alloc@months[0][3]	*global_alloc@months[0][3]
*global_alloc@months[0][4]	*global_alloc@months[0][4]
*global_alloc@months[0][5]	*global_alloc@months[0][5]
*global_alloc@months[0][6]	*global_alloc@months[0][6]
*global_alloc@months[0][7]	*global_alloc@months[0][7]
*global_alloc@months[0][8]	*global_alloc@months[0][8]
*global_alloc@months[0][9]	*global_alloc@months[0][9]
*global_alloc@months[0][10]	*global_alloc@months[0][10]
*global_alloc@months[0][11]	*global_alloc@months[0][11]
*global_alloc@months[0][12]	*global_alloc@months[0][12]
*global_alloc@days	*global_alloc@days[0][0]
*global_alloc@days[0]	*global_alloc@days[0][0]
*global_alloc@days[0][0]	*global_alloc@days[0][0]
*global_alloc@days[0][1]	*global_alloc@days[0][1]
*global_alloc@days[0][2]	*global_alloc@days[0][2]
*global_alloc@days[0][3]	*global_alloc@days[0][3]
*global_alloc@days[0][4]	*global_alloc@days[0][4]
*global_alloc@days[0][5]	*global_alloc@days[0][5]
*global_alloc@days[0][6]	*global_alloc@days[0][6]
*global_alloc@days[0][7]	*global_alloc@days[0][7]
*global_alloc@pgtypes_date_weekdays_short	*global_alloc@pgtypes_date_weekdays_short[0][0]
*global_alloc@pgtypes_date_weekdays_short[0]	*global_alloc@pgtypes_date_weekdays_short[0][0]
*global_alloc@pgtypes_date_weekdays_short[0][0]	*global_alloc@pgtypes_date_weekdays_short[0][0]
*global_alloc@pgtypes_date_weekdays_short[0][1]	*global_alloc@pgtypes_date_weekdays_short[0][1]
*global_alloc@pgtypes_date_weekdays_short[0][2]	*global_alloc@pgtypes_date_weekdays_short[0][2]
*global_alloc@pgtypes_date_weekdays_short[0][3]	*global_alloc@pgtypes_date_weekdays_short[0][3]
*global_alloc@pgtypes_date_weekdays_short[0][4]	*global_alloc@pgtypes_date_weekdays_short[0][4]
*global_alloc@pgtypes_date_weekdays_short[0][5]	*global_alloc@pgtypes_date_weekdays_short[0][5]
*global_alloc@pgtypes_date_weekdays_short[0][6]	*global_alloc@pgtypes_date_weekdays_short[0][6]
*global_alloc@pgtypes_date_weekdays_short[0][7]	*global_alloc@pgtypes_date_weekdays_short[0][7]
*global_alloc@pgtypes_date_months	*global_alloc@pgtypes_date_months[0][0]
*global_alloc@pgtypes_date_months[0]	*global_alloc@pgtypes_date_months[0][0]
*global_alloc@pgtypes_date_months[0][0]	*global_alloc@pgtypes_date_months[0][0]
*global_alloc@pgtypes_date_months[0][1]	*global_alloc@pgtypes_date_months[0][1]
*global_alloc@pgtypes_date_months[0][2]	*global_alloc@pgtypes_date_months[0][2]
*global_alloc@pgtypes_date_months[0][3]	*global_alloc@pgtypes_date_months[0][3]
*global_alloc@pgtypes_date_months[0][4]	*global_alloc@pgtypes_date_months[0][4]
*global_alloc@pgtypes_date_months[0][5]	*global_alloc@pgtypes_date_months[0][5]
*global_alloc@pgtypes_date_months[0][6]	*global_alloc@pgtypes_date_months[0][6]
*global_alloc@pgtypes_date_months[0][7]	*global_alloc@pgtypes_date_months[0][7]
*global_alloc@pgtypes_date_months[0][8]	*global_alloc@pgtypes_date_months[0][8]
*global_alloc@pgtypes_date_months[0][9]	*global_alloc@pgtypes_date_months[0][9]
*global_alloc@pgtypes_date_months[0][10]	*global_alloc@pgtypes_date_months[0][10]
*global_alloc@pgtypes_date_months[0][11]	*global_alloc@pgtypes_date_months[0][11]
*global_alloc@pgtypes_date_months[0][12]	*global_alloc@pgtypes_date_months[0][12]
*global_alloc@deltacache	*global_alloc@deltacache[0][0]
*global_alloc@deltacache[0]	*global_alloc@deltacache[0][0]
*global_alloc@deltacache[0][0]	*global_alloc@deltacache[0][0]
*global_alloc@datecache	*global_alloc@datecache[0][0]
*global_alloc@datecache[0]	*global_alloc@datecache[0][0]
*global_alloc@datecache[0][0]	*global_alloc@datecache[0][0]
*global_alloc@PGTYPESdate_fmt_asc.mapping[*]	*global_alloc@PGTYPESdate_fmt_asc.mapping[*][0].?/0
*global_alloc@PGTYPESdate_fmt_asc.mapping[*][0]	*global_alloc@PGTYPESdate_fmt_asc.mapping[*][0].?/0
*global_alloc@PGTYPESdate_fmt_asc.mapping[*][0].?/0	*global_alloc@PGTYPESdate_fmt_asc.mapping[*][0].?/0
*global_alloc@PGTYPESdate_fmt_asc.mapping[*][0].?/1	*global_alloc@PGTYPESdate_fmt_asc.mapping[*][0].?/1
*global_alloc@PGTYPESdate_fmt_asc.mapping[*][1]	*global_alloc@PGTYPESdate_fmt_asc.mapping[*][1].?/0
*global_alloc@PGTYPESdate_fmt_asc.mapping[*][1].?/0	*global_alloc@PGTYPESdate_fmt_asc.mapping[*][1].?/0
*global_alloc@PGTYPESdate_fmt_asc.mapping[*][1].?/1	*global_alloc@PGTYPESdate_fmt_asc.mapping[*][1].?/1
*global_alloc@PGTYPESdate_fmt_asc.mapping[*][2]	*global_alloc@PGTYPESdate_fmt_asc.mapping[*][2].?/0
*global_alloc@PGTYPESdate_fmt_asc.mapping[*][2].?/0	*global_alloc@PGTYPESdate_fmt_asc.mapping[*][2].?/0
*global_alloc@PGTYPESdate_fmt_asc.mapping[*][2].?/1	*global_alloc@PGTYPESdate_fmt_asc.mapping[*][2].?/1
*global_alloc@PGTYPESdate_fmt_asc.mapping[*][3]	*global_alloc@PGTYPESdate_fmt_asc.mapping[*][3].?/0
*global_alloc@PGTYPESdate_fmt_asc.mapping[*][3].?/0	*global_alloc@PGTYPESdate_fmt_asc.mapping[*][3].?/0
*global_alloc@PGTYPESdate_fmt_asc.mapping[*][3].?/1	*global_alloc@PGTYPESdate_fmt_asc.mapping[*][3].?/1
*global_alloc@PGTYPESdate_fmt_asc.mapping[*][4]	*global_alloc@PGTYPESdate_fmt_asc.mapping[*][4].?/0
*global_alloc@PGTYPESdate_fmt_asc.mapping[*][4].?/0	*global_alloc@PGTYPESdate_fmt_asc.mapping[*][4].?/0
*global_alloc@PGTYPESdate_fmt_asc.mapping[*][4].?/1	*global_alloc@PGTYPESdate_fmt_asc.mapping[*][4].?/1
*global_alloc@PGTYPESdate_fmt_asc.mapping[*][5]	*global_alloc@PGTYPESdate_fmt_asc.mapping[*][5].?/0
*global_alloc@PGTYPESdate_fmt_asc.mapping[*][5].?/0	*global_alloc@PGTYPESdate_fmt_asc.mapping[*][5].?/0
*global_alloc@PGTYPESdate_fmt_asc.mapping[*][5].?/1	*global_alloc@PGTYPESdate_fmt_asc.mapping[*][5].?/1
*global_alloc@PGTYPESdate_fmt_asc.mapping[*][6]	*global_alloc@PGTYPESdate_fmt_asc.mapping[*][6].?/0
*global_alloc@PGTYPESdate_fmt_asc.mapping[*][6].?/0	*global_alloc@PGTYPESdate_fmt_asc.mapping[*][6].?/0
*global_alloc@PGTYPESdate_fmt_asc.mapping[*][6].?/1	*global_alloc@PGTYPESdate_fmt_asc.mapping[*][6].?/1
*global_alloc@deltatktbl[0][*].?/0[*]	*global_alloc@deltatktbl[0][*].?/0[*]
*global_alloc@datetktbl[0][*].?/0[*]	*global_alloc@datetktbl[0][*].?/0[*]
*global_alloc@PGTYPESdate_fmt_asc.mapping	*global_alloc@PGTYPESdate_fmt_asc.mapping[0][0].?/0
*global_alloc@PGTYPESdate_fmt_asc.mapping[0]	*global_alloc@PGTYPESdate_fmt_asc.mapping[0][0].?/0
*global_alloc@PGTYPESdate_fmt_asc.mapping[0][0]	*global_alloc@PGTYPESdate_fmt_asc.mapping[0][0].?/0
*global_alloc@PGTYPESdate_fmt_asc.mapping[0][0].?/0	*global_alloc@PGTYPESdate_fmt_asc.mapping[0][0].?/0
*global_alloc@PGTYPESdate_fmt_asc.mapping[0][0].?/1	*global_alloc@PGTYPESdate_fmt_asc.mapping[0][0].?/1
*global_alloc@PGTYPESdate_fmt_asc.mapping[0][1]	*global_alloc@PGTYPESdate_fmt_asc.mapping[0][1].?/0
*global_alloc@PGTYPESdate_fmt_asc.mapping[0][1].?/0	*global_alloc@PGTYPESdate_fmt_asc.mapping[0][1].?/0
*global_alloc@PGTYPESdate_fmt_asc.mapping[0][1].?/1	*global_alloc@PGTYPESdate_fmt_asc.mapping[0][1].?/1
*global_alloc@PGTYPESdate_fmt_asc.mapping[0][2]	*global_alloc@PGTYPESdate_fmt_asc.mapping[0][2].?/0
*global_alloc@PGTYPESdate_fmt_asc.mapping[0][2].?/0	*global_alloc@PGTYPESdate_fmt_asc.mapping[0][2].?/0
*global_alloc@PGTYPESdate_fmt_asc.mapping[0][2].?/1	*global_alloc@PGTYPESdate_fmt_asc.mapping[0][2].?/1
*global_alloc@PGTYPESdate_fmt_asc.mapping[0][3]	*global_alloc@PGTYPESdate_fmt_asc.mapping[0][3].?/0
*global_alloc@PGTYPESdate_fmt_asc.mapping[0][3].?/0	*global_alloc@PGTYPESdate_fmt_asc.mapping[0][3].?/0
*global_alloc@PGTYPESdate_fmt_asc.mapping[0][3].?/1	*global_alloc@PGTYPESdate_fmt_asc.mapping[0][3].?/1
*global_alloc@PGTYPESdate_fmt_asc.mapping[0][4]	*global_alloc@PGTYPESdate_fmt_asc.mapping[0][4].?/0
*global_alloc@PGTYPESdate_fmt_asc.mapping[0][4].?/0	*global_alloc@PGTYPESdate_fmt_asc.mapping[0][4].?/0
*global_alloc@PGTYPESdate_fmt_asc.mapping[0][4].?/1	*global_alloc@PGTYPESdate_fmt_asc.mapping[0][4].?/1
*global_alloc@PGTYPESdate_fmt_asc.mapping[0][5]	*global_alloc@PGTYPESdate_fmt_asc.mapping[0][5].?/0
*global_alloc@PGTYPESdate_fmt_asc.mapping[0][5].?/0	*global_alloc@PGTYPESdate_fmt_asc.mapping[0][5].?/0
*global_alloc@PGTYPESdate_fmt_asc.mapping[0][5].?/1	*global_alloc@PGTYPESdate_fmt_asc.mapping[0][5].?/1
*global_alloc@PGTYPESdate_fmt_asc.mapping[0][6]	*global_alloc@PGTYPESdate_fmt_asc.mapping[0][6].?/0
*global_alloc@PGTYPESdate_fmt_asc.mapping[0][6].?/0	*global_alloc@PGTYPESdate_fmt_asc.mapping[0][6].?/0
*global_alloc@PGTYPESdate_fmt_asc.mapping[0][6].?/1	*global_alloc@PGTYPESdate_fmt_asc.mapping[0][6].?/1
