</home/yz489/egg-smol-benchmark-pointer-analysis/benchmarks/postgresql-9.5.2/libpgtypes.so.3.6.bc>:PGTYPESnumeric_new	0
</home/yz489/egg-smol-benchmark-pointer-analysis/benchmarks/postgresql-9.5.2/libpgtypes.so.3.6.bc>:PGTYPESdecimal_new	0
</home/yz489/egg-smol-benchmark-pointer-analysis/benchmarks/postgresql-9.5.2/libpgtypes.so.3.6.bc>:PGTYPESnumeric_from_asc	2
</home/yz489/egg-smol-benchmark-pointer-analysis/benchmarks/postgresql-9.5.2/libpgtypes.so.3.6.bc>:PGTYPESnumeric_free	1
</home/yz489/egg-smol-benchmark-pointer-analysis/benchmarks/postgresql-9.5.2/libpgtypes.so.3.6.bc>:PGTYPESnumeric_to_asc	2
</home/yz489/egg-smol-benchmark-pointer-analysis/benchmarks/postgresql-9.5.2/libpgtypes.so.3.6.bc>:PGTYPESnumeric_copy	2
</home/yz489/egg-smol-benchmark-pointer-analysis/benchmarks/postgresql-9.5.2/libpgtypes.so.3.6.bc>:PGTYPESdecimal_free	1
</home/yz489/egg-smol-benchmark-pointer-analysis/benchmarks/postgresql-9.5.2/libpgtypes.so.3.6.bc>:PGTYPESnumeric_add	3
</home/yz489/egg-smol-benchmark-pointer-analysis/benchmarks/postgresql-9.5.2/libpgtypes.so.3.6.bc>:PGTYPESnumeric_sub	3
</home/yz489/egg-smol-benchmark-pointer-analysis/benchmarks/postgresql-9.5.2/libpgtypes.so.3.6.bc>:PGTYPESnumeric_mul	3
</home/yz489/egg-smol-benchmark-pointer-analysis/benchmarks/postgresql-9.5.2/libpgtypes.so.3.6.bc>:PGTYPESnumeric_div	3
</home/yz489/egg-smol-benchmark-pointer-analysis/benchmarks/postgresql-9.5.2/libpgtypes.so.3.6.bc>:PGTYPESnumeric_cmp	2
</home/yz489/egg-smol-benchmark-pointer-analysis/benchmarks/postgresql-9.5.2/libpgtypes.so.3.6.bc>:PGTYPESnumeric_from_int	2
</home/yz489/egg-smol-benchmark-pointer-analysis/benchmarks/postgresql-9.5.2/libpgtypes.so.3.6.bc>:PGTYPESnumeric_from_long	2
</home/yz489/egg-smol-benchmark-pointer-analysis/benchmarks/postgresql-9.5.2/libpgtypes.so.3.6.bc>:PGTYPESnumeric_from_double	2
</home/yz489/egg-smol-benchmark-pointer-analysis/benchmarks/postgresql-9.5.2/libpgtypes.so.3.6.bc>:PGTYPESnumeric_to_double	2
</home/yz489/egg-smol-benchmark-pointer-analysis/benchmarks/postgresql-9.5.2/libpgtypes.so.3.6.bc>:PGTYPESnumeric_to_int	2
</home/yz489/egg-smol-benchmark-pointer-analysis/benchmarks/postgresql-9.5.2/libpgtypes.so.3.6.bc>:PGTYPESnumeric_to_long	2
</home/yz489/egg-smol-benchmark-pointer-analysis/benchmarks/postgresql-9.5.2/libpgtypes.so.3.6.bc>:PGTYPESnumeric_to_decimal	2
</home/yz489/egg-smol-benchmark-pointer-analysis/benchmarks/postgresql-9.5.2/libpgtypes.so.3.6.bc>:PGTYPESnumeric_from_decimal	2
</home/yz489/egg-smol-benchmark-pointer-analysis/benchmarks/postgresql-9.5.2/libpgtypes.so.3.6.bc>:alloc_var	2
</home/yz489/egg-smol-benchmark-pointer-analysis/benchmarks/postgresql-9.5.2/libpgtypes.so.3.6.bc>:set_var_from_str	3
</home/yz489/egg-smol-benchmark-pointer-analysis/benchmarks/postgresql-9.5.2/libpgtypes.so.3.6.bc>:get_str_from_var	2
</home/yz489/egg-smol-benchmark-pointer-analysis/benchmarks/postgresql-9.5.2/libpgtypes.so.3.6.bc>:zero_var	1
</home/yz489/egg-smol-benchmark-pointer-analysis/benchmarks/postgresql-9.5.2/libpgtypes.so.3.6.bc>:add_abs	3
</home/yz489/egg-smol-benchmark-pointer-analysis/benchmarks/postgresql-9.5.2/libpgtypes.so.3.6.bc>:cmp_abs	2
</home/yz489/egg-smol-benchmark-pointer-analysis/benchmarks/postgresql-9.5.2/libpgtypes.so.3.6.bc>:sub_abs	3
</home/yz489/egg-smol-benchmark-pointer-analysis/benchmarks/postgresql-9.5.2/libpgtypes.so.3.6.bc>:select_div_scale	3
</home/yz489/egg-smol-benchmark-pointer-analysis/benchmarks/postgresql-9.5.2/libpgtypes.so.3.6.bc>:numericvar_to_double	2
</home/yz489/egg-smol-benchmark-pointer-analysis/benchmarks/postgresql-9.5.2/libpgtypes.so.3.6.bc>:PGTYPESdate_new	0
</home/yz489/egg-smol-benchmark-pointer-analysis/benchmarks/postgresql-9.5.2/libpgtypes.so.3.6.bc>:PGTYPESdate_free	1
</home/yz489/egg-smol-benchmark-pointer-analysis/benchmarks/postgresql-9.5.2/libpgtypes.so.3.6.bc>:PGTYPESdate_from_timestamp	1
</home/yz489/egg-smol-benchmark-pointer-analysis/benchmarks/postgresql-9.5.2/libpgtypes.so.3.6.bc>:PGTYPESdate_from_asc	2
</home/yz489/egg-smol-benchmark-pointer-analysis/benchmarks/postgresql-9.5.2/libpgtypes.so.3.6.bc>:PGTYPESdate_to_asc	1
</home/yz489/egg-smol-benchmark-pointer-analysis/benchmarks/postgresql-9.5.2/libpgtypes.so.3.6.bc>:PGTYPESdate_julmdy	2
</home/yz489/egg-smol-benchmark-pointer-analysis/benchmarks/postgresql-9.5.2/libpgtypes.so.3.6.bc>:PGTYPESdate_mdyjul	2
</home/yz489/egg-smol-benchmark-pointer-analysis/benchmarks/postgresql-9.5.2/libpgtypes.so.3.6.bc>:PGTYPESdate_dayofweek	1
</home/yz489/egg-smol-benchmark-pointer-analysis/benchmarks/postgresql-9.5.2/libpgtypes.so.3.6.bc>:PGTYPESdate_today	1
</home/yz489/egg-smol-benchmark-pointer-analysis/benchmarks/postgresql-9.5.2/libpgtypes.so.3.6.bc>:PGTYPESdate_fmt_asc	3
</home/yz489/egg-smol-benchmark-pointer-analysis/benchmarks/postgresql-9.5.2/libpgtypes.so.3.6.bc>:PGTYPESdate_defmt_asc	3
</home/yz489/egg-smol-benchmark-pointer-analysis/benchmarks/postgresql-9.5.2/libpgtypes.so.3.6.bc>:pgtypes_alloc	1
</home/yz489/egg-smol-benchmark-pointer-analysis/benchmarks/postgresql-9.5.2/libpgtypes.so.3.6.bc>:pgtypes_strdup	1
</home/yz489/egg-smol-benchmark-pointer-analysis/benchmarks/postgresql-9.5.2/libpgtypes.so.3.6.bc>:pgtypes_fmt_replace	4
</home/yz489/egg-smol-benchmark-pointer-analysis/benchmarks/postgresql-9.5.2/libpgtypes.so.3.6.bc>:DecodeUnits	3
</home/yz489/egg-smol-benchmark-pointer-analysis/benchmarks/postgresql-9.5.2/libpgtypes.so.3.6.bc>:date2j	3
</home/yz489/egg-smol-benchmark-pointer-analysis/benchmarks/postgresql-9.5.2/libpgtypes.so.3.6.bc>:j2date	4
</home/yz489/egg-smol-benchmark-pointer-analysis/benchmarks/postgresql-9.5.2/libpgtypes.so.3.6.bc>:EncodeDateOnly	4
</home/yz489/egg-smol-benchmark-pointer-analysis/benchmarks/postgresql-9.5.2/libpgtypes.so.3.6.bc>:TrimTrailingZeros	1
</home/yz489/egg-smol-benchmark-pointer-analysis/benchmarks/postgresql-9.5.2/libpgtypes.so.3.6.bc>:EncodeDateTime	8
</home/yz489/egg-smol-benchmark-pointer-analysis/benchmarks/postgresql-9.5.2/libpgtypes.so.3.6.bc>:GetEpochTime	1
</home/yz489/egg-smol-benchmark-pointer-analysis/benchmarks/postgresql-9.5.2/libpgtypes.so.3.6.bc>:GetCurrentDateTime	1
</home/yz489/egg-smol-benchmark-pointer-analysis/benchmarks/postgresql-9.5.2/libpgtypes.so.3.6.bc>:dt2time	5
</home/yz489/egg-smol-benchmark-pointer-analysis/benchmarks/postgresql-9.5.2/libpgtypes.so.3.6.bc>:DecodeTime	4
</home/yz489/egg-smol-benchmark-pointer-analysis/benchmarks/postgresql-9.5.2/libpgtypes.so.3.6.bc>:ParseDateTime	6
</home/yz489/egg-smol-benchmark-pointer-analysis/benchmarks/postgresql-9.5.2/libpgtypes.so.3.6.bc>:DecodeDateTime	7
</home/yz489/egg-smol-benchmark-pointer-analysis/benchmarks/postgresql-9.5.2/libpgtypes.so.3.6.bc>:PGTYPEStimestamp_defmt_scan	10
</home/yz489/egg-smol-benchmark-pointer-analysis/benchmarks/postgresql-9.5.2/libpgtypes.so.3.6.bc>:datebsearch	3
</home/yz489/egg-smol-benchmark-pointer-analysis/benchmarks/postgresql-9.5.2/libpgtypes.so.3.6.bc>:abstime2tm	4
</home/yz489/egg-smol-benchmark-pointer-analysis/benchmarks/postgresql-9.5.2/libpgtypes.so.3.6.bc>:DecodeTimezone	2
</home/yz489/egg-smol-benchmark-pointer-analysis/benchmarks/postgresql-9.5.2/libpgtypes.so.3.6.bc>:DecodeNumberField	7
</home/yz489/egg-smol-benchmark-pointer-analysis/benchmarks/postgresql-9.5.2/libpgtypes.so.3.6.bc>:DecodePosixTimezone	2
</home/yz489/egg-smol-benchmark-pointer-analysis/benchmarks/postgresql-9.5.2/libpgtypes.so.3.6.bc>:DecodeDate	5
</home/yz489/egg-smol-benchmark-pointer-analysis/benchmarks/postgresql-9.5.2/libpgtypes.so.3.6.bc>:DecodeNumber	8
</home/yz489/egg-smol-benchmark-pointer-analysis/benchmarks/postgresql-9.5.2/libpgtypes.so.3.6.bc>:DecodeSpecial	3
</home/yz489/egg-smol-benchmark-pointer-analysis/benchmarks/postgresql-9.5.2/libpgtypes.so.3.6.bc>:pgtypes_defmt_scan	4
</home/yz489/egg-smol-benchmark-pointer-analysis/benchmarks/postgresql-9.5.2/libpgtypes.so.3.6.bc>:find_end_token	2
</home/yz489/egg-smol-benchmark-pointer-analysis/benchmarks/postgresql-9.5.2/libpgtypes.so.3.6.bc>:tm2timestamp	4
</home/yz489/egg-smol-benchmark-pointer-analysis/benchmarks/postgresql-9.5.2/libpgtypes.so.3.6.bc>:PGTYPEStimestamp_from_asc	2
</home/yz489/egg-smol-benchmark-pointer-analysis/benchmarks/postgresql-9.5.2/libpgtypes.so.3.6.bc>:PGTYPEStimestamp_to_asc	1
</home/yz489/egg-smol-benchmark-pointer-analysis/benchmarks/postgresql-9.5.2/libpgtypes.so.3.6.bc>:PGTYPEStimestamp_current	1
</home/yz489/egg-smol-benchmark-pointer-analysis/benchmarks/postgresql-9.5.2/libpgtypes.so.3.6.bc>:PGTYPEStimestamp_fmt_asc	4
</home/yz489/egg-smol-benchmark-pointer-analysis/benchmarks/postgresql-9.5.2/libpgtypes.so.3.6.bc>:PGTYPEStimestamp_sub	3
</home/yz489/egg-smol-benchmark-pointer-analysis/benchmarks/postgresql-9.5.2/libpgtypes.so.3.6.bc>:PGTYPEStimestamp_defmt_asc	3
</home/yz489/egg-smol-benchmark-pointer-analysis/benchmarks/postgresql-9.5.2/libpgtypes.so.3.6.bc>:PGTYPEStimestamp_add_interval	3
</home/yz489/egg-smol-benchmark-pointer-analysis/benchmarks/postgresql-9.5.2/libpgtypes.so.3.6.bc>:PGTYPEStimestamp_sub_interval	3
</home/yz489/egg-smol-benchmark-pointer-analysis/benchmarks/postgresql-9.5.2/libpgtypes.so.3.6.bc>:time2t	4
</home/yz489/egg-smol-benchmark-pointer-analysis/benchmarks/postgresql-9.5.2/libpgtypes.so.3.6.bc>:dt2local	2
</home/yz489/egg-smol-benchmark-pointer-analysis/benchmarks/postgresql-9.5.2/libpgtypes.so.3.6.bc>:SetEpochTimestamp	0
</home/yz489/egg-smol-benchmark-pointer-analysis/benchmarks/postgresql-9.5.2/libpgtypes.so.3.6.bc>:EncodeSpecialTimestamp	2
</home/yz489/egg-smol-benchmark-pointer-analysis/benchmarks/postgresql-9.5.2/libpgtypes.so.3.6.bc>:timestamp2tm	5
</home/yz489/egg-smol-benchmark-pointer-analysis/benchmarks/postgresql-9.5.2/libpgtypes.so.3.6.bc>:dttofmtasc_replace	7
</home/yz489/egg-smol-benchmark-pointer-analysis/benchmarks/postgresql-9.5.2/libpgtypes.so.3.6.bc>:DecodeInterval	6
</home/yz489/egg-smol-benchmark-pointer-analysis/benchmarks/postgresql-9.5.2/libpgtypes.so.3.6.bc>:EncodeInterval	4
</home/yz489/egg-smol-benchmark-pointer-analysis/benchmarks/postgresql-9.5.2/libpgtypes.so.3.6.bc>:PGTYPESinterval_new	0
</home/yz489/egg-smol-benchmark-pointer-analysis/benchmarks/postgresql-9.5.2/libpgtypes.so.3.6.bc>:PGTYPESinterval_free	1
</home/yz489/egg-smol-benchmark-pointer-analysis/benchmarks/postgresql-9.5.2/libpgtypes.so.3.6.bc>:PGTYPESinterval_from_asc	2
</home/yz489/egg-smol-benchmark-pointer-analysis/benchmarks/postgresql-9.5.2/libpgtypes.so.3.6.bc>:PGTYPESinterval_to_asc	1
</home/yz489/egg-smol-benchmark-pointer-analysis/benchmarks/postgresql-9.5.2/libpgtypes.so.3.6.bc>:PGTYPESinterval_copy	2
</home/yz489/egg-smol-benchmark-pointer-analysis/benchmarks/postgresql-9.5.2/libpgtypes.so.3.6.bc>:ClearPgTm	2
</home/yz489/egg-smol-benchmark-pointer-analysis/benchmarks/postgresql-9.5.2/libpgtypes.so.3.6.bc>:strtoi	3
</home/yz489/egg-smol-benchmark-pointer-analysis/benchmarks/postgresql-9.5.2/libpgtypes.so.3.6.bc>:AdjustFractSeconds	4
</home/yz489/egg-smol-benchmark-pointer-analysis/benchmarks/postgresql-9.5.2/libpgtypes.so.3.6.bc>:AdjustFractDays	4
</home/yz489/egg-smol-benchmark-pointer-analysis/benchmarks/postgresql-9.5.2/libpgtypes.so.3.6.bc>:AppendSeconds	5
</home/yz489/egg-smol-benchmark-pointer-analysis/benchmarks/postgresql-9.5.2/libpgtypes.so.3.6.bc>:AddISO8601IntPart	3
</home/yz489/egg-smol-benchmark-pointer-analysis/benchmarks/postgresql-9.5.2/libpgtypes.so.3.6.bc>:AddPostgresIntPart	5
</home/yz489/egg-smol-benchmark-pointer-analysis/benchmarks/postgresql-9.5.2/libpgtypes.so.3.6.bc>:AddVerboseIntPart	5
</home/yz489/egg-smol-benchmark-pointer-analysis/benchmarks/postgresql-9.5.2/libpgtypes.so.3.6.bc>:DecodeISO8601Interval	4
</home/yz489/egg-smol-benchmark-pointer-analysis/benchmarks/postgresql-9.5.2/libpgtypes.so.3.6.bc>:tm2interval	3
</home/yz489/egg-smol-benchmark-pointer-analysis/benchmarks/postgresql-9.5.2/libpgtypes.so.3.6.bc>:interval2tm	4
</home/yz489/egg-smol-benchmark-pointer-analysis/benchmarks/postgresql-9.5.2/libpgtypes.so.3.6.bc>:ParseISO8601Number	4
</home/yz489/egg-smol-benchmark-pointer-analysis/benchmarks/postgresql-9.5.2/libpgtypes.so.3.6.bc>:ISO8601IntegerWidth	1
</home/yz489/egg-smol-benchmark-pointer-analysis/benchmarks/postgresql-9.5.2/libpgtypes.so.3.6.bc>:pg_strcasecmp	2
</home/yz489/egg-smol-benchmark-pointer-analysis/benchmarks/postgresql-9.5.2/libpgtypes.so.3.6.bc>:pg_strncasecmp	3
</home/yz489/egg-smol-benchmark-pointer-analysis/benchmarks/postgresql-9.5.2/libpgtypes.so.3.6.bc>:pg_toupper	1
</home/yz489/egg-smol-benchmark-pointer-analysis/benchmarks/postgresql-9.5.2/libpgtypes.so.3.6.bc>:pg_tolower	1
</home/yz489/egg-smol-benchmark-pointer-analysis/benchmarks/postgresql-9.5.2/libpgtypes.so.3.6.bc>:pg_ascii_toupper	1
</home/yz489/egg-smol-benchmark-pointer-analysis/benchmarks/postgresql-9.5.2/libpgtypes.so.3.6.bc>:pg_ascii_tolower	1
