</home/yz489/egg-smol-benchmark-pointer-analysis/benchmarks/postgresql-9.5.2/libpgtypes.so.3.6.bc>:PGTYPESnumeric_from_asc	0	</home/yz489/egg-smol-benchmark-pointer-analysis/benchmarks/postgresql-9.5.2/libpgtypes.so.3.6.bc>:PGTYPESnumeric_from_asc:%str
</home/yz489/egg-smol-benchmark-pointer-analysis/benchmarks/postgresql-9.5.2/libpgtypes.so.3.6.bc>:PGTYPESnumeric_from_asc	1	</home/yz489/egg-smol-benchmark-pointer-analysis/benchmarks/postgresql-9.5.2/libpgtypes.so.3.6.bc>:PGTYPESnumeric_from_asc:%endptr
</home/yz489/egg-smol-benchmark-pointer-analysis/benchmarks/postgresql-9.5.2/libpgtypes.so.3.6.bc>:PGTYPESnumeric_free	0	</home/yz489/egg-smol-benchmark-pointer-analysis/benchmarks/postgresql-9.5.2/libpgtypes.so.3.6.bc>:PGTYPESnumeric_free:%var
</home/yz489/egg-smol-benchmark-pointer-analysis/benchmarks/postgresql-9.5.2/libpgtypes.so.3.6.bc>:PGTYPESnumeric_to_asc	0	</home/yz489/egg-smol-benchmark-pointer-analysis/benchmarks/postgresql-9.5.2/libpgtypes.so.3.6.bc>:PGTYPESnumeric_to_asc:%num
</home/yz489/egg-smol-benchmark-pointer-analysis/benchmarks/postgresql-9.5.2/libpgtypes.so.3.6.bc>:PGTYPESnumeric_to_asc	1	</home/yz489/egg-smol-benchmark-pointer-analysis/benchmarks/postgresql-9.5.2/libpgtypes.so.3.6.bc>:PGTYPESnumeric_to_asc:%dscale
</home/yz489/egg-smol-benchmark-pointer-analysis/benchmarks/postgresql-9.5.2/libpgtypes.so.3.6.bc>:PGTYPESnumeric_copy	0	</home/yz489/egg-smol-benchmark-pointer-analysis/benchmarks/postgresql-9.5.2/libpgtypes.so.3.6.bc>:PGTYPESnumeric_copy:%src
</home/yz489/egg-smol-benchmark-pointer-analysis/benchmarks/postgresql-9.5.2/libpgtypes.so.3.6.bc>:PGTYPESnumeric_copy	1	</home/yz489/egg-smol-benchmark-pointer-analysis/benchmarks/postgresql-9.5.2/libpgtypes.so.3.6.bc>:PGTYPESnumeric_copy:%dst
</home/yz489/egg-smol-benchmark-pointer-analysis/benchmarks/postgresql-9.5.2/libpgtypes.so.3.6.bc>:PGTYPESdecimal_free	0	</home/yz489/egg-smol-benchmark-pointer-analysis/benchmarks/postgresql-9.5.2/libpgtypes.so.3.6.bc>:PGTYPESdecimal_free:%var
</home/yz489/egg-smol-benchmark-pointer-analysis/benchmarks/postgresql-9.5.2/libpgtypes.so.3.6.bc>:PGTYPESnumeric_add	0	</home/yz489/egg-smol-benchmark-pointer-analysis/benchmarks/postgresql-9.5.2/libpgtypes.so.3.6.bc>:PGTYPESnumeric_add:%var1
</home/yz489/egg-smol-benchmark-pointer-analysis/benchmarks/postgresql-9.5.2/libpgtypes.so.3.6.bc>:PGTYPESnumeric_add	1	</home/yz489/egg-smol-benchmark-pointer-analysis/benchmarks/postgresql-9.5.2/libpgtypes.so.3.6.bc>:PGTYPESnumeric_add:%var2
</home/yz489/egg-smol-benchmark-pointer-analysis/benchmarks/postgresql-9.5.2/libpgtypes.so.3.6.bc>:PGTYPESnumeric_add	2	</home/yz489/egg-smol-benchmark-pointer-analysis/benchmarks/postgresql-9.5.2/libpgtypes.so.3.6.bc>:PGTYPESnumeric_add:%result
</home/yz489/egg-smol-benchmark-pointer-analysis/benchmarks/postgresql-9.5.2/libpgtypes.so.3.6.bc>:PGTYPESnumeric_sub	0	</home/yz489/egg-smol-benchmark-pointer-analysis/benchmarks/postgresql-9.5.2/libpgtypes.so.3.6.bc>:PGTYPESnumeric_sub:%var1
</home/yz489/egg-smol-benchmark-pointer-analysis/benchmarks/postgresql-9.5.2/libpgtypes.so.3.6.bc>:PGTYPESnumeric_sub	1	</home/yz489/egg-smol-benchmark-pointer-analysis/benchmarks/postgresql-9.5.2/libpgtypes.so.3.6.bc>:PGTYPESnumeric_sub:%var2
</home/yz489/egg-smol-benchmark-pointer-analysis/benchmarks/postgresql-9.5.2/libpgtypes.so.3.6.bc>:PGTYPESnumeric_sub	2	</home/yz489/egg-smol-benchmark-pointer-analysis/benchmarks/postgresql-9.5.2/libpgtypes.so.3.6.bc>:PGTYPESnumeric_sub:%result
</home/yz489/egg-smol-benchmark-pointer-analysis/benchmarks/postgresql-9.5.2/libpgtypes.so.3.6.bc>:PGTYPESnumeric_mul	0	</home/yz489/egg-smol-benchmark-pointer-analysis/benchmarks/postgresql-9.5.2/libpgtypes.so.3.6.bc>:PGTYPESnumeric_mul:%var1
</home/yz489/egg-smol-benchmark-pointer-analysis/benchmarks/postgresql-9.5.2/libpgtypes.so.3.6.bc>:PGTYPESnumeric_mul	1	</home/yz489/egg-smol-benchmark-pointer-analysis/benchmarks/postgresql-9.5.2/libpgtypes.so.3.6.bc>:PGTYPESnumeric_mul:%var2
</home/yz489/egg-smol-benchmark-pointer-analysis/benchmarks/postgresql-9.5.2/libpgtypes.so.3.6.bc>:PGTYPESnumeric_mul	2	</home/yz489/egg-smol-benchmark-pointer-analysis/benchmarks/postgresql-9.5.2/libpgtypes.so.3.6.bc>:PGTYPESnumeric_mul:%result
</home/yz489/egg-smol-benchmark-pointer-analysis/benchmarks/postgresql-9.5.2/libpgtypes.so.3.6.bc>:PGTYPESnumeric_div	0	</home/yz489/egg-smol-benchmark-pointer-analysis/benchmarks/postgresql-9.5.2/libpgtypes.so.3.6.bc>:PGTYPESnumeric_div:%var1
</home/yz489/egg-smol-benchmark-pointer-analysis/benchmarks/postgresql-9.5.2/libpgtypes.so.3.6.bc>:PGTYPESnumeric_div	1	</home/yz489/egg-smol-benchmark-pointer-analysis/benchmarks/postgresql-9.5.2/libpgtypes.so.3.6.bc>:PGTYPESnumeric_div:%var2
</home/yz489/egg-smol-benchmark-pointer-analysis/benchmarks/postgresql-9.5.2/libpgtypes.so.3.6.bc>:PGTYPESnumeric_div	2	</home/yz489/egg-smol-benchmark-pointer-analysis/benchmarks/postgresql-9.5.2/libpgtypes.so.3.6.bc>:PGTYPESnumeric_div:%result
</home/yz489/egg-smol-benchmark-pointer-analysis/benchmarks/postgresql-9.5.2/libpgtypes.so.3.6.bc>:PGTYPESnumeric_cmp	0	</home/yz489/egg-smol-benchmark-pointer-analysis/benchmarks/postgresql-9.5.2/libpgtypes.so.3.6.bc>:PGTYPESnumeric_cmp:%var1
</home/yz489/egg-smol-benchmark-pointer-analysis/benchmarks/postgresql-9.5.2/libpgtypes.so.3.6.bc>:PGTYPESnumeric_cmp	1	</home/yz489/egg-smol-benchmark-pointer-analysis/benchmarks/postgresql-9.5.2/libpgtypes.so.3.6.bc>:PGTYPESnumeric_cmp:%var2
</home/yz489/egg-smol-benchmark-pointer-analysis/benchmarks/postgresql-9.5.2/libpgtypes.so.3.6.bc>:PGTYPESnumeric_from_int	0	</home/yz489/egg-smol-benchmark-pointer-analysis/benchmarks/postgresql-9.5.2/libpgtypes.so.3.6.bc>:PGTYPESnumeric_from_int:%int_val
</home/yz489/egg-smol-benchmark-pointer-analysis/benchmarks/postgresql-9.5.2/libpgtypes.so.3.6.bc>:PGTYPESnumeric_from_int	1	</home/yz489/egg-smol-benchmark-pointer-analysis/benchmarks/postgresql-9.5.2/libpgtypes.so.3.6.bc>:PGTYPESnumeric_from_int:%var
</home/yz489/egg-smol-benchmark-pointer-analysis/benchmarks/postgresql-9.5.2/libpgtypes.so.3.6.bc>:PGTYPESnumeric_from_long	0	</home/yz489/egg-smol-benchmark-pointer-analysis/benchmarks/postgresql-9.5.2/libpgtypes.so.3.6.bc>:PGTYPESnumeric_from_long:%long_val
</home/yz489/egg-smol-benchmark-pointer-analysis/benchmarks/postgresql-9.5.2/libpgtypes.so.3.6.bc>:PGTYPESnumeric_from_long	1	</home/yz489/egg-smol-benchmark-pointer-analysis/benchmarks/postgresql-9.5.2/libpgtypes.so.3.6.bc>:PGTYPESnumeric_from_long:%var
</home/yz489/egg-smol-benchmark-pointer-analysis/benchmarks/postgresql-9.5.2/libpgtypes.so.3.6.bc>:PGTYPESnumeric_from_double	0	</home/yz489/egg-smol-benchmark-pointer-analysis/benchmarks/postgresql-9.5.2/libpgtypes.so.3.6.bc>:PGTYPESnumeric_from_double:%d
</home/yz489/egg-smol-benchmark-pointer-analysis/benchmarks/postgresql-9.5.2/libpgtypes.so.3.6.bc>:PGTYPESnumeric_from_double	1	</home/yz489/egg-smol-benchmark-pointer-analysis/benchmarks/postgresql-9.5.2/libpgtypes.so.3.6.bc>:PGTYPESnumeric_from_double:%dst
</home/yz489/egg-smol-benchmark-pointer-analysis/benchmarks/postgresql-9.5.2/libpgtypes.so.3.6.bc>:PGTYPESnumeric_to_double	0	</home/yz489/egg-smol-benchmark-pointer-analysis/benchmarks/postgresql-9.5.2/libpgtypes.so.3.6.bc>:PGTYPESnumeric_to_double:%nv
</home/yz489/egg-smol-benchmark-pointer-analysis/benchmarks/postgresql-9.5.2/libpgtypes.so.3.6.bc>:PGTYPESnumeric_to_double	1	</home/yz489/egg-smol-benchmark-pointer-analysis/benchmarks/postgresql-9.5.2/libpgtypes.so.3.6.bc>:PGTYPESnumeric_to_double:%dp
</home/yz489/egg-smol-benchmark-pointer-analysis/benchmarks/postgresql-9.5.2/libpgtypes.so.3.6.bc>:PGTYPESnumeric_to_int	0	</home/yz489/egg-smol-benchmark-pointer-analysis/benchmarks/postgresql-9.5.2/libpgtypes.so.3.6.bc>:PGTYPESnumeric_to_int:%nv
</home/yz489/egg-smol-benchmark-pointer-analysis/benchmarks/postgresql-9.5.2/libpgtypes.so.3.6.bc>:PGTYPESnumeric_to_int	1	</home/yz489/egg-smol-benchmark-pointer-analysis/benchmarks/postgresql-9.5.2/libpgtypes.so.3.6.bc>:PGTYPESnumeric_to_int:%ip
</home/yz489/egg-smol-benchmark-pointer-analysis/benchmarks/postgresql-9.5.2/libpgtypes.so.3.6.bc>:PGTYPESnumeric_to_long	0	</home/yz489/egg-smol-benchmark-pointer-analysis/benchmarks/postgresql-9.5.2/libpgtypes.so.3.6.bc>:PGTYPESnumeric_to_long:%nv
</home/yz489/egg-smol-benchmark-pointer-analysis/benchmarks/postgresql-9.5.2/libpgtypes.so.3.6.bc>:PGTYPESnumeric_to_long	1	</home/yz489/egg-smol-benchmark-pointer-analysis/benchmarks/postgresql-9.5.2/libpgtypes.so.3.6.bc>:PGTYPESnumeric_to_long:%lp
</home/yz489/egg-smol-benchmark-pointer-analysis/benchmarks/postgresql-9.5.2/libpgtypes.so.3.6.bc>:PGTYPESnumeric_to_decimal	0	</home/yz489/egg-smol-benchmark-pointer-analysis/benchmarks/postgresql-9.5.2/libpgtypes.so.3.6.bc>:PGTYPESnumeric_to_decimal:%src
</home/yz489/egg-smol-benchmark-pointer-analysis/benchmarks/postgresql-9.5.2/libpgtypes.so.3.6.bc>:PGTYPESnumeric_to_decimal	1	</home/yz489/egg-smol-benchmark-pointer-analysis/benchmarks/postgresql-9.5.2/libpgtypes.so.3.6.bc>:PGTYPESnumeric_to_decimal:%dst
</home/yz489/egg-smol-benchmark-pointer-analysis/benchmarks/postgresql-9.5.2/libpgtypes.so.3.6.bc>:PGTYPESnumeric_from_decimal	0	</home/yz489/egg-smol-benchmark-pointer-analysis/benchmarks/postgresql-9.5.2/libpgtypes.so.3.6.bc>:PGTYPESnumeric_from_decimal:%src
</home/yz489/egg-smol-benchmark-pointer-analysis/benchmarks/postgresql-9.5.2/libpgtypes.so.3.6.bc>:PGTYPESnumeric_from_decimal	1	</home/yz489/egg-smol-benchmark-pointer-analysis/benchmarks/postgresql-9.5.2/libpgtypes.so.3.6.bc>:PGTYPESnumeric_from_decimal:%dst
</home/yz489/egg-smol-benchmark-pointer-analysis/benchmarks/postgresql-9.5.2/libpgtypes.so.3.6.bc>:alloc_var	0	</home/yz489/egg-smol-benchmark-pointer-analysis/benchmarks/postgresql-9.5.2/libpgtypes.so.3.6.bc>:alloc_var:%var
</home/yz489/egg-smol-benchmark-pointer-analysis/benchmarks/postgresql-9.5.2/libpgtypes.so.3.6.bc>:alloc_var	1	</home/yz489/egg-smol-benchmark-pointer-analysis/benchmarks/postgresql-9.5.2/libpgtypes.so.3.6.bc>:alloc_var:%ndigits
</home/yz489/egg-smol-benchmark-pointer-analysis/benchmarks/postgresql-9.5.2/libpgtypes.so.3.6.bc>:set_var_from_str	0	</home/yz489/egg-smol-benchmark-pointer-analysis/benchmarks/postgresql-9.5.2/libpgtypes.so.3.6.bc>:set_var_from_str:%str
</home/yz489/egg-smol-benchmark-pointer-analysis/benchmarks/postgresql-9.5.2/libpgtypes.so.3.6.bc>:set_var_from_str	1	</home/yz489/egg-smol-benchmark-pointer-analysis/benchmarks/postgresql-9.5.2/libpgtypes.so.3.6.bc>:set_var_from_str:%ptr
</home/yz489/egg-smol-benchmark-pointer-analysis/benchmarks/postgresql-9.5.2/libpgtypes.so.3.6.bc>:set_var_from_str	2	</home/yz489/egg-smol-benchmark-pointer-analysis/benchmarks/postgresql-9.5.2/libpgtypes.so.3.6.bc>:set_var_from_str:%dest
</home/yz489/egg-smol-benchmark-pointer-analysis/benchmarks/postgresql-9.5.2/libpgtypes.so.3.6.bc>:get_str_from_var	0	</home/yz489/egg-smol-benchmark-pointer-analysis/benchmarks/postgresql-9.5.2/libpgtypes.so.3.6.bc>:get_str_from_var:%var
</home/yz489/egg-smol-benchmark-pointer-analysis/benchmarks/postgresql-9.5.2/libpgtypes.so.3.6.bc>:get_str_from_var	1	</home/yz489/egg-smol-benchmark-pointer-analysis/benchmarks/postgresql-9.5.2/libpgtypes.so.3.6.bc>:get_str_from_var:%dscale
</home/yz489/egg-smol-benchmark-pointer-analysis/benchmarks/postgresql-9.5.2/libpgtypes.so.3.6.bc>:zero_var	0	</home/yz489/egg-smol-benchmark-pointer-analysis/benchmarks/postgresql-9.5.2/libpgtypes.so.3.6.bc>:zero_var:%var
</home/yz489/egg-smol-benchmark-pointer-analysis/benchmarks/postgresql-9.5.2/libpgtypes.so.3.6.bc>:add_abs	0	</home/yz489/egg-smol-benchmark-pointer-analysis/benchmarks/postgresql-9.5.2/libpgtypes.so.3.6.bc>:add_abs:%var1
</home/yz489/egg-smol-benchmark-pointer-analysis/benchmarks/postgresql-9.5.2/libpgtypes.so.3.6.bc>:add_abs	1	</home/yz489/egg-smol-benchmark-pointer-analysis/benchmarks/postgresql-9.5.2/libpgtypes.so.3.6.bc>:add_abs:%var2
</home/yz489/egg-smol-benchmark-pointer-analysis/benchmarks/postgresql-9.5.2/libpgtypes.so.3.6.bc>:add_abs	2	</home/yz489/egg-smol-benchmark-pointer-analysis/benchmarks/postgresql-9.5.2/libpgtypes.so.3.6.bc>:add_abs:%result
</home/yz489/egg-smol-benchmark-pointer-analysis/benchmarks/postgresql-9.5.2/libpgtypes.so.3.6.bc>:cmp_abs	0	</home/yz489/egg-smol-benchmark-pointer-analysis/benchmarks/postgresql-9.5.2/libpgtypes.so.3.6.bc>:cmp_abs:%var1
</home/yz489/egg-smol-benchmark-pointer-analysis/benchmarks/postgresql-9.5.2/libpgtypes.so.3.6.bc>:cmp_abs	1	</home/yz489/egg-smol-benchmark-pointer-analysis/benchmarks/postgresql-9.5.2/libpgtypes.so.3.6.bc>:cmp_abs:%var2
</home/yz489/egg-smol-benchmark-pointer-analysis/benchmarks/postgresql-9.5.2/libpgtypes.so.3.6.bc>:sub_abs	0	</home/yz489/egg-smol-benchmark-pointer-analysis/benchmarks/postgresql-9.5.2/libpgtypes.so.3.6.bc>:sub_abs:%var1
</home/yz489/egg-smol-benchmark-pointer-analysis/benchmarks/postgresql-9.5.2/libpgtypes.so.3.6.bc>:sub_abs	1	</home/yz489/egg-smol-benchmark-pointer-analysis/benchmarks/postgresql-9.5.2/libpgtypes.so.3.6.bc>:sub_abs:%var2
</home/yz489/egg-smol-benchmark-pointer-analysis/benchmarks/postgresql-9.5.2/libpgtypes.so.3.6.bc>:sub_abs	2	</home/yz489/egg-smol-benchmark-pointer-analysis/benchmarks/postgresql-9.5.2/libpgtypes.so.3.6.bc>:sub_abs:%result
</home/yz489/egg-smol-benchmark-pointer-analysis/benchmarks/postgresql-9.5.2/libpgtypes.so.3.6.bc>:select_div_scale	0	</home/yz489/egg-smol-benchmark-pointer-analysis/benchmarks/postgresql-9.5.2/libpgtypes.so.3.6.bc>:select_div_scale:%var1
</home/yz489/egg-smol-benchmark-pointer-analysis/benchmarks/postgresql-9.5.2/libpgtypes.so.3.6.bc>:select_div_scale	1	</home/yz489/egg-smol-benchmark-pointer-analysis/benchmarks/postgresql-9.5.2/libpgtypes.so.3.6.bc>:select_div_scale:%var2
</home/yz489/egg-smol-benchmark-pointer-analysis/benchmarks/postgresql-9.5.2/libpgtypes.so.3.6.bc>:select_div_scale	2	</home/yz489/egg-smol-benchmark-pointer-analysis/benchmarks/postgresql-9.5.2/libpgtypes.so.3.6.bc>:select_div_scale:%rscale
</home/yz489/egg-smol-benchmark-pointer-analysis/benchmarks/postgresql-9.5.2/libpgtypes.so.3.6.bc>:numericvar_to_double	0	</home/yz489/egg-smol-benchmark-pointer-analysis/benchmarks/postgresql-9.5.2/libpgtypes.so.3.6.bc>:numericvar_to_double:%var
</home/yz489/egg-smol-benchmark-pointer-analysis/benchmarks/postgresql-9.5.2/libpgtypes.so.3.6.bc>:numericvar_to_double	1	</home/yz489/egg-smol-benchmark-pointer-analysis/benchmarks/postgresql-9.5.2/libpgtypes.so.3.6.bc>:numericvar_to_double:%dp
</home/yz489/egg-smol-benchmark-pointer-analysis/benchmarks/postgresql-9.5.2/libpgtypes.so.3.6.bc>:PGTYPESdate_free	0	</home/yz489/egg-smol-benchmark-pointer-analysis/benchmarks/postgresql-9.5.2/libpgtypes.so.3.6.bc>:PGTYPESdate_free:%d
</home/yz489/egg-smol-benchmark-pointer-analysis/benchmarks/postgresql-9.5.2/libpgtypes.so.3.6.bc>:PGTYPESdate_from_timestamp	0	</home/yz489/egg-smol-benchmark-pointer-analysis/benchmarks/postgresql-9.5.2/libpgtypes.so.3.6.bc>:PGTYPESdate_from_timestamp:%dt
</home/yz489/egg-smol-benchmark-pointer-analysis/benchmarks/postgresql-9.5.2/libpgtypes.so.3.6.bc>:PGTYPESdate_from_asc	0	</home/yz489/egg-smol-benchmark-pointer-analysis/benchmarks/postgresql-9.5.2/libpgtypes.so.3.6.bc>:PGTYPESdate_from_asc:%str
</home/yz489/egg-smol-benchmark-pointer-analysis/benchmarks/postgresql-9.5.2/libpgtypes.so.3.6.bc>:PGTYPESdate_from_asc	1	</home/yz489/egg-smol-benchmark-pointer-analysis/benchmarks/postgresql-9.5.2/libpgtypes.so.3.6.bc>:PGTYPESdate_from_asc:%endptr
</home/yz489/egg-smol-benchmark-pointer-analysis/benchmarks/postgresql-9.5.2/libpgtypes.so.3.6.bc>:PGTYPESdate_to_asc	0	</home/yz489/egg-smol-benchmark-pointer-analysis/benchmarks/postgresql-9.5.2/libpgtypes.so.3.6.bc>:PGTYPESdate_to_asc:%dDate
</home/yz489/egg-smol-benchmark-pointer-analysis/benchmarks/postgresql-9.5.2/libpgtypes.so.3.6.bc>:PGTYPESdate_julmdy	0	</home/yz489/egg-smol-benchmark-pointer-analysis/benchmarks/postgresql-9.5.2/libpgtypes.so.3.6.bc>:PGTYPESdate_julmdy:%jd
</home/yz489/egg-smol-benchmark-pointer-analysis/benchmarks/postgresql-9.5.2/libpgtypes.so.3.6.bc>:PGTYPESdate_julmdy	1	</home/yz489/egg-smol-benchmark-pointer-analysis/benchmarks/postgresql-9.5.2/libpgtypes.so.3.6.bc>:PGTYPESdate_julmdy:%mdy
</home/yz489/egg-smol-benchmark-pointer-analysis/benchmarks/postgresql-9.5.2/libpgtypes.so.3.6.bc>:PGTYPESdate_mdyjul	0	</home/yz489/egg-smol-benchmark-pointer-analysis/benchmarks/postgresql-9.5.2/libpgtypes.so.3.6.bc>:PGTYPESdate_mdyjul:%mdy
</home/yz489/egg-smol-benchmark-pointer-analysis/benchmarks/postgresql-9.5.2/libpgtypes.so.3.6.bc>:PGTYPESdate_mdyjul	1	</home/yz489/egg-smol-benchmark-pointer-analysis/benchmarks/postgresql-9.5.2/libpgtypes.so.3.6.bc>:PGTYPESdate_mdyjul:%jdate
</home/yz489/egg-smol-benchmark-pointer-analysis/benchmarks/postgresql-9.5.2/libpgtypes.so.3.6.bc>:PGTYPESdate_dayofweek	0	</home/yz489/egg-smol-benchmark-pointer-analysis/benchmarks/postgresql-9.5.2/libpgtypes.so.3.6.bc>:PGTYPESdate_dayofweek:%dDate
</home/yz489/egg-smol-benchmark-pointer-analysis/benchmarks/postgresql-9.5.2/libpgtypes.so.3.6.bc>:PGTYPESdate_today	0	</home/yz489/egg-smol-benchmark-pointer-analysis/benchmarks/postgresql-9.5.2/libpgtypes.so.3.6.bc>:PGTYPESdate_today:%d
</home/yz489/egg-smol-benchmark-pointer-analysis/benchmarks/postgresql-9.5.2/libpgtypes.so.3.6.bc>:PGTYPESdate_fmt_asc	0	</home/yz489/egg-smol-benchmark-pointer-analysis/benchmarks/postgresql-9.5.2/libpgtypes.so.3.6.bc>:PGTYPESdate_fmt_asc:%dDate
</home/yz489/egg-smol-benchmark-pointer-analysis/benchmarks/postgresql-9.5.2/libpgtypes.so.3.6.bc>:PGTYPESdate_fmt_asc	1	</home/yz489/egg-smol-benchmark-pointer-analysis/benchmarks/postgresql-9.5.2/libpgtypes.so.3.6.bc>:PGTYPESdate_fmt_asc:%fmtstring
</home/yz489/egg-smol-benchmark-pointer-analysis/benchmarks/postgresql-9.5.2/libpgtypes.so.3.6.bc>:PGTYPESdate_fmt_asc	2	</home/yz489/egg-smol-benchmark-pointer-analysis/benchmarks/postgresql-9.5.2/libpgtypes.so.3.6.bc>:PGTYPESdate_fmt_asc:%outbuf
</home/yz489/egg-smol-benchmark-pointer-analysis/benchmarks/postgresql-9.5.2/libpgtypes.so.3.6.bc>:PGTYPESdate_defmt_asc	0	</home/yz489/egg-smol-benchmark-pointer-analysis/benchmarks/postgresql-9.5.2/libpgtypes.so.3.6.bc>:PGTYPESdate_defmt_asc:%d
</home/yz489/egg-smol-benchmark-pointer-analysis/benchmarks/postgresql-9.5.2/libpgtypes.so.3.6.bc>:PGTYPESdate_defmt_asc	1	</home/yz489/egg-smol-benchmark-pointer-analysis/benchmarks/postgresql-9.5.2/libpgtypes.so.3.6.bc>:PGTYPESdate_defmt_asc:%fmt
</home/yz489/egg-smol-benchmark-pointer-analysis/benchmarks/postgresql-9.5.2/libpgtypes.so.3.6.bc>:PGTYPESdate_defmt_asc	2	</home/yz489/egg-smol-benchmark-pointer-analysis/benchmarks/postgresql-9.5.2/libpgtypes.so.3.6.bc>:PGTYPESdate_defmt_asc:%str
</home/yz489/egg-smol-benchmark-pointer-analysis/benchmarks/postgresql-9.5.2/libpgtypes.so.3.6.bc>:pgtypes_alloc	0	</home/yz489/egg-smol-benchmark-pointer-analysis/benchmarks/postgresql-9.5.2/libpgtypes.so.3.6.bc>:pgtypes_alloc:%size
</home/yz489/egg-smol-benchmark-pointer-analysis/benchmarks/postgresql-9.5.2/libpgtypes.so.3.6.bc>:pgtypes_strdup	0	</home/yz489/egg-smol-benchmark-pointer-analysis/benchmarks/postgresql-9.5.2/libpgtypes.so.3.6.bc>:pgtypes_strdup:%str
</home/yz489/egg-smol-benchmark-pointer-analysis/benchmarks/postgresql-9.5.2/libpgtypes.so.3.6.bc>:pgtypes_fmt_replace	0	</home/yz489/egg-smol-benchmark-pointer-analysis/benchmarks/postgresql-9.5.2/libpgtypes.so.3.6.bc>:pgtypes_fmt_replace:%replace_val.coerce
</home/yz489/egg-smol-benchmark-pointer-analysis/benchmarks/postgresql-9.5.2/libpgtypes.so.3.6.bc>:pgtypes_fmt_replace	1	</home/yz489/egg-smol-benchmark-pointer-analysis/benchmarks/postgresql-9.5.2/libpgtypes.so.3.6.bc>:pgtypes_fmt_replace:%replace_type
</home/yz489/egg-smol-benchmark-pointer-analysis/benchmarks/postgresql-9.5.2/libpgtypes.so.3.6.bc>:pgtypes_fmt_replace	2	</home/yz489/egg-smol-benchmark-pointer-analysis/benchmarks/postgresql-9.5.2/libpgtypes.so.3.6.bc>:pgtypes_fmt_replace:%output
</home/yz489/egg-smol-benchmark-pointer-analysis/benchmarks/postgresql-9.5.2/libpgtypes.so.3.6.bc>:pgtypes_fmt_replace	3	</home/yz489/egg-smol-benchmark-pointer-analysis/benchmarks/postgresql-9.5.2/libpgtypes.so.3.6.bc>:pgtypes_fmt_replace:%pstr_len
</home/yz489/egg-smol-benchmark-pointer-analysis/benchmarks/postgresql-9.5.2/libpgtypes.so.3.6.bc>:DecodeUnits	0	</home/yz489/egg-smol-benchmark-pointer-analysis/benchmarks/postgresql-9.5.2/libpgtypes.so.3.6.bc>:DecodeUnits:%field
</home/yz489/egg-smol-benchmark-pointer-analysis/benchmarks/postgresql-9.5.2/libpgtypes.so.3.6.bc>:DecodeUnits	1	</home/yz489/egg-smol-benchmark-pointer-analysis/benchmarks/postgresql-9.5.2/libpgtypes.so.3.6.bc>:DecodeUnits:%lowtoken
</home/yz489/egg-smol-benchmark-pointer-analysis/benchmarks/postgresql-9.5.2/libpgtypes.so.3.6.bc>:DecodeUnits	2	</home/yz489/egg-smol-benchmark-pointer-analysis/benchmarks/postgresql-9.5.2/libpgtypes.so.3.6.bc>:DecodeUnits:%val
</home/yz489/egg-smol-benchmark-pointer-analysis/benchmarks/postgresql-9.5.2/libpgtypes.so.3.6.bc>:date2j	0	</home/yz489/egg-smol-benchmark-pointer-analysis/benchmarks/postgresql-9.5.2/libpgtypes.so.3.6.bc>:date2j:%y
</home/yz489/egg-smol-benchmark-pointer-analysis/benchmarks/postgresql-9.5.2/libpgtypes.so.3.6.bc>:date2j	1	</home/yz489/egg-smol-benchmark-pointer-analysis/benchmarks/postgresql-9.5.2/libpgtypes.so.3.6.bc>:date2j:%m
</home/yz489/egg-smol-benchmark-pointer-analysis/benchmarks/postgresql-9.5.2/libpgtypes.so.3.6.bc>:date2j	2	</home/yz489/egg-smol-benchmark-pointer-analysis/benchmarks/postgresql-9.5.2/libpgtypes.so.3.6.bc>:date2j:%d
</home/yz489/egg-smol-benchmark-pointer-analysis/benchmarks/postgresql-9.5.2/libpgtypes.so.3.6.bc>:j2date	0	</home/yz489/egg-smol-benchmark-pointer-analysis/benchmarks/postgresql-9.5.2/libpgtypes.so.3.6.bc>:j2date:%jd
</home/yz489/egg-smol-benchmark-pointer-analysis/benchmarks/postgresql-9.5.2/libpgtypes.so.3.6.bc>:j2date	1	</home/yz489/egg-smol-benchmark-pointer-analysis/benchmarks/postgresql-9.5.2/libpgtypes.so.3.6.bc>:j2date:%year
</home/yz489/egg-smol-benchmark-pointer-analysis/benchmarks/postgresql-9.5.2/libpgtypes.so.3.6.bc>:j2date	2	</home/yz489/egg-smol-benchmark-pointer-analysis/benchmarks/postgresql-9.5.2/libpgtypes.so.3.6.bc>:j2date:%month
</home/yz489/egg-smol-benchmark-pointer-analysis/benchmarks/postgresql-9.5.2/libpgtypes.so.3.6.bc>:j2date	3	</home/yz489/egg-smol-benchmark-pointer-analysis/benchmarks/postgresql-9.5.2/libpgtypes.so.3.6.bc>:j2date:%day
</home/yz489/egg-smol-benchmark-pointer-analysis/benchmarks/postgresql-9.5.2/libpgtypes.so.3.6.bc>:EncodeDateOnly	0	</home/yz489/egg-smol-benchmark-pointer-analysis/benchmarks/postgresql-9.5.2/libpgtypes.so.3.6.bc>:EncodeDateOnly:%tm
</home/yz489/egg-smol-benchmark-pointer-analysis/benchmarks/postgresql-9.5.2/libpgtypes.so.3.6.bc>:EncodeDateOnly	1	</home/yz489/egg-smol-benchmark-pointer-analysis/benchmarks/postgresql-9.5.2/libpgtypes.so.3.6.bc>:EncodeDateOnly:%style
</home/yz489/egg-smol-benchmark-pointer-analysis/benchmarks/postgresql-9.5.2/libpgtypes.so.3.6.bc>:EncodeDateOnly	2	</home/yz489/egg-smol-benchmark-pointer-analysis/benchmarks/postgresql-9.5.2/libpgtypes.so.3.6.bc>:EncodeDateOnly:%str
</home/yz489/egg-smol-benchmark-pointer-analysis/benchmarks/postgresql-9.5.2/libpgtypes.so.3.6.bc>:EncodeDateOnly	3	</home/yz489/egg-smol-benchmark-pointer-analysis/benchmarks/postgresql-9.5.2/libpgtypes.so.3.6.bc>:EncodeDateOnly:%EuroDates
</home/yz489/egg-smol-benchmark-pointer-analysis/benchmarks/postgresql-9.5.2/libpgtypes.so.3.6.bc>:TrimTrailingZeros	0	</home/yz489/egg-smol-benchmark-pointer-analysis/benchmarks/postgresql-9.5.2/libpgtypes.so.3.6.bc>:TrimTrailingZeros:%str
</home/yz489/egg-smol-benchmark-pointer-analysis/benchmarks/postgresql-9.5.2/libpgtypes.so.3.6.bc>:EncodeDateTime	0	</home/yz489/egg-smol-benchmark-pointer-analysis/benchmarks/postgresql-9.5.2/libpgtypes.so.3.6.bc>:EncodeDateTime:%tm
</home/yz489/egg-smol-benchmark-pointer-analysis/benchmarks/postgresql-9.5.2/libpgtypes.so.3.6.bc>:EncodeDateTime	1	</home/yz489/egg-smol-benchmark-pointer-analysis/benchmarks/postgresql-9.5.2/libpgtypes.so.3.6.bc>:EncodeDateTime:%fsec
</home/yz489/egg-smol-benchmark-pointer-analysis/benchmarks/postgresql-9.5.2/libpgtypes.so.3.6.bc>:EncodeDateTime	2	</home/yz489/egg-smol-benchmark-pointer-analysis/benchmarks/postgresql-9.5.2/libpgtypes.so.3.6.bc>:EncodeDateTime:%print_tz
</home/yz489/egg-smol-benchmark-pointer-analysis/benchmarks/postgresql-9.5.2/libpgtypes.so.3.6.bc>:EncodeDateTime	3	</home/yz489/egg-smol-benchmark-pointer-analysis/benchmarks/postgresql-9.5.2/libpgtypes.so.3.6.bc>:EncodeDateTime:%tz
</home/yz489/egg-smol-benchmark-pointer-analysis/benchmarks/postgresql-9.5.2/libpgtypes.so.3.6.bc>:EncodeDateTime	4	</home/yz489/egg-smol-benchmark-pointer-analysis/benchmarks/postgresql-9.5.2/libpgtypes.so.3.6.bc>:EncodeDateTime:%tzn
</home/yz489/egg-smol-benchmark-pointer-analysis/benchmarks/postgresql-9.5.2/libpgtypes.so.3.6.bc>:EncodeDateTime	5	</home/yz489/egg-smol-benchmark-pointer-analysis/benchmarks/postgresql-9.5.2/libpgtypes.so.3.6.bc>:EncodeDateTime:%style
</home/yz489/egg-smol-benchmark-pointer-analysis/benchmarks/postgresql-9.5.2/libpgtypes.so.3.6.bc>:EncodeDateTime	6	</home/yz489/egg-smol-benchmark-pointer-analysis/benchmarks/postgresql-9.5.2/libpgtypes.so.3.6.bc>:EncodeDateTime:%str
</home/yz489/egg-smol-benchmark-pointer-analysis/benchmarks/postgresql-9.5.2/libpgtypes.so.3.6.bc>:EncodeDateTime	7	</home/yz489/egg-smol-benchmark-pointer-analysis/benchmarks/postgresql-9.5.2/libpgtypes.so.3.6.bc>:EncodeDateTime:%EuroDates
</home/yz489/egg-smol-benchmark-pointer-analysis/benchmarks/postgresql-9.5.2/libpgtypes.so.3.6.bc>:GetEpochTime	0	</home/yz489/egg-smol-benchmark-pointer-analysis/benchmarks/postgresql-9.5.2/libpgtypes.so.3.6.bc>:GetEpochTime:%tm
</home/yz489/egg-smol-benchmark-pointer-analysis/benchmarks/postgresql-9.5.2/libpgtypes.so.3.6.bc>:GetCurrentDateTime	0	</home/yz489/egg-smol-benchmark-pointer-analysis/benchmarks/postgresql-9.5.2/libpgtypes.so.3.6.bc>:GetCurrentDateTime:%tm
</home/yz489/egg-smol-benchmark-pointer-analysis/benchmarks/postgresql-9.5.2/libpgtypes.so.3.6.bc>:dt2time	0	</home/yz489/egg-smol-benchmark-pointer-analysis/benchmarks/postgresql-9.5.2/libpgtypes.so.3.6.bc>:dt2time:%jd
</home/yz489/egg-smol-benchmark-pointer-analysis/benchmarks/postgresql-9.5.2/libpgtypes.so.3.6.bc>:dt2time	1	</home/yz489/egg-smol-benchmark-pointer-analysis/benchmarks/postgresql-9.5.2/libpgtypes.so.3.6.bc>:dt2time:%hour
</home/yz489/egg-smol-benchmark-pointer-analysis/benchmarks/postgresql-9.5.2/libpgtypes.so.3.6.bc>:dt2time	2	</home/yz489/egg-smol-benchmark-pointer-analysis/benchmarks/postgresql-9.5.2/libpgtypes.so.3.6.bc>:dt2time:%min
</home/yz489/egg-smol-benchmark-pointer-analysis/benchmarks/postgresql-9.5.2/libpgtypes.so.3.6.bc>:dt2time	3	</home/yz489/egg-smol-benchmark-pointer-analysis/benchmarks/postgresql-9.5.2/libpgtypes.so.3.6.bc>:dt2time:%sec
</home/yz489/egg-smol-benchmark-pointer-analysis/benchmarks/postgresql-9.5.2/libpgtypes.so.3.6.bc>:dt2time	4	</home/yz489/egg-smol-benchmark-pointer-analysis/benchmarks/postgresql-9.5.2/libpgtypes.so.3.6.bc>:dt2time:%fsec
</home/yz489/egg-smol-benchmark-pointer-analysis/benchmarks/postgresql-9.5.2/libpgtypes.so.3.6.bc>:DecodeTime	0	</home/yz489/egg-smol-benchmark-pointer-analysis/benchmarks/postgresql-9.5.2/libpgtypes.so.3.6.bc>:DecodeTime:%str
</home/yz489/egg-smol-benchmark-pointer-analysis/benchmarks/postgresql-9.5.2/libpgtypes.so.3.6.bc>:DecodeTime	1	</home/yz489/egg-smol-benchmark-pointer-analysis/benchmarks/postgresql-9.5.2/libpgtypes.so.3.6.bc>:DecodeTime:%tmask
</home/yz489/egg-smol-benchmark-pointer-analysis/benchmarks/postgresql-9.5.2/libpgtypes.so.3.6.bc>:DecodeTime	2	</home/yz489/egg-smol-benchmark-pointer-analysis/benchmarks/postgresql-9.5.2/libpgtypes.so.3.6.bc>:DecodeTime:%tm
</home/yz489/egg-smol-benchmark-pointer-analysis/benchmarks/postgresql-9.5.2/libpgtypes.so.3.6.bc>:DecodeTime	3	</home/yz489/egg-smol-benchmark-pointer-analysis/benchmarks/postgresql-9.5.2/libpgtypes.so.3.6.bc>:DecodeTime:%fsec
</home/yz489/egg-smol-benchmark-pointer-analysis/benchmarks/postgresql-9.5.2/libpgtypes.so.3.6.bc>:ParseDateTime	0	</home/yz489/egg-smol-benchmark-pointer-analysis/benchmarks/postgresql-9.5.2/libpgtypes.so.3.6.bc>:ParseDateTime:%timestr
</home/yz489/egg-smol-benchmark-pointer-analysis/benchmarks/postgresql-9.5.2/libpgtypes.so.3.6.bc>:ParseDateTime	1	</home/yz489/egg-smol-benchmark-pointer-analysis/benchmarks/postgresql-9.5.2/libpgtypes.so.3.6.bc>:ParseDateTime:%lowstr
</home/yz489/egg-smol-benchmark-pointer-analysis/benchmarks/postgresql-9.5.2/libpgtypes.so.3.6.bc>:ParseDateTime	2	</home/yz489/egg-smol-benchmark-pointer-analysis/benchmarks/postgresql-9.5.2/libpgtypes.so.3.6.bc>:ParseDateTime:%field
</home/yz489/egg-smol-benchmark-pointer-analysis/benchmarks/postgresql-9.5.2/libpgtypes.so.3.6.bc>:ParseDateTime	3	</home/yz489/egg-smol-benchmark-pointer-analysis/benchmarks/postgresql-9.5.2/libpgtypes.so.3.6.bc>:ParseDateTime:%ftype
</home/yz489/egg-smol-benchmark-pointer-analysis/benchmarks/postgresql-9.5.2/libpgtypes.so.3.6.bc>:ParseDateTime	4	</home/yz489/egg-smol-benchmark-pointer-analysis/benchmarks/postgresql-9.5.2/libpgtypes.so.3.6.bc>:ParseDateTime:%numfields
</home/yz489/egg-smol-benchmark-pointer-analysis/benchmarks/postgresql-9.5.2/libpgtypes.so.3.6.bc>:ParseDateTime	5	</home/yz489/egg-smol-benchmark-pointer-analysis/benchmarks/postgresql-9.5.2/libpgtypes.so.3.6.bc>:ParseDateTime:%endstr
</home/yz489/egg-smol-benchmark-pointer-analysis/benchmarks/postgresql-9.5.2/libpgtypes.so.3.6.bc>:DecodeDateTime	0	</home/yz489/egg-smol-benchmark-pointer-analysis/benchmarks/postgresql-9.5.2/libpgtypes.so.3.6.bc>:DecodeDateTime:%field
</home/yz489/egg-smol-benchmark-pointer-analysis/benchmarks/postgresql-9.5.2/libpgtypes.so.3.6.bc>:DecodeDateTime	1	</home/yz489/egg-smol-benchmark-pointer-analysis/benchmarks/postgresql-9.5.2/libpgtypes.so.3.6.bc>:DecodeDateTime:%ftype
</home/yz489/egg-smol-benchmark-pointer-analysis/benchmarks/postgresql-9.5.2/libpgtypes.so.3.6.bc>:DecodeDateTime	2	</home/yz489/egg-smol-benchmark-pointer-analysis/benchmarks/postgresql-9.5.2/libpgtypes.so.3.6.bc>:DecodeDateTime:%nf
</home/yz489/egg-smol-benchmark-pointer-analysis/benchmarks/postgresql-9.5.2/libpgtypes.so.3.6.bc>:DecodeDateTime	3	</home/yz489/egg-smol-benchmark-pointer-analysis/benchmarks/postgresql-9.5.2/libpgtypes.so.3.6.bc>:DecodeDateTime:%dtype
</home/yz489/egg-smol-benchmark-pointer-analysis/benchmarks/postgresql-9.5.2/libpgtypes.so.3.6.bc>:DecodeDateTime	4	</home/yz489/egg-smol-benchmark-pointer-analysis/benchmarks/postgresql-9.5.2/libpgtypes.so.3.6.bc>:DecodeDateTime:%tm
</home/yz489/egg-smol-benchmark-pointer-analysis/benchmarks/postgresql-9.5.2/libpgtypes.so.3.6.bc>:DecodeDateTime	5	</home/yz489/egg-smol-benchmark-pointer-analysis/benchmarks/postgresql-9.5.2/libpgtypes.so.3.6.bc>:DecodeDateTime:%fsec
</home/yz489/egg-smol-benchmark-pointer-analysis/benchmarks/postgresql-9.5.2/libpgtypes.so.3.6.bc>:DecodeDateTime	6	</home/yz489/egg-smol-benchmark-pointer-analysis/benchmarks/postgresql-9.5.2/libpgtypes.so.3.6.bc>:DecodeDateTime:%EuroDates
</home/yz489/egg-smol-benchmark-pointer-analysis/benchmarks/postgresql-9.5.2/libpgtypes.so.3.6.bc>:PGTYPEStimestamp_defmt_scan	0	</home/yz489/egg-smol-benchmark-pointer-analysis/benchmarks/postgresql-9.5.2/libpgtypes.so.3.6.bc>:PGTYPEStimestamp_defmt_scan:%str
</home/yz489/egg-smol-benchmark-pointer-analysis/benchmarks/postgresql-9.5.2/libpgtypes.so.3.6.bc>:PGTYPEStimestamp_defmt_scan	1	</home/yz489/egg-smol-benchmark-pointer-analysis/benchmarks/postgresql-9.5.2/libpgtypes.so.3.6.bc>:PGTYPEStimestamp_defmt_scan:%fmt
</home/yz489/egg-smol-benchmark-pointer-analysis/benchmarks/postgresql-9.5.2/libpgtypes.so.3.6.bc>:PGTYPEStimestamp_defmt_scan	2	</home/yz489/egg-smol-benchmark-pointer-analysis/benchmarks/postgresql-9.5.2/libpgtypes.so.3.6.bc>:PGTYPEStimestamp_defmt_scan:%d
</home/yz489/egg-smol-benchmark-pointer-analysis/benchmarks/postgresql-9.5.2/libpgtypes.so.3.6.bc>:PGTYPEStimestamp_defmt_scan	3	</home/yz489/egg-smol-benchmark-pointer-analysis/benchmarks/postgresql-9.5.2/libpgtypes.so.3.6.bc>:PGTYPEStimestamp_defmt_scan:%year
</home/yz489/egg-smol-benchmark-pointer-analysis/benchmarks/postgresql-9.5.2/libpgtypes.so.3.6.bc>:PGTYPEStimestamp_defmt_scan	4	</home/yz489/egg-smol-benchmark-pointer-analysis/benchmarks/postgresql-9.5.2/libpgtypes.so.3.6.bc>:PGTYPEStimestamp_defmt_scan:%month
</home/yz489/egg-smol-benchmark-pointer-analysis/benchmarks/postgresql-9.5.2/libpgtypes.so.3.6.bc>:PGTYPEStimestamp_defmt_scan	5	</home/yz489/egg-smol-benchmark-pointer-analysis/benchmarks/postgresql-9.5.2/libpgtypes.so.3.6.bc>:PGTYPEStimestamp_defmt_scan:%day
</home/yz489/egg-smol-benchmark-pointer-analysis/benchmarks/postgresql-9.5.2/libpgtypes.so.3.6.bc>:PGTYPEStimestamp_defmt_scan	6	</home/yz489/egg-smol-benchmark-pointer-analysis/benchmarks/postgresql-9.5.2/libpgtypes.so.3.6.bc>:PGTYPEStimestamp_defmt_scan:%hour
</home/yz489/egg-smol-benchmark-pointer-analysis/benchmarks/postgresql-9.5.2/libpgtypes.so.3.6.bc>:PGTYPEStimestamp_defmt_scan	7	</home/yz489/egg-smol-benchmark-pointer-analysis/benchmarks/postgresql-9.5.2/libpgtypes.so.3.6.bc>:PGTYPEStimestamp_defmt_scan:%minute
</home/yz489/egg-smol-benchmark-pointer-analysis/benchmarks/postgresql-9.5.2/libpgtypes.so.3.6.bc>:PGTYPEStimestamp_defmt_scan	8	</home/yz489/egg-smol-benchmark-pointer-analysis/benchmarks/postgresql-9.5.2/libpgtypes.so.3.6.bc>:PGTYPEStimestamp_defmt_scan:%second
</home/yz489/egg-smol-benchmark-pointer-analysis/benchmarks/postgresql-9.5.2/libpgtypes.so.3.6.bc>:PGTYPEStimestamp_defmt_scan	9	</home/yz489/egg-smol-benchmark-pointer-analysis/benchmarks/postgresql-9.5.2/libpgtypes.so.3.6.bc>:PGTYPEStimestamp_defmt_scan:%tz
</home/yz489/egg-smol-benchmark-pointer-analysis/benchmarks/postgresql-9.5.2/libpgtypes.so.3.6.bc>:datebsearch	0	</home/yz489/egg-smol-benchmark-pointer-analysis/benchmarks/postgresql-9.5.2/libpgtypes.so.3.6.bc>:datebsearch:%key
</home/yz489/egg-smol-benchmark-pointer-analysis/benchmarks/postgresql-9.5.2/libpgtypes.so.3.6.bc>:datebsearch	1	</home/yz489/egg-smol-benchmark-pointer-analysis/benchmarks/postgresql-9.5.2/libpgtypes.so.3.6.bc>:datebsearch:%base
</home/yz489/egg-smol-benchmark-pointer-analysis/benchmarks/postgresql-9.5.2/libpgtypes.so.3.6.bc>:datebsearch	2	</home/yz489/egg-smol-benchmark-pointer-analysis/benchmarks/postgresql-9.5.2/libpgtypes.so.3.6.bc>:datebsearch:%nel
</home/yz489/egg-smol-benchmark-pointer-analysis/benchmarks/postgresql-9.5.2/libpgtypes.so.3.6.bc>:abstime2tm	0	</home/yz489/egg-smol-benchmark-pointer-analysis/benchmarks/postgresql-9.5.2/libpgtypes.so.3.6.bc>:abstime2tm:%_time
</home/yz489/egg-smol-benchmark-pointer-analysis/benchmarks/postgresql-9.5.2/libpgtypes.so.3.6.bc>:abstime2tm	1	</home/yz489/egg-smol-benchmark-pointer-analysis/benchmarks/postgresql-9.5.2/libpgtypes.so.3.6.bc>:abstime2tm:%tzp
</home/yz489/egg-smol-benchmark-pointer-analysis/benchmarks/postgresql-9.5.2/libpgtypes.so.3.6.bc>:abstime2tm	2	</home/yz489/egg-smol-benchmark-pointer-analysis/benchmarks/postgresql-9.5.2/libpgtypes.so.3.6.bc>:abstime2tm:%tm
</home/yz489/egg-smol-benchmark-pointer-analysis/benchmarks/postgresql-9.5.2/libpgtypes.so.3.6.bc>:abstime2tm	3	</home/yz489/egg-smol-benchmark-pointer-analysis/benchmarks/postgresql-9.5.2/libpgtypes.so.3.6.bc>:abstime2tm:%tzn
</home/yz489/egg-smol-benchmark-pointer-analysis/benchmarks/postgresql-9.5.2/libpgtypes.so.3.6.bc>:DecodeTimezone	0	</home/yz489/egg-smol-benchmark-pointer-analysis/benchmarks/postgresql-9.5.2/libpgtypes.so.3.6.bc>:DecodeTimezone:%str
</home/yz489/egg-smol-benchmark-pointer-analysis/benchmarks/postgresql-9.5.2/libpgtypes.so.3.6.bc>:DecodeTimezone	1	</home/yz489/egg-smol-benchmark-pointer-analysis/benchmarks/postgresql-9.5.2/libpgtypes.so.3.6.bc>:DecodeTimezone:%tzp
</home/yz489/egg-smol-benchmark-pointer-analysis/benchmarks/postgresql-9.5.2/libpgtypes.so.3.6.bc>:DecodeNumberField	0	</home/yz489/egg-smol-benchmark-pointer-analysis/benchmarks/postgresql-9.5.2/libpgtypes.so.3.6.bc>:DecodeNumberField:%len
</home/yz489/egg-smol-benchmark-pointer-analysis/benchmarks/postgresql-9.5.2/libpgtypes.so.3.6.bc>:DecodeNumberField	1	</home/yz489/egg-smol-benchmark-pointer-analysis/benchmarks/postgresql-9.5.2/libpgtypes.so.3.6.bc>:DecodeNumberField:%str
</home/yz489/egg-smol-benchmark-pointer-analysis/benchmarks/postgresql-9.5.2/libpgtypes.so.3.6.bc>:DecodeNumberField	2	</home/yz489/egg-smol-benchmark-pointer-analysis/benchmarks/postgresql-9.5.2/libpgtypes.so.3.6.bc>:DecodeNumberField:%fmask
</home/yz489/egg-smol-benchmark-pointer-analysis/benchmarks/postgresql-9.5.2/libpgtypes.so.3.6.bc>:DecodeNumberField	3	</home/yz489/egg-smol-benchmark-pointer-analysis/benchmarks/postgresql-9.5.2/libpgtypes.so.3.6.bc>:DecodeNumberField:%tmask
</home/yz489/egg-smol-benchmark-pointer-analysis/benchmarks/postgresql-9.5.2/libpgtypes.so.3.6.bc>:DecodeNumberField	4	</home/yz489/egg-smol-benchmark-pointer-analysis/benchmarks/postgresql-9.5.2/libpgtypes.so.3.6.bc>:DecodeNumberField:%tm
</home/yz489/egg-smol-benchmark-pointer-analysis/benchmarks/postgresql-9.5.2/libpgtypes.so.3.6.bc>:DecodeNumberField	5	</home/yz489/egg-smol-benchmark-pointer-analysis/benchmarks/postgresql-9.5.2/libpgtypes.so.3.6.bc>:DecodeNumberField:%fsec
</home/yz489/egg-smol-benchmark-pointer-analysis/benchmarks/postgresql-9.5.2/libpgtypes.so.3.6.bc>:DecodeNumberField	6	</home/yz489/egg-smol-benchmark-pointer-analysis/benchmarks/postgresql-9.5.2/libpgtypes.so.3.6.bc>:DecodeNumberField:%is2digits
</home/yz489/egg-smol-benchmark-pointer-analysis/benchmarks/postgresql-9.5.2/libpgtypes.so.3.6.bc>:DecodePosixTimezone	0	</home/yz489/egg-smol-benchmark-pointer-analysis/benchmarks/postgresql-9.5.2/libpgtypes.so.3.6.bc>:DecodePosixTimezone:%str
</home/yz489/egg-smol-benchmark-pointer-analysis/benchmarks/postgresql-9.5.2/libpgtypes.so.3.6.bc>:DecodePosixTimezone	1	</home/yz489/egg-smol-benchmark-pointer-analysis/benchmarks/postgresql-9.5.2/libpgtypes.so.3.6.bc>:DecodePosixTimezone:%tzp
</home/yz489/egg-smol-benchmark-pointer-analysis/benchmarks/postgresql-9.5.2/libpgtypes.so.3.6.bc>:DecodeDate	0	</home/yz489/egg-smol-benchmark-pointer-analysis/benchmarks/postgresql-9.5.2/libpgtypes.so.3.6.bc>:DecodeDate:%str
</home/yz489/egg-smol-benchmark-pointer-analysis/benchmarks/postgresql-9.5.2/libpgtypes.so.3.6.bc>:DecodeDate	1	</home/yz489/egg-smol-benchmark-pointer-analysis/benchmarks/postgresql-9.5.2/libpgtypes.so.3.6.bc>:DecodeDate:%fmask
</home/yz489/egg-smol-benchmark-pointer-analysis/benchmarks/postgresql-9.5.2/libpgtypes.so.3.6.bc>:DecodeDate	2	</home/yz489/egg-smol-benchmark-pointer-analysis/benchmarks/postgresql-9.5.2/libpgtypes.so.3.6.bc>:DecodeDate:%tmask
</home/yz489/egg-smol-benchmark-pointer-analysis/benchmarks/postgresql-9.5.2/libpgtypes.so.3.6.bc>:DecodeDate	3	</home/yz489/egg-smol-benchmark-pointer-analysis/benchmarks/postgresql-9.5.2/libpgtypes.so.3.6.bc>:DecodeDate:%tm
</home/yz489/egg-smol-benchmark-pointer-analysis/benchmarks/postgresql-9.5.2/libpgtypes.so.3.6.bc>:DecodeDate	4	</home/yz489/egg-smol-benchmark-pointer-analysis/benchmarks/postgresql-9.5.2/libpgtypes.so.3.6.bc>:DecodeDate:%EuroDates
</home/yz489/egg-smol-benchmark-pointer-analysis/benchmarks/postgresql-9.5.2/libpgtypes.so.3.6.bc>:DecodeNumber	0	</home/yz489/egg-smol-benchmark-pointer-analysis/benchmarks/postgresql-9.5.2/libpgtypes.so.3.6.bc>:DecodeNumber:%flen
</home/yz489/egg-smol-benchmark-pointer-analysis/benchmarks/postgresql-9.5.2/libpgtypes.so.3.6.bc>:DecodeNumber	1	</home/yz489/egg-smol-benchmark-pointer-analysis/benchmarks/postgresql-9.5.2/libpgtypes.so.3.6.bc>:DecodeNumber:%str
</home/yz489/egg-smol-benchmark-pointer-analysis/benchmarks/postgresql-9.5.2/libpgtypes.so.3.6.bc>:DecodeNumber	2	</home/yz489/egg-smol-benchmark-pointer-analysis/benchmarks/postgresql-9.5.2/libpgtypes.so.3.6.bc>:DecodeNumber:%fmask
</home/yz489/egg-smol-benchmark-pointer-analysis/benchmarks/postgresql-9.5.2/libpgtypes.so.3.6.bc>:DecodeNumber	3	</home/yz489/egg-smol-benchmark-pointer-analysis/benchmarks/postgresql-9.5.2/libpgtypes.so.3.6.bc>:DecodeNumber:%tmask
</home/yz489/egg-smol-benchmark-pointer-analysis/benchmarks/postgresql-9.5.2/libpgtypes.so.3.6.bc>:DecodeNumber	4	</home/yz489/egg-smol-benchmark-pointer-analysis/benchmarks/postgresql-9.5.2/libpgtypes.so.3.6.bc>:DecodeNumber:%tm
</home/yz489/egg-smol-benchmark-pointer-analysis/benchmarks/postgresql-9.5.2/libpgtypes.so.3.6.bc>:DecodeNumber	5	</home/yz489/egg-smol-benchmark-pointer-analysis/benchmarks/postgresql-9.5.2/libpgtypes.so.3.6.bc>:DecodeNumber:%fsec
</home/yz489/egg-smol-benchmark-pointer-analysis/benchmarks/postgresql-9.5.2/libpgtypes.so.3.6.bc>:DecodeNumber	6	</home/yz489/egg-smol-benchmark-pointer-analysis/benchmarks/postgresql-9.5.2/libpgtypes.so.3.6.bc>:DecodeNumber:%is2digits
</home/yz489/egg-smol-benchmark-pointer-analysis/benchmarks/postgresql-9.5.2/libpgtypes.so.3.6.bc>:DecodeNumber	7	</home/yz489/egg-smol-benchmark-pointer-analysis/benchmarks/postgresql-9.5.2/libpgtypes.so.3.6.bc>:DecodeNumber:%EuroDates
</home/yz489/egg-smol-benchmark-pointer-analysis/benchmarks/postgresql-9.5.2/libpgtypes.so.3.6.bc>:DecodeSpecial	0	</home/yz489/egg-smol-benchmark-pointer-analysis/benchmarks/postgresql-9.5.2/libpgtypes.so.3.6.bc>:DecodeSpecial:%field
</home/yz489/egg-smol-benchmark-pointer-analysis/benchmarks/postgresql-9.5.2/libpgtypes.so.3.6.bc>:DecodeSpecial	1	</home/yz489/egg-smol-benchmark-pointer-analysis/benchmarks/postgresql-9.5.2/libpgtypes.so.3.6.bc>:DecodeSpecial:%lowtoken
</home/yz489/egg-smol-benchmark-pointer-analysis/benchmarks/postgresql-9.5.2/libpgtypes.so.3.6.bc>:DecodeSpecial	2	</home/yz489/egg-smol-benchmark-pointer-analysis/benchmarks/postgresql-9.5.2/libpgtypes.so.3.6.bc>:DecodeSpecial:%val
</home/yz489/egg-smol-benchmark-pointer-analysis/benchmarks/postgresql-9.5.2/libpgtypes.so.3.6.bc>:pgtypes_defmt_scan	0	</home/yz489/egg-smol-benchmark-pointer-analysis/benchmarks/postgresql-9.5.2/libpgtypes.so.3.6.bc>:pgtypes_defmt_scan:%scan_val
</home/yz489/egg-smol-benchmark-pointer-analysis/benchmarks/postgresql-9.5.2/libpgtypes.so.3.6.bc>:pgtypes_defmt_scan	1	</home/yz489/egg-smol-benchmark-pointer-analysis/benchmarks/postgresql-9.5.2/libpgtypes.so.3.6.bc>:pgtypes_defmt_scan:%scan_type
</home/yz489/egg-smol-benchmark-pointer-analysis/benchmarks/postgresql-9.5.2/libpgtypes.so.3.6.bc>:pgtypes_defmt_scan	2	</home/yz489/egg-smol-benchmark-pointer-analysis/benchmarks/postgresql-9.5.2/libpgtypes.so.3.6.bc>:pgtypes_defmt_scan:%pstr
</home/yz489/egg-smol-benchmark-pointer-analysis/benchmarks/postgresql-9.5.2/libpgtypes.so.3.6.bc>:pgtypes_defmt_scan	3	</home/yz489/egg-smol-benchmark-pointer-analysis/benchmarks/postgresql-9.5.2/libpgtypes.so.3.6.bc>:pgtypes_defmt_scan:%pfmt
</home/yz489/egg-smol-benchmark-pointer-analysis/benchmarks/postgresql-9.5.2/libpgtypes.so.3.6.bc>:find_end_token	0	</home/yz489/egg-smol-benchmark-pointer-analysis/benchmarks/postgresql-9.5.2/libpgtypes.so.3.6.bc>:find_end_token:%str
</home/yz489/egg-smol-benchmark-pointer-analysis/benchmarks/postgresql-9.5.2/libpgtypes.so.3.6.bc>:find_end_token	1	</home/yz489/egg-smol-benchmark-pointer-analysis/benchmarks/postgresql-9.5.2/libpgtypes.so.3.6.bc>:find_end_token:%fmt
</home/yz489/egg-smol-benchmark-pointer-analysis/benchmarks/postgresql-9.5.2/libpgtypes.so.3.6.bc>:tm2timestamp	0	</home/yz489/egg-smol-benchmark-pointer-analysis/benchmarks/postgresql-9.5.2/libpgtypes.so.3.6.bc>:tm2timestamp:%tm
</home/yz489/egg-smol-benchmark-pointer-analysis/benchmarks/postgresql-9.5.2/libpgtypes.so.3.6.bc>:tm2timestamp	1	</home/yz489/egg-smol-benchmark-pointer-analysis/benchmarks/postgresql-9.5.2/libpgtypes.so.3.6.bc>:tm2timestamp:%fsec
</home/yz489/egg-smol-benchmark-pointer-analysis/benchmarks/postgresql-9.5.2/libpgtypes.so.3.6.bc>:tm2timestamp	2	</home/yz489/egg-smol-benchmark-pointer-analysis/benchmarks/postgresql-9.5.2/libpgtypes.so.3.6.bc>:tm2timestamp:%tzp
</home/yz489/egg-smol-benchmark-pointer-analysis/benchmarks/postgresql-9.5.2/libpgtypes.so.3.6.bc>:tm2timestamp	3	</home/yz489/egg-smol-benchmark-pointer-analysis/benchmarks/postgresql-9.5.2/libpgtypes.so.3.6.bc>:tm2timestamp:%result
</home/yz489/egg-smol-benchmark-pointer-analysis/benchmarks/postgresql-9.5.2/libpgtypes.so.3.6.bc>:PGTYPEStimestamp_from_asc	0	</home/yz489/egg-smol-benchmark-pointer-analysis/benchmarks/postgresql-9.5.2/libpgtypes.so.3.6.bc>:PGTYPEStimestamp_from_asc:%str
</home/yz489/egg-smol-benchmark-pointer-analysis/benchmarks/postgresql-9.5.2/libpgtypes.so.3.6.bc>:PGTYPEStimestamp_from_asc	1	</home/yz489/egg-smol-benchmark-pointer-analysis/benchmarks/postgresql-9.5.2/libpgtypes.so.3.6.bc>:PGTYPEStimestamp_from_asc:%endptr
</home/yz489/egg-smol-benchmark-pointer-analysis/benchmarks/postgresql-9.5.2/libpgtypes.so.3.6.bc>:PGTYPEStimestamp_to_asc	0	</home/yz489/egg-smol-benchmark-pointer-analysis/benchmarks/postgresql-9.5.2/libpgtypes.so.3.6.bc>:PGTYPEStimestamp_to_asc:%tstamp
</home/yz489/egg-smol-benchmark-pointer-analysis/benchmarks/postgresql-9.5.2/libpgtypes.so.3.6.bc>:PGTYPEStimestamp_current	0	</home/yz489/egg-smol-benchmark-pointer-analysis/benchmarks/postgresql-9.5.2/libpgtypes.so.3.6.bc>:PGTYPEStimestamp_current:%ts
</home/yz489/egg-smol-benchmark-pointer-analysis/benchmarks/postgresql-9.5.2/libpgtypes.so.3.6.bc>:PGTYPEStimestamp_fmt_asc	0	</home/yz489/egg-smol-benchmark-pointer-analysis/benchmarks/postgresql-9.5.2/libpgtypes.so.3.6.bc>:PGTYPEStimestamp_fmt_asc:%ts
</home/yz489/egg-smol-benchmark-pointer-analysis/benchmarks/postgresql-9.5.2/libpgtypes.so.3.6.bc>:PGTYPEStimestamp_fmt_asc	1	</home/yz489/egg-smol-benchmark-pointer-analysis/benchmarks/postgresql-9.5.2/libpgtypes.so.3.6.bc>:PGTYPEStimestamp_fmt_asc:%output
</home/yz489/egg-smol-benchmark-pointer-analysis/benchmarks/postgresql-9.5.2/libpgtypes.so.3.6.bc>:PGTYPEStimestamp_fmt_asc	2	</home/yz489/egg-smol-benchmark-pointer-analysis/benchmarks/postgresql-9.5.2/libpgtypes.so.3.6.bc>:PGTYPEStimestamp_fmt_asc:%str_len
</home/yz489/egg-smol-benchmark-pointer-analysis/benchmarks/postgresql-9.5.2/libpgtypes.so.3.6.bc>:PGTYPEStimestamp_fmt_asc	3	</home/yz489/egg-smol-benchmark-pointer-analysis/benchmarks/postgresql-9.5.2/libpgtypes.so.3.6.bc>:PGTYPEStimestamp_fmt_asc:%fmtstr
</home/yz489/egg-smol-benchmark-pointer-analysis/benchmarks/postgresql-9.5.2/libpgtypes.so.3.6.bc>:PGTYPEStimestamp_sub	0	</home/yz489/egg-smol-benchmark-pointer-analysis/benchmarks/postgresql-9.5.2/libpgtypes.so.3.6.bc>:PGTYPEStimestamp_sub:%ts1
</home/yz489/egg-smol-benchmark-pointer-analysis/benchmarks/postgresql-9.5.2/libpgtypes.so.3.6.bc>:PGTYPEStimestamp_sub	1	</home/yz489/egg-smol-benchmark-pointer-analysis/benchmarks/postgresql-9.5.2/libpgtypes.so.3.6.bc>:PGTYPEStimestamp_sub:%ts2
</home/yz489/egg-smol-benchmark-pointer-analysis/benchmarks/postgresql-9.5.2/libpgtypes.so.3.6.bc>:PGTYPEStimestamp_sub	2	</home/yz489/egg-smol-benchmark-pointer-analysis/benchmarks/postgresql-9.5.2/libpgtypes.so.3.6.bc>:PGTYPEStimestamp_sub:%iv
</home/yz489/egg-smol-benchmark-pointer-analysis/benchmarks/postgresql-9.5.2/libpgtypes.so.3.6.bc>:PGTYPEStimestamp_defmt_asc	0	</home/yz489/egg-smol-benchmark-pointer-analysis/benchmarks/postgresql-9.5.2/libpgtypes.so.3.6.bc>:PGTYPEStimestamp_defmt_asc:%str
</home/yz489/egg-smol-benchmark-pointer-analysis/benchmarks/postgresql-9.5.2/libpgtypes.so.3.6.bc>:PGTYPEStimestamp_defmt_asc	1	</home/yz489/egg-smol-benchmark-pointer-analysis/benchmarks/postgresql-9.5.2/libpgtypes.so.3.6.bc>:PGTYPEStimestamp_defmt_asc:%fmt
</home/yz489/egg-smol-benchmark-pointer-analysis/benchmarks/postgresql-9.5.2/libpgtypes.so.3.6.bc>:PGTYPEStimestamp_defmt_asc	2	</home/yz489/egg-smol-benchmark-pointer-analysis/benchmarks/postgresql-9.5.2/libpgtypes.so.3.6.bc>:PGTYPEStimestamp_defmt_asc:%d
</home/yz489/egg-smol-benchmark-pointer-analysis/benchmarks/postgresql-9.5.2/libpgtypes.so.3.6.bc>:PGTYPEStimestamp_add_interval	0	</home/yz489/egg-smol-benchmark-pointer-analysis/benchmarks/postgresql-9.5.2/libpgtypes.so.3.6.bc>:PGTYPEStimestamp_add_interval:%tin
</home/yz489/egg-smol-benchmark-pointer-analysis/benchmarks/postgresql-9.5.2/libpgtypes.so.3.6.bc>:PGTYPEStimestamp_add_interval	1	</home/yz489/egg-smol-benchmark-pointer-analysis/benchmarks/postgresql-9.5.2/libpgtypes.so.3.6.bc>:PGTYPEStimestamp_add_interval:%span
</home/yz489/egg-smol-benchmark-pointer-analysis/benchmarks/postgresql-9.5.2/libpgtypes.so.3.6.bc>:PGTYPEStimestamp_add_interval	2	</home/yz489/egg-smol-benchmark-pointer-analysis/benchmarks/postgresql-9.5.2/libpgtypes.so.3.6.bc>:PGTYPEStimestamp_add_interval:%tout
</home/yz489/egg-smol-benchmark-pointer-analysis/benchmarks/postgresql-9.5.2/libpgtypes.so.3.6.bc>:PGTYPEStimestamp_sub_interval	0	</home/yz489/egg-smol-benchmark-pointer-analysis/benchmarks/postgresql-9.5.2/libpgtypes.so.3.6.bc>:PGTYPEStimestamp_sub_interval:%tin
</home/yz489/egg-smol-benchmark-pointer-analysis/benchmarks/postgresql-9.5.2/libpgtypes.so.3.6.bc>:PGTYPEStimestamp_sub_interval	1	</home/yz489/egg-smol-benchmark-pointer-analysis/benchmarks/postgresql-9.5.2/libpgtypes.so.3.6.bc>:PGTYPEStimestamp_sub_interval:%span
</home/yz489/egg-smol-benchmark-pointer-analysis/benchmarks/postgresql-9.5.2/libpgtypes.so.3.6.bc>:PGTYPEStimestamp_sub_interval	2	</home/yz489/egg-smol-benchmark-pointer-analysis/benchmarks/postgresql-9.5.2/libpgtypes.so.3.6.bc>:PGTYPEStimestamp_sub_interval:%tout
</home/yz489/egg-smol-benchmark-pointer-analysis/benchmarks/postgresql-9.5.2/libpgtypes.so.3.6.bc>:time2t	0	</home/yz489/egg-smol-benchmark-pointer-analysis/benchmarks/postgresql-9.5.2/libpgtypes.so.3.6.bc>:time2t:%hour
</home/yz489/egg-smol-benchmark-pointer-analysis/benchmarks/postgresql-9.5.2/libpgtypes.so.3.6.bc>:time2t	1	</home/yz489/egg-smol-benchmark-pointer-analysis/benchmarks/postgresql-9.5.2/libpgtypes.so.3.6.bc>:time2t:%min
</home/yz489/egg-smol-benchmark-pointer-analysis/benchmarks/postgresql-9.5.2/libpgtypes.so.3.6.bc>:time2t	2	</home/yz489/egg-smol-benchmark-pointer-analysis/benchmarks/postgresql-9.5.2/libpgtypes.so.3.6.bc>:time2t:%sec
</home/yz489/egg-smol-benchmark-pointer-analysis/benchmarks/postgresql-9.5.2/libpgtypes.so.3.6.bc>:time2t	3	</home/yz489/egg-smol-benchmark-pointer-analysis/benchmarks/postgresql-9.5.2/libpgtypes.so.3.6.bc>:time2t:%fsec
</home/yz489/egg-smol-benchmark-pointer-analysis/benchmarks/postgresql-9.5.2/libpgtypes.so.3.6.bc>:dt2local	0	</home/yz489/egg-smol-benchmark-pointer-analysis/benchmarks/postgresql-9.5.2/libpgtypes.so.3.6.bc>:dt2local:%dt
</home/yz489/egg-smol-benchmark-pointer-analysis/benchmarks/postgresql-9.5.2/libpgtypes.so.3.6.bc>:dt2local	1	</home/yz489/egg-smol-benchmark-pointer-analysis/benchmarks/postgresql-9.5.2/libpgtypes.so.3.6.bc>:dt2local:%tz
</home/yz489/egg-smol-benchmark-pointer-analysis/benchmarks/postgresql-9.5.2/libpgtypes.so.3.6.bc>:EncodeSpecialTimestamp	0	</home/yz489/egg-smol-benchmark-pointer-analysis/benchmarks/postgresql-9.5.2/libpgtypes.so.3.6.bc>:EncodeSpecialTimestamp:%dt
</home/yz489/egg-smol-benchmark-pointer-analysis/benchmarks/postgresql-9.5.2/libpgtypes.so.3.6.bc>:EncodeSpecialTimestamp	1	</home/yz489/egg-smol-benchmark-pointer-analysis/benchmarks/postgresql-9.5.2/libpgtypes.so.3.6.bc>:EncodeSpecialTimestamp:%str
</home/yz489/egg-smol-benchmark-pointer-analysis/benchmarks/postgresql-9.5.2/libpgtypes.so.3.6.bc>:timestamp2tm	0	</home/yz489/egg-smol-benchmark-pointer-analysis/benchmarks/postgresql-9.5.2/libpgtypes.so.3.6.bc>:timestamp2tm:%dt
</home/yz489/egg-smol-benchmark-pointer-analysis/benchmarks/postgresql-9.5.2/libpgtypes.so.3.6.bc>:timestamp2tm	1	</home/yz489/egg-smol-benchmark-pointer-analysis/benchmarks/postgresql-9.5.2/libpgtypes.so.3.6.bc>:timestamp2tm:%tzp
</home/yz489/egg-smol-benchmark-pointer-analysis/benchmarks/postgresql-9.5.2/libpgtypes.so.3.6.bc>:timestamp2tm	2	</home/yz489/egg-smol-benchmark-pointer-analysis/benchmarks/postgresql-9.5.2/libpgtypes.so.3.6.bc>:timestamp2tm:%tm
</home/yz489/egg-smol-benchmark-pointer-analysis/benchmarks/postgresql-9.5.2/libpgtypes.so.3.6.bc>:timestamp2tm	3	</home/yz489/egg-smol-benchmark-pointer-analysis/benchmarks/postgresql-9.5.2/libpgtypes.so.3.6.bc>:timestamp2tm:%fsec
</home/yz489/egg-smol-benchmark-pointer-analysis/benchmarks/postgresql-9.5.2/libpgtypes.so.3.6.bc>:timestamp2tm	4	</home/yz489/egg-smol-benchmark-pointer-analysis/benchmarks/postgresql-9.5.2/libpgtypes.so.3.6.bc>:timestamp2tm:%tzn
</home/yz489/egg-smol-benchmark-pointer-analysis/benchmarks/postgresql-9.5.2/libpgtypes.so.3.6.bc>:dttofmtasc_replace	0	</home/yz489/egg-smol-benchmark-pointer-analysis/benchmarks/postgresql-9.5.2/libpgtypes.so.3.6.bc>:dttofmtasc_replace:%ts
</home/yz489/egg-smol-benchmark-pointer-analysis/benchmarks/postgresql-9.5.2/libpgtypes.so.3.6.bc>:dttofmtasc_replace	1	</home/yz489/egg-smol-benchmark-pointer-analysis/benchmarks/postgresql-9.5.2/libpgtypes.so.3.6.bc>:dttofmtasc_replace:%dDate
</home/yz489/egg-smol-benchmark-pointer-analysis/benchmarks/postgresql-9.5.2/libpgtypes.so.3.6.bc>:dttofmtasc_replace	2	</home/yz489/egg-smol-benchmark-pointer-analysis/benchmarks/postgresql-9.5.2/libpgtypes.so.3.6.bc>:dttofmtasc_replace:%dow
</home/yz489/egg-smol-benchmark-pointer-analysis/benchmarks/postgresql-9.5.2/libpgtypes.so.3.6.bc>:dttofmtasc_replace	3	</home/yz489/egg-smol-benchmark-pointer-analysis/benchmarks/postgresql-9.5.2/libpgtypes.so.3.6.bc>:dttofmtasc_replace:%tm
</home/yz489/egg-smol-benchmark-pointer-analysis/benchmarks/postgresql-9.5.2/libpgtypes.so.3.6.bc>:dttofmtasc_replace	4	</home/yz489/egg-smol-benchmark-pointer-analysis/benchmarks/postgresql-9.5.2/libpgtypes.so.3.6.bc>:dttofmtasc_replace:%output
</home/yz489/egg-smol-benchmark-pointer-analysis/benchmarks/postgresql-9.5.2/libpgtypes.so.3.6.bc>:dttofmtasc_replace	5	</home/yz489/egg-smol-benchmark-pointer-analysis/benchmarks/postgresql-9.5.2/libpgtypes.so.3.6.bc>:dttofmtasc_replace:%pstr_len
</home/yz489/egg-smol-benchmark-pointer-analysis/benchmarks/postgresql-9.5.2/libpgtypes.so.3.6.bc>:dttofmtasc_replace	6	</home/yz489/egg-smol-benchmark-pointer-analysis/benchmarks/postgresql-9.5.2/libpgtypes.so.3.6.bc>:dttofmtasc_replace:%fmtstr
</home/yz489/egg-smol-benchmark-pointer-analysis/benchmarks/postgresql-9.5.2/libpgtypes.so.3.6.bc>:DecodeInterval	0	</home/yz489/egg-smol-benchmark-pointer-analysis/benchmarks/postgresql-9.5.2/libpgtypes.so.3.6.bc>:DecodeInterval:%field
</home/yz489/egg-smol-benchmark-pointer-analysis/benchmarks/postgresql-9.5.2/libpgtypes.so.3.6.bc>:DecodeInterval	1	</home/yz489/egg-smol-benchmark-pointer-analysis/benchmarks/postgresql-9.5.2/libpgtypes.so.3.6.bc>:DecodeInterval:%ftype
</home/yz489/egg-smol-benchmark-pointer-analysis/benchmarks/postgresql-9.5.2/libpgtypes.so.3.6.bc>:DecodeInterval	2	</home/yz489/egg-smol-benchmark-pointer-analysis/benchmarks/postgresql-9.5.2/libpgtypes.so.3.6.bc>:DecodeInterval:%nf
</home/yz489/egg-smol-benchmark-pointer-analysis/benchmarks/postgresql-9.5.2/libpgtypes.so.3.6.bc>:DecodeInterval	3	</home/yz489/egg-smol-benchmark-pointer-analysis/benchmarks/postgresql-9.5.2/libpgtypes.so.3.6.bc>:DecodeInterval:%dtype
</home/yz489/egg-smol-benchmark-pointer-analysis/benchmarks/postgresql-9.5.2/libpgtypes.so.3.6.bc>:DecodeInterval	4	</home/yz489/egg-smol-benchmark-pointer-analysis/benchmarks/postgresql-9.5.2/libpgtypes.so.3.6.bc>:DecodeInterval:%tm
</home/yz489/egg-smol-benchmark-pointer-analysis/benchmarks/postgresql-9.5.2/libpgtypes.so.3.6.bc>:DecodeInterval	5	</home/yz489/egg-smol-benchmark-pointer-analysis/benchmarks/postgresql-9.5.2/libpgtypes.so.3.6.bc>:DecodeInterval:%fsec
</home/yz489/egg-smol-benchmark-pointer-analysis/benchmarks/postgresql-9.5.2/libpgtypes.so.3.6.bc>:EncodeInterval	0	</home/yz489/egg-smol-benchmark-pointer-analysis/benchmarks/postgresql-9.5.2/libpgtypes.so.3.6.bc>:EncodeInterval:%tm
</home/yz489/egg-smol-benchmark-pointer-analysis/benchmarks/postgresql-9.5.2/libpgtypes.so.3.6.bc>:EncodeInterval	1	</home/yz489/egg-smol-benchmark-pointer-analysis/benchmarks/postgresql-9.5.2/libpgtypes.so.3.6.bc>:EncodeInterval:%fsec
</home/yz489/egg-smol-benchmark-pointer-analysis/benchmarks/postgresql-9.5.2/libpgtypes.so.3.6.bc>:EncodeInterval	2	</home/yz489/egg-smol-benchmark-pointer-analysis/benchmarks/postgresql-9.5.2/libpgtypes.so.3.6.bc>:EncodeInterval:%style
</home/yz489/egg-smol-benchmark-pointer-analysis/benchmarks/postgresql-9.5.2/libpgtypes.so.3.6.bc>:EncodeInterval	3	</home/yz489/egg-smol-benchmark-pointer-analysis/benchmarks/postgresql-9.5.2/libpgtypes.so.3.6.bc>:EncodeInterval:%str
</home/yz489/egg-smol-benchmark-pointer-analysis/benchmarks/postgresql-9.5.2/libpgtypes.so.3.6.bc>:PGTYPESinterval_free	0	</home/yz489/egg-smol-benchmark-pointer-analysis/benchmarks/postgresql-9.5.2/libpgtypes.so.3.6.bc>:PGTYPESinterval_free:%intvl
</home/yz489/egg-smol-benchmark-pointer-analysis/benchmarks/postgresql-9.5.2/libpgtypes.so.3.6.bc>:PGTYPESinterval_from_asc	0	</home/yz489/egg-smol-benchmark-pointer-analysis/benchmarks/postgresql-9.5.2/libpgtypes.so.3.6.bc>:PGTYPESinterval_from_asc:%str
</home/yz489/egg-smol-benchmark-pointer-analysis/benchmarks/postgresql-9.5.2/libpgtypes.so.3.6.bc>:PGTYPESinterval_from_asc	1	</home/yz489/egg-smol-benchmark-pointer-analysis/benchmarks/postgresql-9.5.2/libpgtypes.so.3.6.bc>:PGTYPESinterval_from_asc:%endptr
</home/yz489/egg-smol-benchmark-pointer-analysis/benchmarks/postgresql-9.5.2/libpgtypes.so.3.6.bc>:PGTYPESinterval_to_asc	0	</home/yz489/egg-smol-benchmark-pointer-analysis/benchmarks/postgresql-9.5.2/libpgtypes.so.3.6.bc>:PGTYPESinterval_to_asc:%span
</home/yz489/egg-smol-benchmark-pointer-analysis/benchmarks/postgresql-9.5.2/libpgtypes.so.3.6.bc>:PGTYPESinterval_copy	0	</home/yz489/egg-smol-benchmark-pointer-analysis/benchmarks/postgresql-9.5.2/libpgtypes.so.3.6.bc>:PGTYPESinterval_copy:%intvlsrc
</home/yz489/egg-smol-benchmark-pointer-analysis/benchmarks/postgresql-9.5.2/libpgtypes.so.3.6.bc>:PGTYPESinterval_copy	1	</home/yz489/egg-smol-benchmark-pointer-analysis/benchmarks/postgresql-9.5.2/libpgtypes.so.3.6.bc>:PGTYPESinterval_copy:%intvldest
</home/yz489/egg-smol-benchmark-pointer-analysis/benchmarks/postgresql-9.5.2/libpgtypes.so.3.6.bc>:ClearPgTm	0	</home/yz489/egg-smol-benchmark-pointer-analysis/benchmarks/postgresql-9.5.2/libpgtypes.so.3.6.bc>:ClearPgTm:%tm
</home/yz489/egg-smol-benchmark-pointer-analysis/benchmarks/postgresql-9.5.2/libpgtypes.so.3.6.bc>:ClearPgTm	1	</home/yz489/egg-smol-benchmark-pointer-analysis/benchmarks/postgresql-9.5.2/libpgtypes.so.3.6.bc>:ClearPgTm:%fsec
</home/yz489/egg-smol-benchmark-pointer-analysis/benchmarks/postgresql-9.5.2/libpgtypes.so.3.6.bc>:strtoi	0	</home/yz489/egg-smol-benchmark-pointer-analysis/benchmarks/postgresql-9.5.2/libpgtypes.so.3.6.bc>:strtoi:%nptr
</home/yz489/egg-smol-benchmark-pointer-analysis/benchmarks/postgresql-9.5.2/libpgtypes.so.3.6.bc>:strtoi	1	</home/yz489/egg-smol-benchmark-pointer-analysis/benchmarks/postgresql-9.5.2/libpgtypes.so.3.6.bc>:strtoi:%endptr
</home/yz489/egg-smol-benchmark-pointer-analysis/benchmarks/postgresql-9.5.2/libpgtypes.so.3.6.bc>:strtoi	2	</home/yz489/egg-smol-benchmark-pointer-analysis/benchmarks/postgresql-9.5.2/libpgtypes.so.3.6.bc>:strtoi:%base
</home/yz489/egg-smol-benchmark-pointer-analysis/benchmarks/postgresql-9.5.2/libpgtypes.so.3.6.bc>:AdjustFractSeconds	0	</home/yz489/egg-smol-benchmark-pointer-analysis/benchmarks/postgresql-9.5.2/libpgtypes.so.3.6.bc>:AdjustFractSeconds:%frac
</home/yz489/egg-smol-benchmark-pointer-analysis/benchmarks/postgresql-9.5.2/libpgtypes.so.3.6.bc>:AdjustFractSeconds	1	</home/yz489/egg-smol-benchmark-pointer-analysis/benchmarks/postgresql-9.5.2/libpgtypes.so.3.6.bc>:AdjustFractSeconds:%tm
</home/yz489/egg-smol-benchmark-pointer-analysis/benchmarks/postgresql-9.5.2/libpgtypes.so.3.6.bc>:AdjustFractSeconds	2	</home/yz489/egg-smol-benchmark-pointer-analysis/benchmarks/postgresql-9.5.2/libpgtypes.so.3.6.bc>:AdjustFractSeconds:%fsec
</home/yz489/egg-smol-benchmark-pointer-analysis/benchmarks/postgresql-9.5.2/libpgtypes.so.3.6.bc>:AdjustFractSeconds	3	</home/yz489/egg-smol-benchmark-pointer-analysis/benchmarks/postgresql-9.5.2/libpgtypes.so.3.6.bc>:AdjustFractSeconds:%scale
</home/yz489/egg-smol-benchmark-pointer-analysis/benchmarks/postgresql-9.5.2/libpgtypes.so.3.6.bc>:AdjustFractDays	0	</home/yz489/egg-smol-benchmark-pointer-analysis/benchmarks/postgresql-9.5.2/libpgtypes.so.3.6.bc>:AdjustFractDays:%frac
</home/yz489/egg-smol-benchmark-pointer-analysis/benchmarks/postgresql-9.5.2/libpgtypes.so.3.6.bc>:AdjustFractDays	1	</home/yz489/egg-smol-benchmark-pointer-analysis/benchmarks/postgresql-9.5.2/libpgtypes.so.3.6.bc>:AdjustFractDays:%tm
</home/yz489/egg-smol-benchmark-pointer-analysis/benchmarks/postgresql-9.5.2/libpgtypes.so.3.6.bc>:AdjustFractDays	2	</home/yz489/egg-smol-benchmark-pointer-analysis/benchmarks/postgresql-9.5.2/libpgtypes.so.3.6.bc>:AdjustFractDays:%fsec
</home/yz489/egg-smol-benchmark-pointer-analysis/benchmarks/postgresql-9.5.2/libpgtypes.so.3.6.bc>:AdjustFractDays	3	</home/yz489/egg-smol-benchmark-pointer-analysis/benchmarks/postgresql-9.5.2/libpgtypes.so.3.6.bc>:AdjustFractDays:%scale
</home/yz489/egg-smol-benchmark-pointer-analysis/benchmarks/postgresql-9.5.2/libpgtypes.so.3.6.bc>:AppendSeconds	0	</home/yz489/egg-smol-benchmark-pointer-analysis/benchmarks/postgresql-9.5.2/libpgtypes.so.3.6.bc>:AppendSeconds:%cp
</home/yz489/egg-smol-benchmark-pointer-analysis/benchmarks/postgresql-9.5.2/libpgtypes.so.3.6.bc>:AppendSeconds	1	</home/yz489/egg-smol-benchmark-pointer-analysis/benchmarks/postgresql-9.5.2/libpgtypes.so.3.6.bc>:AppendSeconds:%sec
</home/yz489/egg-smol-benchmark-pointer-analysis/benchmarks/postgresql-9.5.2/libpgtypes.so.3.6.bc>:AppendSeconds	2	</home/yz489/egg-smol-benchmark-pointer-analysis/benchmarks/postgresql-9.5.2/libpgtypes.so.3.6.bc>:AppendSeconds:%fsec
</home/yz489/egg-smol-benchmark-pointer-analysis/benchmarks/postgresql-9.5.2/libpgtypes.so.3.6.bc>:AppendSeconds	3	</home/yz489/egg-smol-benchmark-pointer-analysis/benchmarks/postgresql-9.5.2/libpgtypes.so.3.6.bc>:AppendSeconds:%precision
</home/yz489/egg-smol-benchmark-pointer-analysis/benchmarks/postgresql-9.5.2/libpgtypes.so.3.6.bc>:AppendSeconds	4	</home/yz489/egg-smol-benchmark-pointer-analysis/benchmarks/postgresql-9.5.2/libpgtypes.so.3.6.bc>:AppendSeconds:%fillzeros
</home/yz489/egg-smol-benchmark-pointer-analysis/benchmarks/postgresql-9.5.2/libpgtypes.so.3.6.bc>:AddISO8601IntPart	0	</home/yz489/egg-smol-benchmark-pointer-analysis/benchmarks/postgresql-9.5.2/libpgtypes.so.3.6.bc>:AddISO8601IntPart:%cp
</home/yz489/egg-smol-benchmark-pointer-analysis/benchmarks/postgresql-9.5.2/libpgtypes.so.3.6.bc>:AddISO8601IntPart	1	</home/yz489/egg-smol-benchmark-pointer-analysis/benchmarks/postgresql-9.5.2/libpgtypes.so.3.6.bc>:AddISO8601IntPart:%value
</home/yz489/egg-smol-benchmark-pointer-analysis/benchmarks/postgresql-9.5.2/libpgtypes.so.3.6.bc>:AddISO8601IntPart	2	</home/yz489/egg-smol-benchmark-pointer-analysis/benchmarks/postgresql-9.5.2/libpgtypes.so.3.6.bc>:AddISO8601IntPart:%units
</home/yz489/egg-smol-benchmark-pointer-analysis/benchmarks/postgresql-9.5.2/libpgtypes.so.3.6.bc>:AddPostgresIntPart	0	</home/yz489/egg-smol-benchmark-pointer-analysis/benchmarks/postgresql-9.5.2/libpgtypes.so.3.6.bc>:AddPostgresIntPart:%cp
</home/yz489/egg-smol-benchmark-pointer-analysis/benchmarks/postgresql-9.5.2/libpgtypes.so.3.6.bc>:AddPostgresIntPart	1	</home/yz489/egg-smol-benchmark-pointer-analysis/benchmarks/postgresql-9.5.2/libpgtypes.so.3.6.bc>:AddPostgresIntPart:%value
</home/yz489/egg-smol-benchmark-pointer-analysis/benchmarks/postgresql-9.5.2/libpgtypes.so.3.6.bc>:AddPostgresIntPart	2	</home/yz489/egg-smol-benchmark-pointer-analysis/benchmarks/postgresql-9.5.2/libpgtypes.so.3.6.bc>:AddPostgresIntPart:%units
</home/yz489/egg-smol-benchmark-pointer-analysis/benchmarks/postgresql-9.5.2/libpgtypes.so.3.6.bc>:AddPostgresIntPart	3	</home/yz489/egg-smol-benchmark-pointer-analysis/benchmarks/postgresql-9.5.2/libpgtypes.so.3.6.bc>:AddPostgresIntPart:%is_zero
</home/yz489/egg-smol-benchmark-pointer-analysis/benchmarks/postgresql-9.5.2/libpgtypes.so.3.6.bc>:AddPostgresIntPart	4	</home/yz489/egg-smol-benchmark-pointer-analysis/benchmarks/postgresql-9.5.2/libpgtypes.so.3.6.bc>:AddPostgresIntPart:%is_before
</home/yz489/egg-smol-benchmark-pointer-analysis/benchmarks/postgresql-9.5.2/libpgtypes.so.3.6.bc>:AddVerboseIntPart	0	</home/yz489/egg-smol-benchmark-pointer-analysis/benchmarks/postgresql-9.5.2/libpgtypes.so.3.6.bc>:AddVerboseIntPart:%cp
</home/yz489/egg-smol-benchmark-pointer-analysis/benchmarks/postgresql-9.5.2/libpgtypes.so.3.6.bc>:AddVerboseIntPart	1	</home/yz489/egg-smol-benchmark-pointer-analysis/benchmarks/postgresql-9.5.2/libpgtypes.so.3.6.bc>:AddVerboseIntPart:%value
</home/yz489/egg-smol-benchmark-pointer-analysis/benchmarks/postgresql-9.5.2/libpgtypes.so.3.6.bc>:AddVerboseIntPart	2	</home/yz489/egg-smol-benchmark-pointer-analysis/benchmarks/postgresql-9.5.2/libpgtypes.so.3.6.bc>:AddVerboseIntPart:%units
</home/yz489/egg-smol-benchmark-pointer-analysis/benchmarks/postgresql-9.5.2/libpgtypes.so.3.6.bc>:AddVerboseIntPart	3	</home/yz489/egg-smol-benchmark-pointer-analysis/benchmarks/postgresql-9.5.2/libpgtypes.so.3.6.bc>:AddVerboseIntPart:%is_zero
</home/yz489/egg-smol-benchmark-pointer-analysis/benchmarks/postgresql-9.5.2/libpgtypes.so.3.6.bc>:AddVerboseIntPart	4	</home/yz489/egg-smol-benchmark-pointer-analysis/benchmarks/postgresql-9.5.2/libpgtypes.so.3.6.bc>:AddVerboseIntPart:%is_before
</home/yz489/egg-smol-benchmark-pointer-analysis/benchmarks/postgresql-9.5.2/libpgtypes.so.3.6.bc>:DecodeISO8601Interval	0	</home/yz489/egg-smol-benchmark-pointer-analysis/benchmarks/postgresql-9.5.2/libpgtypes.so.3.6.bc>:DecodeISO8601Interval:%str
</home/yz489/egg-smol-benchmark-pointer-analysis/benchmarks/postgresql-9.5.2/libpgtypes.so.3.6.bc>:DecodeISO8601Interval	1	</home/yz489/egg-smol-benchmark-pointer-analysis/benchmarks/postgresql-9.5.2/libpgtypes.so.3.6.bc>:DecodeISO8601Interval:%dtype
</home/yz489/egg-smol-benchmark-pointer-analysis/benchmarks/postgresql-9.5.2/libpgtypes.so.3.6.bc>:DecodeISO8601Interval	2	</home/yz489/egg-smol-benchmark-pointer-analysis/benchmarks/postgresql-9.5.2/libpgtypes.so.3.6.bc>:DecodeISO8601Interval:%tm
</home/yz489/egg-smol-benchmark-pointer-analysis/benchmarks/postgresql-9.5.2/libpgtypes.so.3.6.bc>:DecodeISO8601Interval	3	</home/yz489/egg-smol-benchmark-pointer-analysis/benchmarks/postgresql-9.5.2/libpgtypes.so.3.6.bc>:DecodeISO8601Interval:%fsec
</home/yz489/egg-smol-benchmark-pointer-analysis/benchmarks/postgresql-9.5.2/libpgtypes.so.3.6.bc>:tm2interval	0	</home/yz489/egg-smol-benchmark-pointer-analysis/benchmarks/postgresql-9.5.2/libpgtypes.so.3.6.bc>:tm2interval:%tm
</home/yz489/egg-smol-benchmark-pointer-analysis/benchmarks/postgresql-9.5.2/libpgtypes.so.3.6.bc>:tm2interval	1	</home/yz489/egg-smol-benchmark-pointer-analysis/benchmarks/postgresql-9.5.2/libpgtypes.so.3.6.bc>:tm2interval:%fsec
</home/yz489/egg-smol-benchmark-pointer-analysis/benchmarks/postgresql-9.5.2/libpgtypes.so.3.6.bc>:tm2interval	2	</home/yz489/egg-smol-benchmark-pointer-analysis/benchmarks/postgresql-9.5.2/libpgtypes.so.3.6.bc>:tm2interval:%span
</home/yz489/egg-smol-benchmark-pointer-analysis/benchmarks/postgresql-9.5.2/libpgtypes.so.3.6.bc>:interval2tm	0	</home/yz489/egg-smol-benchmark-pointer-analysis/benchmarks/postgresql-9.5.2/libpgtypes.so.3.6.bc>:interval2tm:%span.coerce0
</home/yz489/egg-smol-benchmark-pointer-analysis/benchmarks/postgresql-9.5.2/libpgtypes.so.3.6.bc>:interval2tm	1	</home/yz489/egg-smol-benchmark-pointer-analysis/benchmarks/postgresql-9.5.2/libpgtypes.so.3.6.bc>:interval2tm:%span.coerce1
</home/yz489/egg-smol-benchmark-pointer-analysis/benchmarks/postgresql-9.5.2/libpgtypes.so.3.6.bc>:interval2tm	2	</home/yz489/egg-smol-benchmark-pointer-analysis/benchmarks/postgresql-9.5.2/libpgtypes.so.3.6.bc>:interval2tm:%tm
</home/yz489/egg-smol-benchmark-pointer-analysis/benchmarks/postgresql-9.5.2/libpgtypes.so.3.6.bc>:interval2tm	3	</home/yz489/egg-smol-benchmark-pointer-analysis/benchmarks/postgresql-9.5.2/libpgtypes.so.3.6.bc>:interval2tm:%fsec
</home/yz489/egg-smol-benchmark-pointer-analysis/benchmarks/postgresql-9.5.2/libpgtypes.so.3.6.bc>:ParseISO8601Number	0	</home/yz489/egg-smol-benchmark-pointer-analysis/benchmarks/postgresql-9.5.2/libpgtypes.so.3.6.bc>:ParseISO8601Number:%str
</home/yz489/egg-smol-benchmark-pointer-analysis/benchmarks/postgresql-9.5.2/libpgtypes.so.3.6.bc>:ParseISO8601Number	1	</home/yz489/egg-smol-benchmark-pointer-analysis/benchmarks/postgresql-9.5.2/libpgtypes.so.3.6.bc>:ParseISO8601Number:%endptr
</home/yz489/egg-smol-benchmark-pointer-analysis/benchmarks/postgresql-9.5.2/libpgtypes.so.3.6.bc>:ParseISO8601Number	2	</home/yz489/egg-smol-benchmark-pointer-analysis/benchmarks/postgresql-9.5.2/libpgtypes.so.3.6.bc>:ParseISO8601Number:%ipart
</home/yz489/egg-smol-benchmark-pointer-analysis/benchmarks/postgresql-9.5.2/libpgtypes.so.3.6.bc>:ParseISO8601Number	3	</home/yz489/egg-smol-benchmark-pointer-analysis/benchmarks/postgresql-9.5.2/libpgtypes.so.3.6.bc>:ParseISO8601Number:%fpart
</home/yz489/egg-smol-benchmark-pointer-analysis/benchmarks/postgresql-9.5.2/libpgtypes.so.3.6.bc>:ISO8601IntegerWidth	0	</home/yz489/egg-smol-benchmark-pointer-analysis/benchmarks/postgresql-9.5.2/libpgtypes.so.3.6.bc>:ISO8601IntegerWidth:%fieldstart
</home/yz489/egg-smol-benchmark-pointer-analysis/benchmarks/postgresql-9.5.2/libpgtypes.so.3.6.bc>:pg_strcasecmp	0	</home/yz489/egg-smol-benchmark-pointer-analysis/benchmarks/postgresql-9.5.2/libpgtypes.so.3.6.bc>:pg_strcasecmp:%s1
</home/yz489/egg-smol-benchmark-pointer-analysis/benchmarks/postgresql-9.5.2/libpgtypes.so.3.6.bc>:pg_strcasecmp	1	</home/yz489/egg-smol-benchmark-pointer-analysis/benchmarks/postgresql-9.5.2/libpgtypes.so.3.6.bc>:pg_strcasecmp:%s2
</home/yz489/egg-smol-benchmark-pointer-analysis/benchmarks/postgresql-9.5.2/libpgtypes.so.3.6.bc>:pg_strncasecmp	0	</home/yz489/egg-smol-benchmark-pointer-analysis/benchmarks/postgresql-9.5.2/libpgtypes.so.3.6.bc>:pg_strncasecmp:%s1
</home/yz489/egg-smol-benchmark-pointer-analysis/benchmarks/postgresql-9.5.2/libpgtypes.so.3.6.bc>:pg_strncasecmp	1	</home/yz489/egg-smol-benchmark-pointer-analysis/benchmarks/postgresql-9.5.2/libpgtypes.so.3.6.bc>:pg_strncasecmp:%s2
</home/yz489/egg-smol-benchmark-pointer-analysis/benchmarks/postgresql-9.5.2/libpgtypes.so.3.6.bc>:pg_strncasecmp	2	</home/yz489/egg-smol-benchmark-pointer-analysis/benchmarks/postgresql-9.5.2/libpgtypes.so.3.6.bc>:pg_strncasecmp:%n
</home/yz489/egg-smol-benchmark-pointer-analysis/benchmarks/postgresql-9.5.2/libpgtypes.so.3.6.bc>:pg_toupper	0	</home/yz489/egg-smol-benchmark-pointer-analysis/benchmarks/postgresql-9.5.2/libpgtypes.so.3.6.bc>:pg_toupper:%ch
</home/yz489/egg-smol-benchmark-pointer-analysis/benchmarks/postgresql-9.5.2/libpgtypes.so.3.6.bc>:pg_tolower	0	</home/yz489/egg-smol-benchmark-pointer-analysis/benchmarks/postgresql-9.5.2/libpgtypes.so.3.6.bc>:pg_tolower:%ch
</home/yz489/egg-smol-benchmark-pointer-analysis/benchmarks/postgresql-9.5.2/libpgtypes.so.3.6.bc>:pg_ascii_toupper	0	</home/yz489/egg-smol-benchmark-pointer-analysis/benchmarks/postgresql-9.5.2/libpgtypes.so.3.6.bc>:pg_ascii_toupper:%ch
</home/yz489/egg-smol-benchmark-pointer-analysis/benchmarks/postgresql-9.5.2/libpgtypes.so.3.6.bc>:pg_ascii_tolower	0	</home/yz489/egg-smol-benchmark-pointer-analysis/benchmarks/postgresql-9.5.2/libpgtypes.so.3.6.bc>:pg_ascii_tolower:%ch
