</home/yz489/egg-smol-benchmark-pointer-analysis/benchmarks/postgresql-9.5.2/libpgtypes.so.3.6.bc>:PGTYPESnumeric_new:22	</home/yz489/egg-smol-benchmark-pointer-analysis/benchmarks/postgresql-9.5.2/libpgtypes.so.3.6.bc>:PGTYPESnumeric_new:%5
</home/yz489/egg-smol-benchmark-pointer-analysis/benchmarks/postgresql-9.5.2/libpgtypes.so.3.6.bc>:PGTYPESdecimal_new:16	</home/yz489/egg-smol-benchmark-pointer-analysis/benchmarks/postgresql-9.5.2/libpgtypes.so.3.6.bc>:PGTYPESdecimal_new:%4
</home/yz489/egg-smol-benchmark-pointer-analysis/benchmarks/postgresql-9.5.2/libpgtypes.so.3.6.bc>:PGTYPESnumeric_from_asc:41	</home/yz489/egg-smol-benchmark-pointer-analysis/benchmarks/postgresql-9.5.2/libpgtypes.so.3.6.bc>:PGTYPESnumeric_from_asc:%10
</home/yz489/egg-smol-benchmark-pointer-analysis/benchmarks/postgresql-9.5.2/libpgtypes.so.3.6.bc>:PGTYPESnumeric_to_asc:41	</home/yz489/egg-smol-benchmark-pointer-analysis/benchmarks/postgresql-9.5.2/libpgtypes.so.3.6.bc>:PGTYPESnumeric_to_asc:%11
</home/yz489/egg-smol-benchmark-pointer-analysis/benchmarks/postgresql-9.5.2/libpgtypes.so.3.6.bc>:PGTYPESnumeric_copy:76	</home/yz489/egg-smol-benchmark-pointer-analysis/benchmarks/postgresql-9.5.2/libpgtypes.so.3.6.bc>:PGTYPESnumeric_copy:%28
</home/yz489/egg-smol-benchmark-pointer-analysis/benchmarks/postgresql-9.5.2/libpgtypes.so.3.6.bc>:PGTYPESnumeric_add:195	</home/yz489/egg-smol-benchmark-pointer-analysis/benchmarks/postgresql-9.5.2/libpgtypes.so.3.6.bc>:PGTYPESnumeric_add:%72
</home/yz489/egg-smol-benchmark-pointer-analysis/benchmarks/postgresql-9.5.2/libpgtypes.so.3.6.bc>:PGTYPESnumeric_sub:195	</home/yz489/egg-smol-benchmark-pointer-analysis/benchmarks/postgresql-9.5.2/libpgtypes.so.3.6.bc>:PGTYPESnumeric_sub:%72
</home/yz489/egg-smol-benchmark-pointer-analysis/benchmarks/postgresql-9.5.2/libpgtypes.so.3.6.bc>:PGTYPESnumeric_mul:304	</home/yz489/egg-smol-benchmark-pointer-analysis/benchmarks/postgresql-9.5.2/libpgtypes.so.3.6.bc>:PGTYPESnumeric_mul:%103
</home/yz489/egg-smol-benchmark-pointer-analysis/benchmarks/postgresql-9.5.2/libpgtypes.so.3.6.bc>:PGTYPESnumeric_div:673	</home/yz489/egg-smol-benchmark-pointer-analysis/benchmarks/postgresql-9.5.2/libpgtypes.so.3.6.bc>:PGTYPESnumeric_div:%206
</home/yz489/egg-smol-benchmark-pointer-analysis/benchmarks/postgresql-9.5.2/libpgtypes.so.3.6.bc>:PGTYPESnumeric_cmp:64	</home/yz489/egg-smol-benchmark-pointer-analysis/benchmarks/postgresql-9.5.2/libpgtypes.so.3.6.bc>:PGTYPESnumeric_cmp:%20
</home/yz489/egg-smol-benchmark-pointer-analysis/benchmarks/postgresql-9.5.2/libpgtypes.so.3.6.bc>:PGTYPESnumeric_from_int:11	</home/yz489/egg-smol-benchmark-pointer-analysis/benchmarks/postgresql-9.5.2/libpgtypes.so.3.6.bc>:PGTYPESnumeric_from_int:%call
</home/yz489/egg-smol-benchmark-pointer-analysis/benchmarks/postgresql-9.5.2/libpgtypes.so.3.6.bc>:PGTYPESnumeric_from_long:114	</home/yz489/egg-smol-benchmark-pointer-analysis/benchmarks/postgresql-9.5.2/libpgtypes.so.3.6.bc>:PGTYPESnumeric_from_long:%34
</home/yz489/egg-smol-benchmark-pointer-analysis/benchmarks/postgresql-9.5.2/libpgtypes.so.3.6.bc>:PGTYPESnumeric_from_double:38	</home/yz489/egg-smol-benchmark-pointer-analysis/benchmarks/postgresql-9.5.2/libpgtypes.so.3.6.bc>:PGTYPESnumeric_from_double:%5
</home/yz489/egg-smol-benchmark-pointer-analysis/benchmarks/postgresql-9.5.2/libpgtypes.so.3.6.bc>:PGTYPESnumeric_to_double:18	</home/yz489/egg-smol-benchmark-pointer-analysis/benchmarks/postgresql-9.5.2/libpgtypes.so.3.6.bc>:PGTYPESnumeric_to_double:%3
</home/yz489/egg-smol-benchmark-pointer-analysis/benchmarks/postgresql-9.5.2/libpgtypes.so.3.6.bc>:PGTYPESnumeric_to_int:32	</home/yz489/egg-smol-benchmark-pointer-analysis/benchmarks/postgresql-9.5.2/libpgtypes.so.3.6.bc>:PGTYPESnumeric_to_int:%6
</home/yz489/egg-smol-benchmark-pointer-analysis/benchmarks/postgresql-9.5.2/libpgtypes.so.3.6.bc>:PGTYPESnumeric_to_long:50	</home/yz489/egg-smol-benchmark-pointer-analysis/benchmarks/postgresql-9.5.2/libpgtypes.so.3.6.bc>:PGTYPESnumeric_to_long:%11
</home/yz489/egg-smol-benchmark-pointer-analysis/benchmarks/postgresql-9.5.2/libpgtypes.so.3.6.bc>:PGTYPESnumeric_to_decimal:74	</home/yz489/egg-smol-benchmark-pointer-analysis/benchmarks/postgresql-9.5.2/libpgtypes.so.3.6.bc>:PGTYPESnumeric_to_decimal:%27
</home/yz489/egg-smol-benchmark-pointer-analysis/benchmarks/postgresql-9.5.2/libpgtypes.so.3.6.bc>:PGTYPESnumeric_from_decimal:70	</home/yz489/egg-smol-benchmark-pointer-analysis/benchmarks/postgresql-9.5.2/libpgtypes.so.3.6.bc>:PGTYPESnumeric_from_decimal:%26
</home/yz489/egg-smol-benchmark-pointer-analysis/benchmarks/postgresql-9.5.2/libpgtypes.so.3.6.bc>:alloc_var:50	</home/yz489/egg-smol-benchmark-pointer-analysis/benchmarks/postgresql-9.5.2/libpgtypes.so.3.6.bc>:alloc_var:%15
</home/yz489/egg-smol-benchmark-pointer-analysis/benchmarks/postgresql-9.5.2/libpgtypes.so.3.6.bc>:set_var_from_str:375	</home/yz489/egg-smol-benchmark-pointer-analysis/benchmarks/postgresql-9.5.2/libpgtypes.so.3.6.bc>:set_var_from_str:%133
</home/yz489/egg-smol-benchmark-pointer-analysis/benchmarks/postgresql-9.5.2/libpgtypes.so.3.6.bc>:get_str_from_var:296	</home/yz489/egg-smol-benchmark-pointer-analysis/benchmarks/postgresql-9.5.2/libpgtypes.so.3.6.bc>:get_str_from_var:%96
</home/yz489/egg-smol-benchmark-pointer-analysis/benchmarks/postgresql-9.5.2/libpgtypes.so.3.6.bc>:add_abs:285	</home/yz489/egg-smol-benchmark-pointer-analysis/benchmarks/postgresql-9.5.2/libpgtypes.so.3.6.bc>:add_abs:%99
</home/yz489/egg-smol-benchmark-pointer-analysis/benchmarks/postgresql-9.5.2/libpgtypes.so.3.6.bc>:cmp_abs:182	</home/yz489/egg-smol-benchmark-pointer-analysis/benchmarks/postgresql-9.5.2/libpgtypes.so.3.6.bc>:cmp_abs:%59
</home/yz489/egg-smol-benchmark-pointer-analysis/benchmarks/postgresql-9.5.2/libpgtypes.so.3.6.bc>:sub_abs:270	</home/yz489/egg-smol-benchmark-pointer-analysis/benchmarks/postgresql-9.5.2/libpgtypes.so.3.6.bc>:sub_abs:%93
</home/yz489/egg-smol-benchmark-pointer-analysis/benchmarks/postgresql-9.5.2/libpgtypes.so.3.6.bc>:select_div_scale:147	</home/yz489/egg-smol-benchmark-pointer-analysis/benchmarks/postgresql-9.5.2/libpgtypes.so.3.6.bc>:select_div_scale:%48
</home/yz489/egg-smol-benchmark-pointer-analysis/benchmarks/postgresql-9.5.2/libpgtypes.so.3.6.bc>:numericvar_to_double:79	</home/yz489/egg-smol-benchmark-pointer-analysis/benchmarks/postgresql-9.5.2/libpgtypes.so.3.6.bc>:numericvar_to_double:%19
</home/yz489/egg-smol-benchmark-pointer-analysis/benchmarks/postgresql-9.5.2/libpgtypes.so.3.6.bc>:PGTYPESdate_new:5	</home/yz489/egg-smol-benchmark-pointer-analysis/benchmarks/postgresql-9.5.2/libpgtypes.so.3.6.bc>:PGTYPESdate_new:%1
</home/yz489/egg-smol-benchmark-pointer-analysis/benchmarks/postgresql-9.5.2/libpgtypes.so.3.6.bc>:PGTYPESdate_from_timestamp:15	</home/yz489/egg-smol-benchmark-pointer-analysis/benchmarks/postgresql-9.5.2/libpgtypes.so.3.6.bc>:PGTYPESdate_from_timestamp:%3
</home/yz489/egg-smol-benchmark-pointer-analysis/benchmarks/postgresql-9.5.2/libpgtypes.so.3.6.bc>:PGTYPESdate_from_asc:91	</home/yz489/egg-smol-benchmark-pointer-analysis/benchmarks/postgresql-9.5.2/libpgtypes.so.3.6.bc>:PGTYPESdate_from_asc:%17
</home/yz489/egg-smol-benchmark-pointer-analysis/benchmarks/postgresql-9.5.2/libpgtypes.so.3.6.bc>:PGTYPESdate_to_asc:29	</home/yz489/egg-smol-benchmark-pointer-analysis/benchmarks/postgresql-9.5.2/libpgtypes.so.3.6.bc>:PGTYPESdate_to_asc:%call4
</home/yz489/egg-smol-benchmark-pointer-analysis/benchmarks/postgresql-9.5.2/libpgtypes.so.3.6.bc>:PGTYPESdate_dayofweek:9	</home/yz489/egg-smol-benchmark-pointer-analysis/benchmarks/postgresql-9.5.2/libpgtypes.so.3.6.bc>:PGTYPESdate_dayofweek:%rem
</home/yz489/egg-smol-benchmark-pointer-analysis/benchmarks/postgresql-9.5.2/libpgtypes.so.3.6.bc>:PGTYPESdate_fmt_asc:188	</home/yz489/egg-smol-benchmark-pointer-analysis/benchmarks/postgresql-9.5.2/libpgtypes.so.3.6.bc>:PGTYPESdate_fmt_asc:%47
</home/yz489/egg-smol-benchmark-pointer-analysis/benchmarks/postgresql-9.5.2/libpgtypes.so.3.6.bc>:PGTYPESdate_defmt_asc:782	</home/yz489/egg-smol-benchmark-pointer-analysis/benchmarks/postgresql-9.5.2/libpgtypes.so.3.6.bc>:PGTYPESdate_defmt_asc:%196
</home/yz489/egg-smol-benchmark-pointer-analysis/benchmarks/postgresql-9.5.2/libpgtypes.so.3.6.bc>:pgtypes_alloc:13	</home/yz489/egg-smol-benchmark-pointer-analysis/benchmarks/postgresql-9.5.2/libpgtypes.so.3.6.bc>:pgtypes_alloc:%2
</home/yz489/egg-smol-benchmark-pointer-analysis/benchmarks/postgresql-9.5.2/libpgtypes.so.3.6.bc>:pgtypes_strdup:13	</home/yz489/egg-smol-benchmark-pointer-analysis/benchmarks/postgresql-9.5.2/libpgtypes.so.3.6.bc>:pgtypes_strdup:%2
</home/yz489/egg-smol-benchmark-pointer-analysis/benchmarks/postgresql-9.5.2/libpgtypes.so.3.6.bc>:pgtypes_fmt_replace:175	</home/yz489/egg-smol-benchmark-pointer-analysis/benchmarks/postgresql-9.5.2/libpgtypes.so.3.6.bc>:pgtypes_fmt_replace:%60
</home/yz489/egg-smol-benchmark-pointer-analysis/benchmarks/postgresql-9.5.2/libpgtypes.so.3.6.bc>:DecodeUnits:58	</home/yz489/egg-smol-benchmark-pointer-analysis/benchmarks/postgresql-9.5.2/libpgtypes.so.3.6.bc>:DecodeUnits:%17
</home/yz489/egg-smol-benchmark-pointer-analysis/benchmarks/postgresql-9.5.2/libpgtypes.so.3.6.bc>:date2j:51	</home/yz489/egg-smol-benchmark-pointer-analysis/benchmarks/postgresql-9.5.2/libpgtypes.so.3.6.bc>:date2j:%14
</home/yz489/egg-smol-benchmark-pointer-analysis/benchmarks/postgresql-9.5.2/libpgtypes.so.3.6.bc>:EncodeDateOnly:175	</home/yz489/egg-smol-benchmark-pointer-analysis/benchmarks/postgresql-9.5.2/libpgtypes.so.3.6.bc>:EncodeDateOnly:%72
</home/yz489/egg-smol-benchmark-pointer-analysis/benchmarks/postgresql-9.5.2/libpgtypes.so.3.6.bc>:EncodeDateTime:530	</home/yz489/egg-smol-benchmark-pointer-analysis/benchmarks/postgresql-9.5.2/libpgtypes.so.3.6.bc>:EncodeDateTime:530:0:1
</home/yz489/egg-smol-benchmark-pointer-analysis/benchmarks/postgresql-9.5.2/libpgtypes.so.3.6.bc>:GetEpochTime:54	</home/yz489/egg-smol-benchmark-pointer-analysis/benchmarks/postgresql-9.5.2/libpgtypes.so.3.6.bc>:GetEpochTime:%19
</home/yz489/egg-smol-benchmark-pointer-analysis/benchmarks/postgresql-9.5.2/libpgtypes.so.3.6.bc>:DecodeTime:164	</home/yz489/egg-smol-benchmark-pointer-analysis/benchmarks/postgresql-9.5.2/libpgtypes.so.3.6.bc>:DecodeTime:%46
</home/yz489/egg-smol-benchmark-pointer-analysis/benchmarks/postgresql-9.5.2/libpgtypes.so.3.6.bc>:ParseDateTime:724	</home/yz489/egg-smol-benchmark-pointer-analysis/benchmarks/postgresql-9.5.2/libpgtypes.so.3.6.bc>:ParseDateTime:%283
</home/yz489/egg-smol-benchmark-pointer-analysis/benchmarks/postgresql-9.5.2/libpgtypes.so.3.6.bc>:DecodeDateTime:1113	</home/yz489/egg-smol-benchmark-pointer-analysis/benchmarks/postgresql-9.5.2/libpgtypes.so.3.6.bc>:DecodeDateTime:%366
</home/yz489/egg-smol-benchmark-pointer-analysis/benchmarks/postgresql-9.5.2/libpgtypes.so.3.6.bc>:PGTYPEStimestamp_defmt_scan:1103	</home/yz489/egg-smol-benchmark-pointer-analysis/benchmarks/postgresql-9.5.2/libpgtypes.so.3.6.bc>:PGTYPEStimestamp_defmt_scan:%388
</home/yz489/egg-smol-benchmark-pointer-analysis/benchmarks/postgresql-9.5.2/libpgtypes.so.3.6.bc>:datebsearch:77	</home/yz489/egg-smol-benchmark-pointer-analysis/benchmarks/postgresql-9.5.2/libpgtypes.so.3.6.bc>:datebsearch:%20
</home/yz489/egg-smol-benchmark-pointer-analysis/benchmarks/postgresql-9.5.2/libpgtypes.so.3.6.bc>:DecodeTimezone:103	</home/yz489/egg-smol-benchmark-pointer-analysis/benchmarks/postgresql-9.5.2/libpgtypes.so.3.6.bc>:DecodeTimezone:%25
</home/yz489/egg-smol-benchmark-pointer-analysis/benchmarks/postgresql-9.5.2/libpgtypes.so.3.6.bc>:DecodeNumberField:234	</home/yz489/egg-smol-benchmark-pointer-analysis/benchmarks/postgresql-9.5.2/libpgtypes.so.3.6.bc>:DecodeNumberField:%63
</home/yz489/egg-smol-benchmark-pointer-analysis/benchmarks/postgresql-9.5.2/libpgtypes.so.3.6.bc>:DecodePosixTimezone:67	</home/yz489/egg-smol-benchmark-pointer-analysis/benchmarks/postgresql-9.5.2/libpgtypes.so.3.6.bc>:DecodePosixTimezone:%20
</home/yz489/egg-smol-benchmark-pointer-analysis/benchmarks/postgresql-9.5.2/libpgtypes.so.3.6.bc>:DecodeDate:326	</home/yz489/egg-smol-benchmark-pointer-analysis/benchmarks/postgresql-9.5.2/libpgtypes.so.3.6.bc>:DecodeDate:%95
</home/yz489/egg-smol-benchmark-pointer-analysis/benchmarks/postgresql-9.5.2/libpgtypes.so.3.6.bc>:DecodeNumber:265	</home/yz489/egg-smol-benchmark-pointer-analysis/benchmarks/postgresql-9.5.2/libpgtypes.so.3.6.bc>:DecodeNumber:%85
</home/yz489/egg-smol-benchmark-pointer-analysis/benchmarks/postgresql-9.5.2/libpgtypes.so.3.6.bc>:DecodeSpecial:63	</home/yz489/egg-smol-benchmark-pointer-analysis/benchmarks/postgresql-9.5.2/libpgtypes.so.3.6.bc>:DecodeSpecial:%18
</home/yz489/egg-smol-benchmark-pointer-analysis/benchmarks/postgresql-9.5.2/libpgtypes.so.3.6.bc>:pgtypes_defmt_scan:135	</home/yz489/egg-smol-benchmark-pointer-analysis/benchmarks/postgresql-9.5.2/libpgtypes.so.3.6.bc>:pgtypes_defmt_scan:%45
</home/yz489/egg-smol-benchmark-pointer-analysis/benchmarks/postgresql-9.5.2/libpgtypes.so.3.6.bc>:find_end_token:141	</home/yz489/egg-smol-benchmark-pointer-analysis/benchmarks/postgresql-9.5.2/libpgtypes.so.3.6.bc>:find_end_token:%46
</home/yz489/egg-smol-benchmark-pointer-analysis/benchmarks/postgresql-9.5.2/libpgtypes.so.3.6.bc>:tm2timestamp:117	</home/yz489/egg-smol-benchmark-pointer-analysis/benchmarks/postgresql-9.5.2/libpgtypes.so.3.6.bc>:tm2timestamp:%44
</home/yz489/egg-smol-benchmark-pointer-analysis/benchmarks/postgresql-9.5.2/libpgtypes.so.3.6.bc>:PGTYPEStimestamp_from_asc:96	</home/yz489/egg-smol-benchmark-pointer-analysis/benchmarks/postgresql-9.5.2/libpgtypes.so.3.6.bc>:PGTYPEStimestamp_from_asc:%16
</home/yz489/egg-smol-benchmark-pointer-analysis/benchmarks/postgresql-9.5.2/libpgtypes.so.3.6.bc>:PGTYPEStimestamp_to_asc:41	</home/yz489/egg-smol-benchmark-pointer-analysis/benchmarks/postgresql-9.5.2/libpgtypes.so.3.6.bc>:PGTYPEStimestamp_to_asc:%8
</home/yz489/egg-smol-benchmark-pointer-analysis/benchmarks/postgresql-9.5.2/libpgtypes.so.3.6.bc>:PGTYPEStimestamp_fmt_asc:28	</home/yz489/egg-smol-benchmark-pointer-analysis/benchmarks/postgresql-9.5.2/libpgtypes.so.3.6.bc>:PGTYPEStimestamp_fmt_asc:%call3
</home/yz489/egg-smol-benchmark-pointer-analysis/benchmarks/postgresql-9.5.2/libpgtypes.so.3.6.bc>:PGTYPEStimestamp_sub:40	</home/yz489/egg-smol-benchmark-pointer-analysis/benchmarks/postgresql-9.5.2/libpgtypes.so.3.6.bc>:PGTYPEStimestamp_sub:%14
</home/yz489/egg-smol-benchmark-pointer-analysis/benchmarks/postgresql-9.5.2/libpgtypes.so.3.6.bc>:PGTYPEStimestamp_defmt_asc:54	</home/yz489/egg-smol-benchmark-pointer-analysis/benchmarks/postgresql-9.5.2/libpgtypes.so.3.6.bc>:PGTYPEStimestamp_defmt_asc:%10
</home/yz489/egg-smol-benchmark-pointer-analysis/benchmarks/postgresql-9.5.2/libpgtypes.so.3.6.bc>:PGTYPEStimestamp_add_interval:192	</home/yz489/egg-smol-benchmark-pointer-analysis/benchmarks/postgresql-9.5.2/libpgtypes.so.3.6.bc>:PGTYPEStimestamp_add_interval:%69
</home/yz489/egg-smol-benchmark-pointer-analysis/benchmarks/postgresql-9.5.2/libpgtypes.so.3.6.bc>:PGTYPEStimestamp_sub_interval:22	</home/yz489/egg-smol-benchmark-pointer-analysis/benchmarks/postgresql-9.5.2/libpgtypes.so.3.6.bc>:PGTYPEStimestamp_sub_interval:%call
</home/yz489/egg-smol-benchmark-pointer-analysis/benchmarks/postgresql-9.5.2/libpgtypes.so.3.6.bc>:time2t:20	</home/yz489/egg-smol-benchmark-pointer-analysis/benchmarks/postgresql-9.5.2/libpgtypes.so.3.6.bc>:time2t:%add5
</home/yz489/egg-smol-benchmark-pointer-analysis/benchmarks/postgresql-9.5.2/libpgtypes.so.3.6.bc>:dt2local:11	</home/yz489/egg-smol-benchmark-pointer-analysis/benchmarks/postgresql-9.5.2/libpgtypes.so.3.6.bc>:dt2local:%2
</home/yz489/egg-smol-benchmark-pointer-analysis/benchmarks/postgresql-9.5.2/libpgtypes.so.3.6.bc>:SetEpochTimestamp:20	</home/yz489/egg-smol-benchmark-pointer-analysis/benchmarks/postgresql-9.5.2/libpgtypes.so.3.6.bc>:SetEpochTimestamp:%4
</home/yz489/egg-smol-benchmark-pointer-analysis/benchmarks/postgresql-9.5.2/libpgtypes.so.3.6.bc>:EncodeSpecialTimestamp:23	</home/yz489/egg-smol-benchmark-pointer-analysis/benchmarks/postgresql-9.5.2/libpgtypes.so.3.6.bc>:EncodeSpecialTimestamp:%4
</home/yz489/egg-smol-benchmark-pointer-analysis/benchmarks/postgresql-9.5.2/libpgtypes.so.3.6.bc>:timestamp2tm:245	</home/yz489/egg-smol-benchmark-pointer-analysis/benchmarks/postgresql-9.5.2/libpgtypes.so.3.6.bc>:timestamp2tm:%86
</home/yz489/egg-smol-benchmark-pointer-analysis/benchmarks/postgresql-9.5.2/libpgtypes.so.3.6.bc>:dttofmtasc_replace:782	</home/yz489/egg-smol-benchmark-pointer-analysis/benchmarks/postgresql-9.5.2/libpgtypes.so.3.6.bc>:dttofmtasc_replace:%263
</home/yz489/egg-smol-benchmark-pointer-analysis/benchmarks/postgresql-9.5.2/libpgtypes.so.3.6.bc>:DecodeInterval:757	</home/yz489/egg-smol-benchmark-pointer-analysis/benchmarks/postgresql-9.5.2/libpgtypes.so.3.6.bc>:DecodeInterval:%252
</home/yz489/egg-smol-benchmark-pointer-analysis/benchmarks/postgresql-9.5.2/libpgtypes.so.3.6.bc>:EncodeInterval:592	</home/yz489/egg-smol-benchmark-pointer-analysis/benchmarks/postgresql-9.5.2/libpgtypes.so.3.6.bc>:EncodeInterval:592:0:0
</home/yz489/egg-smol-benchmark-pointer-analysis/benchmarks/postgresql-9.5.2/libpgtypes.so.3.6.bc>:PGTYPESinterval_new:5	</home/yz489/egg-smol-benchmark-pointer-analysis/benchmarks/postgresql-9.5.2/libpgtypes.so.3.6.bc>:PGTYPESinterval_new:%1
</home/yz489/egg-smol-benchmark-pointer-analysis/benchmarks/postgresql-9.5.2/libpgtypes.so.3.6.bc>:PGTYPESinterval_from_asc:114	</home/yz489/egg-smol-benchmark-pointer-analysis/benchmarks/postgresql-9.5.2/libpgtypes.so.3.6.bc>:PGTYPESinterval_from_asc:%26
</home/yz489/egg-smol-benchmark-pointer-analysis/benchmarks/postgresql-9.5.2/libpgtypes.so.3.6.bc>:PGTYPESinterval_to_asc:40	</home/yz489/egg-smol-benchmark-pointer-analysis/benchmarks/postgresql-9.5.2/libpgtypes.so.3.6.bc>:PGTYPESinterval_to_asc:%10
</home/yz489/egg-smol-benchmark-pointer-analysis/benchmarks/postgresql-9.5.2/libpgtypes.so.3.6.bc>:PGTYPESinterval_copy:16	</home/yz489/egg-smol-benchmark-pointer-analysis/benchmarks/postgresql-9.5.2/libpgtypes.so.3.6.bc>:PGTYPESinterval_copy:16:0:0
</home/yz489/egg-smol-benchmark-pointer-analysis/benchmarks/postgresql-9.5.2/libpgtypes.so.3.6.bc>:strtoi:23	</home/yz489/egg-smol-benchmark-pointer-analysis/benchmarks/postgresql-9.5.2/libpgtypes.so.3.6.bc>:strtoi:%conv4
</home/yz489/egg-smol-benchmark-pointer-analysis/benchmarks/postgresql-9.5.2/libpgtypes.so.3.6.bc>:AddISO8601IntPart:25	</home/yz489/egg-smol-benchmark-pointer-analysis/benchmarks/postgresql-9.5.2/libpgtypes.so.3.6.bc>:AddISO8601IntPart:%7
</home/yz489/egg-smol-benchmark-pointer-analysis/benchmarks/postgresql-9.5.2/libpgtypes.so.3.6.bc>:AddPostgresIntPart:54	</home/yz489/egg-smol-benchmark-pointer-analysis/benchmarks/postgresql-9.5.2/libpgtypes.so.3.6.bc>:AddPostgresIntPart:%17
</home/yz489/egg-smol-benchmark-pointer-analysis/benchmarks/postgresql-9.5.2/libpgtypes.so.3.6.bc>:AddVerboseIntPart:56	</home/yz489/egg-smol-benchmark-pointer-analysis/benchmarks/postgresql-9.5.2/libpgtypes.so.3.6.bc>:AddVerboseIntPart:%17
</home/yz489/egg-smol-benchmark-pointer-analysis/benchmarks/postgresql-9.5.2/libpgtypes.so.3.6.bc>:DecodeISO8601Interval:450	</home/yz489/egg-smol-benchmark-pointer-analysis/benchmarks/postgresql-9.5.2/libpgtypes.so.3.6.bc>:DecodeISO8601Interval:%163
</home/yz489/egg-smol-benchmark-pointer-analysis/benchmarks/postgresql-9.5.2/libpgtypes.so.3.6.bc>:tm2interval:77	</home/yz489/egg-smol-benchmark-pointer-analysis/benchmarks/postgresql-9.5.2/libpgtypes.so.3.6.bc>:tm2interval:%23
</home/yz489/egg-smol-benchmark-pointer-analysis/benchmarks/postgresql-9.5.2/libpgtypes.so.3.6.bc>:interval2tm:98	</home/yz489/egg-smol-benchmark-pointer-analysis/benchmarks/postgresql-9.5.2/libpgtypes.so.3.6.bc>:interval2tm:98:0:0
</home/yz489/egg-smol-benchmark-pointer-analysis/benchmarks/postgresql-9.5.2/libpgtypes.so.3.6.bc>:ParseISO8601Number:86	</home/yz489/egg-smol-benchmark-pointer-analysis/benchmarks/postgresql-9.5.2/libpgtypes.so.3.6.bc>:ParseISO8601Number:%25
</home/yz489/egg-smol-benchmark-pointer-analysis/benchmarks/postgresql-9.5.2/libpgtypes.so.3.6.bc>:ISO8601IntegerWidth:14	</home/yz489/egg-smol-benchmark-pointer-analysis/benchmarks/postgresql-9.5.2/libpgtypes.so.3.6.bc>:ISO8601IntegerWidth:%conv2
</home/yz489/egg-smol-benchmark-pointer-analysis/benchmarks/postgresql-9.5.2/libpgtypes.so.3.6.bc>:pg_strcasecmp:121	</home/yz489/egg-smol-benchmark-pointer-analysis/benchmarks/postgresql-9.5.2/libpgtypes.so.3.6.bc>:pg_strcasecmp:%27
</home/yz489/egg-smol-benchmark-pointer-analysis/benchmarks/postgresql-9.5.2/libpgtypes.so.3.6.bc>:pg_strncasecmp:128	</home/yz489/egg-smol-benchmark-pointer-analysis/benchmarks/postgresql-9.5.2/libpgtypes.so.3.6.bc>:pg_strncasecmp:%28
</home/yz489/egg-smol-benchmark-pointer-analysis/benchmarks/postgresql-9.5.2/libpgtypes.so.3.6.bc>:pg_toupper:40	</home/yz489/egg-smol-benchmark-pointer-analysis/benchmarks/postgresql-9.5.2/libpgtypes.so.3.6.bc>:pg_toupper:%8
</home/yz489/egg-smol-benchmark-pointer-analysis/benchmarks/postgresql-9.5.2/libpgtypes.so.3.6.bc>:pg_tolower:40	</home/yz489/egg-smol-benchmark-pointer-analysis/benchmarks/postgresql-9.5.2/libpgtypes.so.3.6.bc>:pg_tolower:%8
</home/yz489/egg-smol-benchmark-pointer-analysis/benchmarks/postgresql-9.5.2/libpgtypes.so.3.6.bc>:pg_ascii_toupper:17	</home/yz489/egg-smol-benchmark-pointer-analysis/benchmarks/postgresql-9.5.2/libpgtypes.so.3.6.bc>:pg_ascii_toupper:%3
</home/yz489/egg-smol-benchmark-pointer-analysis/benchmarks/postgresql-9.5.2/libpgtypes.so.3.6.bc>:pg_ascii_tolower:17	</home/yz489/egg-smol-benchmark-pointer-analysis/benchmarks/postgresql-9.5.2/libpgtypes.so.3.6.bc>:pg_ascii_tolower:%3
