</home/yz489/egg-smol-benchmark-pointer-analysis/benchmarks/postgresql-9.5.2/pg_recvlogical.bc>:main	2
</home/yz489/egg-smol-benchmark-pointer-analysis/benchmarks/postgresql-9.5.2/pg_recvlogical.bc>:usage	0
</home/yz489/egg-smol-benchmark-pointer-analysis/benchmarks/postgresql-9.5.2/pg_recvlogical.bc>:sigint_handler	1
</home/yz489/egg-smol-benchmark-pointer-analysis/benchmarks/postgresql-9.5.2/pg_recvlogical.bc>:sighup_handler	1
</home/yz489/egg-smol-benchmark-pointer-analysis/benchmarks/postgresql-9.5.2/pg_recvlogical.bc>:disconnect_and_exit	1
</home/yz489/egg-smol-benchmark-pointer-analysis/benchmarks/postgresql-9.5.2/pg_recvlogical.bc>:StreamLogicalLog	0
</home/yz489/egg-smol-benchmark-pointer-analysis/benchmarks/postgresql-9.5.2/pg_recvlogical.bc>:OutputFsync	1
</home/yz489/egg-smol-benchmark-pointer-analysis/benchmarks/postgresql-9.5.2/pg_recvlogical.bc>:sendFeedback	4
</home/yz489/egg-smol-benchmark-pointer-analysis/benchmarks/postgresql-9.5.2/pg_recvlogical.bc>:CheckServerVersionForStreaming	1
</home/yz489/egg-smol-benchmark-pointer-analysis/benchmarks/postgresql-9.5.2/pg_recvlogical.bc>:ReceiveXlogStream	10
</home/yz489/egg-smol-benchmark-pointer-analysis/benchmarks/postgresql-9.5.2/pg_recvlogical.bc>:existsTimeLineHistoryFile	2
</home/yz489/egg-smol-benchmark-pointer-analysis/benchmarks/postgresql-9.5.2/pg_recvlogical.bc>:writeTimeLineHistoryFile	5
</home/yz489/egg-smol-benchmark-pointer-analysis/benchmarks/postgresql-9.5.2/pg_recvlogical.bc>:HandleCopyStream	10
</home/yz489/egg-smol-benchmark-pointer-analysis/benchmarks/postgresql-9.5.2/pg_recvlogical.bc>:ReadEndOfStreamingResult	3
</home/yz489/egg-smol-benchmark-pointer-analysis/benchmarks/postgresql-9.5.2/pg_recvlogical.bc>:CheckCopyStreamStop	8
</home/yz489/egg-smol-benchmark-pointer-analysis/benchmarks/postgresql-9.5.2/pg_recvlogical.bc>:sendFeedback.124	4
</home/yz489/egg-smol-benchmark-pointer-analysis/benchmarks/postgresql-9.5.2/pg_recvlogical.bc>:CalculateCopyStreamSleeptime	3
</home/yz489/egg-smol-benchmark-pointer-analysis/benchmarks/postgresql-9.5.2/pg_recvlogical.bc>:CopyStreamReceive	3
</home/yz489/egg-smol-benchmark-pointer-analysis/benchmarks/postgresql-9.5.2/pg_recvlogical.bc>:HandleEndOfCopyStream	7
</home/yz489/egg-smol-benchmark-pointer-analysis/benchmarks/postgresql-9.5.2/pg_recvlogical.bc>:ProcessKeepaliveMsg	5
</home/yz489/egg-smol-benchmark-pointer-analysis/benchmarks/postgresql-9.5.2/pg_recvlogical.bc>:ProcessXLogDataMsg	9
</home/yz489/egg-smol-benchmark-pointer-analysis/benchmarks/postgresql-9.5.2/pg_recvlogical.bc>:open_walfile	4
</home/yz489/egg-smol-benchmark-pointer-analysis/benchmarks/postgresql-9.5.2/pg_recvlogical.bc>:close_walfile	4
</home/yz489/egg-smol-benchmark-pointer-analysis/benchmarks/postgresql-9.5.2/pg_recvlogical.bc>:mark_file_as_archived	2
</home/yz489/egg-smol-benchmark-pointer-analysis/benchmarks/postgresql-9.5.2/pg_recvlogical.bc>:CopyStreamPoll	2
</home/yz489/egg-smol-benchmark-pointer-analysis/benchmarks/postgresql-9.5.2/pg_recvlogical.bc>:GetConnection	0
</home/yz489/egg-smol-benchmark-pointer-analysis/benchmarks/postgresql-9.5.2/pg_recvlogical.bc>:RunIdentifySystem	5
</home/yz489/egg-smol-benchmark-pointer-analysis/benchmarks/postgresql-9.5.2/pg_recvlogical.bc>:CreateReplicationSlot	5
</home/yz489/egg-smol-benchmark-pointer-analysis/benchmarks/postgresql-9.5.2/pg_recvlogical.bc>:DropReplicationSlot	2
</home/yz489/egg-smol-benchmark-pointer-analysis/benchmarks/postgresql-9.5.2/pg_recvlogical.bc>:feGetCurrentTimestamp	0
</home/yz489/egg-smol-benchmark-pointer-analysis/benchmarks/postgresql-9.5.2/pg_recvlogical.bc>:feTimestampDifference	4
</home/yz489/egg-smol-benchmark-pointer-analysis/benchmarks/postgresql-9.5.2/pg_recvlogical.bc>:feTimestampDifferenceExceeds	3
</home/yz489/egg-smol-benchmark-pointer-analysis/benchmarks/postgresql-9.5.2/pg_recvlogical.bc>:fe_sendint64	2
</home/yz489/egg-smol-benchmark-pointer-analysis/benchmarks/postgresql-9.5.2/pg_recvlogical.bc>:fe_recvint64	1
</home/yz489/egg-smol-benchmark-pointer-analysis/benchmarks/postgresql-9.5.2/pg_recvlogical.bc>:PQencryptPassword	2
</home/yz489/egg-smol-benchmark-pointer-analysis/benchmarks/postgresql-9.5.2/pg_recvlogical.bc>:PQconnectdbParams	3
</home/yz489/egg-smol-benchmark-pointer-analysis/benchmarks/postgresql-9.5.2/pg_recvlogical.bc>:PQconnectStartParams	3
</home/yz489/egg-smol-benchmark-pointer-analysis/benchmarks/postgresql-9.5.2/pg_recvlogical.bc>:PQpingParams	3
</home/yz489/egg-smol-benchmark-pointer-analysis/benchmarks/postgresql-9.5.2/pg_recvlogical.bc>:PQfinish	1
</home/yz489/egg-smol-benchmark-pointer-analysis/benchmarks/postgresql-9.5.2/pg_recvlogical.bc>:PQconnectdb	1
</home/yz489/egg-smol-benchmark-pointer-analysis/benchmarks/postgresql-9.5.2/pg_recvlogical.bc>:PQconnectStart	1
</home/yz489/egg-smol-benchmark-pointer-analysis/benchmarks/postgresql-9.5.2/pg_recvlogical.bc>:PQping	1
</home/yz489/egg-smol-benchmark-pointer-analysis/benchmarks/postgresql-9.5.2/pg_recvlogical.bc>:PQconninfoFree	1
</home/yz489/egg-smol-benchmark-pointer-analysis/benchmarks/postgresql-9.5.2/pg_recvlogical.bc>:PQconndefaults	0
</home/yz489/egg-smol-benchmark-pointer-analysis/benchmarks/postgresql-9.5.2/pg_recvlogical.bc>:PQsetdbLogin	7
</home/yz489/egg-smol-benchmark-pointer-analysis/benchmarks/postgresql-9.5.2/pg_recvlogical.bc>:PQconnectPoll	1
</home/yz489/egg-smol-benchmark-pointer-analysis/benchmarks/postgresql-9.5.2/pg_recvlogical.bc>:PQreset	1
</home/yz489/egg-smol-benchmark-pointer-analysis/benchmarks/postgresql-9.5.2/pg_recvlogical.bc>:PQresetStart	1
</home/yz489/egg-smol-benchmark-pointer-analysis/benchmarks/postgresql-9.5.2/pg_recvlogical.bc>:PQresetPoll	1
</home/yz489/egg-smol-benchmark-pointer-analysis/benchmarks/postgresql-9.5.2/pg_recvlogical.bc>:PQgetCancel	1
</home/yz489/egg-smol-benchmark-pointer-analysis/benchmarks/postgresql-9.5.2/pg_recvlogical.bc>:PQfreeCancel	1
</home/yz489/egg-smol-benchmark-pointer-analysis/benchmarks/postgresql-9.5.2/pg_recvlogical.bc>:PQcancel	3
</home/yz489/egg-smol-benchmark-pointer-analysis/benchmarks/postgresql-9.5.2/pg_recvlogical.bc>:PQrequestCancel	1
</home/yz489/egg-smol-benchmark-pointer-analysis/benchmarks/postgresql-9.5.2/pg_recvlogical.bc>:PQconninfoParse	2
</home/yz489/egg-smol-benchmark-pointer-analysis/benchmarks/postgresql-9.5.2/pg_recvlogical.bc>:PQconninfo	1
</home/yz489/egg-smol-benchmark-pointer-analysis/benchmarks/postgresql-9.5.2/pg_recvlogical.bc>:PQdb	1
</home/yz489/egg-smol-benchmark-pointer-analysis/benchmarks/postgresql-9.5.2/pg_recvlogical.bc>:PQuser	1
</home/yz489/egg-smol-benchmark-pointer-analysis/benchmarks/postgresql-9.5.2/pg_recvlogical.bc>:PQpass	1
</home/yz489/egg-smol-benchmark-pointer-analysis/benchmarks/postgresql-9.5.2/pg_recvlogical.bc>:PQhost	1
</home/yz489/egg-smol-benchmark-pointer-analysis/benchmarks/postgresql-9.5.2/pg_recvlogical.bc>:PQport	1
</home/yz489/egg-smol-benchmark-pointer-analysis/benchmarks/postgresql-9.5.2/pg_recvlogical.bc>:PQtty	1
</home/yz489/egg-smol-benchmark-pointer-analysis/benchmarks/postgresql-9.5.2/pg_recvlogical.bc>:PQoptions	1
</home/yz489/egg-smol-benchmark-pointer-analysis/benchmarks/postgresql-9.5.2/pg_recvlogical.bc>:PQstatus	1
</home/yz489/egg-smol-benchmark-pointer-analysis/benchmarks/postgresql-9.5.2/pg_recvlogical.bc>:PQtransactionStatus	1
</home/yz489/egg-smol-benchmark-pointer-analysis/benchmarks/postgresql-9.5.2/pg_recvlogical.bc>:PQparameterStatus	2
</home/yz489/egg-smol-benchmark-pointer-analysis/benchmarks/postgresql-9.5.2/pg_recvlogical.bc>:PQprotocolVersion	1
</home/yz489/egg-smol-benchmark-pointer-analysis/benchmarks/postgresql-9.5.2/pg_recvlogical.bc>:PQserverVersion	1
</home/yz489/egg-smol-benchmark-pointer-analysis/benchmarks/postgresql-9.5.2/pg_recvlogical.bc>:PQerrorMessage	1
</home/yz489/egg-smol-benchmark-pointer-analysis/benchmarks/postgresql-9.5.2/pg_recvlogical.bc>:PQsocket	1
</home/yz489/egg-smol-benchmark-pointer-analysis/benchmarks/postgresql-9.5.2/pg_recvlogical.bc>:PQbackendPID	1
</home/yz489/egg-smol-benchmark-pointer-analysis/benchmarks/postgresql-9.5.2/pg_recvlogical.bc>:PQconnectionNeedsPassword	1
</home/yz489/egg-smol-benchmark-pointer-analysis/benchmarks/postgresql-9.5.2/pg_recvlogical.bc>:PQconnectionUsedPassword	1
</home/yz489/egg-smol-benchmark-pointer-analysis/benchmarks/postgresql-9.5.2/pg_recvlogical.bc>:PQclientEncoding	1
</home/yz489/egg-smol-benchmark-pointer-analysis/benchmarks/postgresql-9.5.2/pg_recvlogical.bc>:PQsetClientEncoding	2
</home/yz489/egg-smol-benchmark-pointer-analysis/benchmarks/postgresql-9.5.2/pg_recvlogical.bc>:PQsetErrorVerbosity	2
</home/yz489/egg-smol-benchmark-pointer-analysis/benchmarks/postgresql-9.5.2/pg_recvlogical.bc>:PQtrace	2
</home/yz489/egg-smol-benchmark-pointer-analysis/benchmarks/postgresql-9.5.2/pg_recvlogical.bc>:PQuntrace	1
</home/yz489/egg-smol-benchmark-pointer-analysis/benchmarks/postgresql-9.5.2/pg_recvlogical.bc>:PQsetNoticeReceiver	3
</home/yz489/egg-smol-benchmark-pointer-analysis/benchmarks/postgresql-9.5.2/pg_recvlogical.bc>:PQsetNoticeProcessor	3
</home/yz489/egg-smol-benchmark-pointer-analysis/benchmarks/postgresql-9.5.2/pg_recvlogical.bc>:PQregisterThreadLock	1
</home/yz489/egg-smol-benchmark-pointer-analysis/benchmarks/postgresql-9.5.2/pg_recvlogical.bc>:PQmakeEmptyPGresult	2
</home/yz489/egg-smol-benchmark-pointer-analysis/benchmarks/postgresql-9.5.2/pg_recvlogical.bc>:PQclear	1
</home/yz489/egg-smol-benchmark-pointer-analysis/benchmarks/postgresql-9.5.2/pg_recvlogical.bc>:PQsetResultAttrs	3
</home/yz489/egg-smol-benchmark-pointer-analysis/benchmarks/postgresql-9.5.2/pg_recvlogical.bc>:PQresultAlloc	2
</home/yz489/egg-smol-benchmark-pointer-analysis/benchmarks/postgresql-9.5.2/pg_recvlogical.bc>:PQcopyResult	2
</home/yz489/egg-smol-benchmark-pointer-analysis/benchmarks/postgresql-9.5.2/pg_recvlogical.bc>:PQsetvalue	5
</home/yz489/egg-smol-benchmark-pointer-analysis/benchmarks/postgresql-9.5.2/pg_recvlogical.bc>:PQresultErrorMessage	1
</home/yz489/egg-smol-benchmark-pointer-analysis/benchmarks/postgresql-9.5.2/pg_recvlogical.bc>:PQsendQuery	2
</home/yz489/egg-smol-benchmark-pointer-analysis/benchmarks/postgresql-9.5.2/pg_recvlogical.bc>:PQsendQueryParams	8
</home/yz489/egg-smol-benchmark-pointer-analysis/benchmarks/postgresql-9.5.2/pg_recvlogical.bc>:PQsendPrepare	5
</home/yz489/egg-smol-benchmark-pointer-analysis/benchmarks/postgresql-9.5.2/pg_recvlogical.bc>:PQsendQueryPrepared	7
</home/yz489/egg-smol-benchmark-pointer-analysis/benchmarks/postgresql-9.5.2/pg_recvlogical.bc>:PQsetSingleRowMode	1
</home/yz489/egg-smol-benchmark-pointer-analysis/benchmarks/postgresql-9.5.2/pg_recvlogical.bc>:PQconsumeInput	1
</home/yz489/egg-smol-benchmark-pointer-analysis/benchmarks/postgresql-9.5.2/pg_recvlogical.bc>:PQisBusy	1
</home/yz489/egg-smol-benchmark-pointer-analysis/benchmarks/postgresql-9.5.2/pg_recvlogical.bc>:PQgetResult	1
</home/yz489/egg-smol-benchmark-pointer-analysis/benchmarks/postgresql-9.5.2/pg_recvlogical.bc>:PQexec	2
</home/yz489/egg-smol-benchmark-pointer-analysis/benchmarks/postgresql-9.5.2/pg_recvlogical.bc>:PQexecParams	8
</home/yz489/egg-smol-benchmark-pointer-analysis/benchmarks/postgresql-9.5.2/pg_recvlogical.bc>:PQprepare	5
</home/yz489/egg-smol-benchmark-pointer-analysis/benchmarks/postgresql-9.5.2/pg_recvlogical.bc>:PQexecPrepared	7
</home/yz489/egg-smol-benchmark-pointer-analysis/benchmarks/postgresql-9.5.2/pg_recvlogical.bc>:PQdescribePrepared	2
</home/yz489/egg-smol-benchmark-pointer-analysis/benchmarks/postgresql-9.5.2/pg_recvlogical.bc>:PQdescribePortal	2
</home/yz489/egg-smol-benchmark-pointer-analysis/benchmarks/postgresql-9.5.2/pg_recvlogical.bc>:PQsendDescribePrepared	2
</home/yz489/egg-smol-benchmark-pointer-analysis/benchmarks/postgresql-9.5.2/pg_recvlogical.bc>:PQsendDescribePortal	2
</home/yz489/egg-smol-benchmark-pointer-analysis/benchmarks/postgresql-9.5.2/pg_recvlogical.bc>:PQnotifies	1
</home/yz489/egg-smol-benchmark-pointer-analysis/benchmarks/postgresql-9.5.2/pg_recvlogical.bc>:PQputCopyData	3
</home/yz489/egg-smol-benchmark-pointer-analysis/benchmarks/postgresql-9.5.2/pg_recvlogical.bc>:PQputCopyEnd	2
</home/yz489/egg-smol-benchmark-pointer-analysis/benchmarks/postgresql-9.5.2/pg_recvlogical.bc>:PQgetCopyData	3
</home/yz489/egg-smol-benchmark-pointer-analysis/benchmarks/postgresql-9.5.2/pg_recvlogical.bc>:PQgetline	3
</home/yz489/egg-smol-benchmark-pointer-analysis/benchmarks/postgresql-9.5.2/pg_recvlogical.bc>:PQgetlineAsync	3
</home/yz489/egg-smol-benchmark-pointer-analysis/benchmarks/postgresql-9.5.2/pg_recvlogical.bc>:PQputline	2
</home/yz489/egg-smol-benchmark-pointer-analysis/benchmarks/postgresql-9.5.2/pg_recvlogical.bc>:PQputnbytes	3
</home/yz489/egg-smol-benchmark-pointer-analysis/benchmarks/postgresql-9.5.2/pg_recvlogical.bc>:PQendcopy	1
</home/yz489/egg-smol-benchmark-pointer-analysis/benchmarks/postgresql-9.5.2/pg_recvlogical.bc>:PQfn	7
</home/yz489/egg-smol-benchmark-pointer-analysis/benchmarks/postgresql-9.5.2/pg_recvlogical.bc>:PQresultStatus	1
</home/yz489/egg-smol-benchmark-pointer-analysis/benchmarks/postgresql-9.5.2/pg_recvlogical.bc>:PQresStatus	1
</home/yz489/egg-smol-benchmark-pointer-analysis/benchmarks/postgresql-9.5.2/pg_recvlogical.bc>:PQresultErrorField	2
</home/yz489/egg-smol-benchmark-pointer-analysis/benchmarks/postgresql-9.5.2/pg_recvlogical.bc>:PQntuples	1
</home/yz489/egg-smol-benchmark-pointer-analysis/benchmarks/postgresql-9.5.2/pg_recvlogical.bc>:PQnfields	1
</home/yz489/egg-smol-benchmark-pointer-analysis/benchmarks/postgresql-9.5.2/pg_recvlogical.bc>:PQbinaryTuples	1
</home/yz489/egg-smol-benchmark-pointer-analysis/benchmarks/postgresql-9.5.2/pg_recvlogical.bc>:PQfname	2
</home/yz489/egg-smol-benchmark-pointer-analysis/benchmarks/postgresql-9.5.2/pg_recvlogical.bc>:PQfnumber	2
</home/yz489/egg-smol-benchmark-pointer-analysis/benchmarks/postgresql-9.5.2/pg_recvlogical.bc>:PQftable	2
</home/yz489/egg-smol-benchmark-pointer-analysis/benchmarks/postgresql-9.5.2/pg_recvlogical.bc>:PQftablecol	2
</home/yz489/egg-smol-benchmark-pointer-analysis/benchmarks/postgresql-9.5.2/pg_recvlogical.bc>:PQfformat	2
</home/yz489/egg-smol-benchmark-pointer-analysis/benchmarks/postgresql-9.5.2/pg_recvlogical.bc>:PQftype	2
</home/yz489/egg-smol-benchmark-pointer-analysis/benchmarks/postgresql-9.5.2/pg_recvlogical.bc>:PQfsize	2
</home/yz489/egg-smol-benchmark-pointer-analysis/benchmarks/postgresql-9.5.2/pg_recvlogical.bc>:PQfmod	2
</home/yz489/egg-smol-benchmark-pointer-analysis/benchmarks/postgresql-9.5.2/pg_recvlogical.bc>:PQcmdStatus	1
</home/yz489/egg-smol-benchmark-pointer-analysis/benchmarks/postgresql-9.5.2/pg_recvlogical.bc>:PQoidStatus	1
</home/yz489/egg-smol-benchmark-pointer-analysis/benchmarks/postgresql-9.5.2/pg_recvlogical.bc>:PQoidValue	1
</home/yz489/egg-smol-benchmark-pointer-analysis/benchmarks/postgresql-9.5.2/pg_recvlogical.bc>:PQcmdTuples	1
</home/yz489/egg-smol-benchmark-pointer-analysis/benchmarks/postgresql-9.5.2/pg_recvlogical.bc>:PQgetvalue	3
</home/yz489/egg-smol-benchmark-pointer-analysis/benchmarks/postgresql-9.5.2/pg_recvlogical.bc>:PQgetlength	3
</home/yz489/egg-smol-benchmark-pointer-analysis/benchmarks/postgresql-9.5.2/pg_recvlogical.bc>:PQgetisnull	3
</home/yz489/egg-smol-benchmark-pointer-analysis/benchmarks/postgresql-9.5.2/pg_recvlogical.bc>:PQnparams	1
</home/yz489/egg-smol-benchmark-pointer-analysis/benchmarks/postgresql-9.5.2/pg_recvlogical.bc>:PQparamtype	2
</home/yz489/egg-smol-benchmark-pointer-analysis/benchmarks/postgresql-9.5.2/pg_recvlogical.bc>:PQsetnonblocking	2
</home/yz489/egg-smol-benchmark-pointer-analysis/benchmarks/postgresql-9.5.2/pg_recvlogical.bc>:PQisnonblocking	1
</home/yz489/egg-smol-benchmark-pointer-analysis/benchmarks/postgresql-9.5.2/pg_recvlogical.bc>:PQisthreadsafe	0
</home/yz489/egg-smol-benchmark-pointer-analysis/benchmarks/postgresql-9.5.2/pg_recvlogical.bc>:PQflush	1
</home/yz489/egg-smol-benchmark-pointer-analysis/benchmarks/postgresql-9.5.2/pg_recvlogical.bc>:PQfreemem	1
</home/yz489/egg-smol-benchmark-pointer-analysis/benchmarks/postgresql-9.5.2/pg_recvlogical.bc>:PQfreeNotify	1
</home/yz489/egg-smol-benchmark-pointer-analysis/benchmarks/postgresql-9.5.2/pg_recvlogical.bc>:PQescapeStringConn	5
</home/yz489/egg-smol-benchmark-pointer-analysis/benchmarks/postgresql-9.5.2/pg_recvlogical.bc>:PQescapeString	3
</home/yz489/egg-smol-benchmark-pointer-analysis/benchmarks/postgresql-9.5.2/pg_recvlogical.bc>:PQescapeLiteral	3
</home/yz489/egg-smol-benchmark-pointer-analysis/benchmarks/postgresql-9.5.2/pg_recvlogical.bc>:PQescapeIdentifier	3
</home/yz489/egg-smol-benchmark-pointer-analysis/benchmarks/postgresql-9.5.2/pg_recvlogical.bc>:PQescapeByteaConn	4
</home/yz489/egg-smol-benchmark-pointer-analysis/benchmarks/postgresql-9.5.2/pg_recvlogical.bc>:PQescapeBytea	3
</home/yz489/egg-smol-benchmark-pointer-analysis/benchmarks/postgresql-9.5.2/pg_recvlogical.bc>:PQunescapeBytea	2
</home/yz489/egg-smol-benchmark-pointer-analysis/benchmarks/postgresql-9.5.2/pg_recvlogical.bc>:PQlibVersion	0
</home/yz489/egg-smol-benchmark-pointer-analysis/benchmarks/postgresql-9.5.2/pg_recvlogical.bc>:PQmblen	2
</home/yz489/egg-smol-benchmark-pointer-analysis/benchmarks/postgresql-9.5.2/pg_recvlogical.bc>:PQdsplen	2
</home/yz489/egg-smol-benchmark-pointer-analysis/benchmarks/postgresql-9.5.2/pg_recvlogical.bc>:PQenv2encoding	0
</home/yz489/egg-smol-benchmark-pointer-analysis/benchmarks/postgresql-9.5.2/pg_recvlogical.bc>:PQprint	3
</home/yz489/egg-smol-benchmark-pointer-analysis/benchmarks/postgresql-9.5.2/pg_recvlogical.bc>:PQdisplayTuples	6
</home/yz489/egg-smol-benchmark-pointer-analysis/benchmarks/postgresql-9.5.2/pg_recvlogical.bc>:PQprintTuples	5
</home/yz489/egg-smol-benchmark-pointer-analysis/benchmarks/postgresql-9.5.2/pg_recvlogical.bc>:lo_open	3
</home/yz489/egg-smol-benchmark-pointer-analysis/benchmarks/postgresql-9.5.2/pg_recvlogical.bc>:lo_close	2
</home/yz489/egg-smol-benchmark-pointer-analysis/benchmarks/postgresql-9.5.2/pg_recvlogical.bc>:lo_truncate	3
</home/yz489/egg-smol-benchmark-pointer-analysis/benchmarks/postgresql-9.5.2/pg_recvlogical.bc>:lo_truncate64	3
</home/yz489/egg-smol-benchmark-pointer-analysis/benchmarks/postgresql-9.5.2/pg_recvlogical.bc>:lo_read	4
</home/yz489/egg-smol-benchmark-pointer-analysis/benchmarks/postgresql-9.5.2/pg_recvlogical.bc>:lo_write	4
</home/yz489/egg-smol-benchmark-pointer-analysis/benchmarks/postgresql-9.5.2/pg_recvlogical.bc>:lo_lseek	4
</home/yz489/egg-smol-benchmark-pointer-analysis/benchmarks/postgresql-9.5.2/pg_recvlogical.bc>:lo_lseek64	4
</home/yz489/egg-smol-benchmark-pointer-analysis/benchmarks/postgresql-9.5.2/pg_recvlogical.bc>:lo_creat	2
</home/yz489/egg-smol-benchmark-pointer-analysis/benchmarks/postgresql-9.5.2/pg_recvlogical.bc>:lo_create	2
</home/yz489/egg-smol-benchmark-pointer-analysis/benchmarks/postgresql-9.5.2/pg_recvlogical.bc>:lo_tell	2
</home/yz489/egg-smol-benchmark-pointer-analysis/benchmarks/postgresql-9.5.2/pg_recvlogical.bc>:lo_tell64	2
</home/yz489/egg-smol-benchmark-pointer-analysis/benchmarks/postgresql-9.5.2/pg_recvlogical.bc>:lo_unlink	2
</home/yz489/egg-smol-benchmark-pointer-analysis/benchmarks/postgresql-9.5.2/pg_recvlogical.bc>:lo_import	2
</home/yz489/egg-smol-benchmark-pointer-analysis/benchmarks/postgresql-9.5.2/pg_recvlogical.bc>:lo_import_with_oid	3
</home/yz489/egg-smol-benchmark-pointer-analysis/benchmarks/postgresql-9.5.2/pg_recvlogical.bc>:lo_export	3
</home/yz489/egg-smol-benchmark-pointer-analysis/benchmarks/postgresql-9.5.2/pg_recvlogical.bc>:createPQExpBuffer	0
</home/yz489/egg-smol-benchmark-pointer-analysis/benchmarks/postgresql-9.5.2/pg_recvlogical.bc>:initPQExpBuffer	1
</home/yz489/egg-smol-benchmark-pointer-analysis/benchmarks/postgresql-9.5.2/pg_recvlogical.bc>:destroyPQExpBuffer	1
</home/yz489/egg-smol-benchmark-pointer-analysis/benchmarks/postgresql-9.5.2/pg_recvlogical.bc>:termPQExpBuffer	1
</home/yz489/egg-smol-benchmark-pointer-analysis/benchmarks/postgresql-9.5.2/pg_recvlogical.bc>:resetPQExpBuffer	1
</home/yz489/egg-smol-benchmark-pointer-analysis/benchmarks/postgresql-9.5.2/pg_recvlogical.bc>:enlargePQExpBuffer	2
</home/yz489/egg-smol-benchmark-pointer-analysis/benchmarks/postgresql-9.5.2/pg_recvlogical.bc>:printfPQExpBuffer	2
</home/yz489/egg-smol-benchmark-pointer-analysis/benchmarks/postgresql-9.5.2/pg_recvlogical.bc>:appendPQExpBuffer	2
</home/yz489/egg-smol-benchmark-pointer-analysis/benchmarks/postgresql-9.5.2/pg_recvlogical.bc>:appendPQExpBufferStr	2
</home/yz489/egg-smol-benchmark-pointer-analysis/benchmarks/postgresql-9.5.2/pg_recvlogical.bc>:appendBinaryPQExpBuffer	3
</home/yz489/egg-smol-benchmark-pointer-analysis/benchmarks/postgresql-9.5.2/pg_recvlogical.bc>:appendPQExpBufferChar	2
</home/yz489/egg-smol-benchmark-pointer-analysis/benchmarks/postgresql-9.5.2/pg_recvlogical.bc>:PQinitSSL	1
</home/yz489/egg-smol-benchmark-pointer-analysis/benchmarks/postgresql-9.5.2/pg_recvlogical.bc>:PQinitOpenSSL	2
</home/yz489/egg-smol-benchmark-pointer-analysis/benchmarks/postgresql-9.5.2/pg_recvlogical.bc>:PQsslInUse	1
</home/yz489/egg-smol-benchmark-pointer-analysis/benchmarks/postgresql-9.5.2/pg_recvlogical.bc>:PQgetssl	1
</home/yz489/egg-smol-benchmark-pointer-analysis/benchmarks/postgresql-9.5.2/pg_recvlogical.bc>:PQsslStruct	2
</home/yz489/egg-smol-benchmark-pointer-analysis/benchmarks/postgresql-9.5.2/pg_recvlogical.bc>:PQsslAttribute	2
</home/yz489/egg-smol-benchmark-pointer-analysis/benchmarks/postgresql-9.5.2/pg_recvlogical.bc>:PQsslAttributeNames	1
</home/yz489/egg-smol-benchmark-pointer-analysis/benchmarks/postgresql-9.5.2/pg_recvlogical.bc>:PQregisterEventProc	4
</home/yz489/egg-smol-benchmark-pointer-analysis/benchmarks/postgresql-9.5.2/pg_recvlogical.bc>:PQsetInstanceData	3
</home/yz489/egg-smol-benchmark-pointer-analysis/benchmarks/postgresql-9.5.2/pg_recvlogical.bc>:PQinstanceData	2
</home/yz489/egg-smol-benchmark-pointer-analysis/benchmarks/postgresql-9.5.2/pg_recvlogical.bc>:PQresultSetInstanceData	3
</home/yz489/egg-smol-benchmark-pointer-analysis/benchmarks/postgresql-9.5.2/pg_recvlogical.bc>:PQresultInstanceData	2
</home/yz489/egg-smol-benchmark-pointer-analysis/benchmarks/postgresql-9.5.2/pg_recvlogical.bc>:PQfireResultCreateEvents	2
</home/yz489/egg-smol-benchmark-pointer-analysis/benchmarks/postgresql-9.5.2/pg_recvlogical.bc>:pqsignal	2
</home/yz489/egg-smol-benchmark-pointer-analysis/benchmarks/postgresql-9.5.2/pg_recvlogical.bc>:pg_char_to_encoding	1
</home/yz489/egg-smol-benchmark-pointer-analysis/benchmarks/postgresql-9.5.2/pg_recvlogical.bc>:pg_valid_server_encoding	1
</home/yz489/egg-smol-benchmark-pointer-analysis/benchmarks/postgresql-9.5.2/pg_recvlogical.bc>:pg_valid_server_encoding_id	1
</home/yz489/egg-smol-benchmark-pointer-analysis/benchmarks/postgresql-9.5.2/pg_recvlogical.bc>:pg_encoding_to_char	1
</home/yz489/egg-smol-benchmark-pointer-analysis/benchmarks/postgresql-9.5.2/pg_recvlogical.bc>:pg_utf_mblen	1
</home/yz489/egg-smol-benchmark-pointer-analysis/benchmarks/postgresql-9.5.2/pg_recvlogical.bc>:pg_md5_encrypt	4
</home/yz489/egg-smol-benchmark-pointer-analysis/benchmarks/postgresql-9.5.2/pg_recvlogical.bc>:connectDBComplete	1
</home/yz489/egg-smol-benchmark-pointer-analysis/benchmarks/postgresql-9.5.2/pg_recvlogical.bc>:makeEmptyPGconn	0
</home/yz489/egg-smol-benchmark-pointer-analysis/benchmarks/postgresql-9.5.2/pg_recvlogical.bc>:conninfo_array_parse	5
</home/yz489/egg-smol-benchmark-pointer-analysis/benchmarks/postgresql-9.5.2/pg_recvlogical.bc>:fillPGconn	2
</home/yz489/egg-smol-benchmark-pointer-analysis/benchmarks/postgresql-9.5.2/pg_recvlogical.bc>:connectOptions2	1
</home/yz489/egg-smol-benchmark-pointer-analysis/benchmarks/postgresql-9.5.2/pg_recvlogical.bc>:connectDBStart	1
</home/yz489/egg-smol-benchmark-pointer-analysis/benchmarks/postgresql-9.5.2/pg_recvlogical.bc>:internal_ping	1
</home/yz489/egg-smol-benchmark-pointer-analysis/benchmarks/postgresql-9.5.2/pg_recvlogical.bc>:closePGconn	1
</home/yz489/egg-smol-benchmark-pointer-analysis/benchmarks/postgresql-9.5.2/pg_recvlogical.bc>:freePGconn	1
</home/yz489/egg-smol-benchmark-pointer-analysis/benchmarks/postgresql-9.5.2/pg_recvlogical.bc>:connectOptions1	2
</home/yz489/egg-smol-benchmark-pointer-analysis/benchmarks/postgresql-9.5.2/pg_recvlogical.bc>:conninfo_init	1
</home/yz489/egg-smol-benchmark-pointer-analysis/benchmarks/postgresql-9.5.2/pg_recvlogical.bc>:conninfo_add_defaults	2
</home/yz489/egg-smol-benchmark-pointer-analysis/benchmarks/postgresql-9.5.2/pg_recvlogical.bc>:recognized_connection_string	1
</home/yz489/egg-smol-benchmark-pointer-analysis/benchmarks/postgresql-9.5.2/pg_recvlogical.bc>:pqReadData	1
</home/yz489/egg-smol-benchmark-pointer-analysis/benchmarks/postgresql-9.5.2/pg_recvlogical.bc>:pqStrerror	3
</home/yz489/egg-smol-benchmark-pointer-analysis/benchmarks/postgresql-9.5.2/pg_recvlogical.bc>:connectNoDelay	1
</home/yz489/egg-smol-benchmark-pointer-analysis/benchmarks/postgresql-9.5.2/pg_recvlogical.bc>:pqDropConnection	2
</home/yz489/egg-smol-benchmark-pointer-analysis/benchmarks/postgresql-9.5.2/pg_recvlogical.bc>:pg_set_noblock	1
</home/yz489/egg-smol-benchmark-pointer-analysis/benchmarks/postgresql-9.5.2/pg_recvlogical.bc>:useKeepalives	1
</home/yz489/egg-smol-benchmark-pointer-analysis/benchmarks/postgresql-9.5.2/pg_recvlogical.bc>:setKeepalivesIdle	1
</home/yz489/egg-smol-benchmark-pointer-analysis/benchmarks/postgresql-9.5.2/pg_recvlogical.bc>:setKeepalivesInterval	1
</home/yz489/egg-smol-benchmark-pointer-analysis/benchmarks/postgresql-9.5.2/pg_recvlogical.bc>:setKeepalivesCount	1
</home/yz489/egg-smol-benchmark-pointer-analysis/benchmarks/postgresql-9.5.2/pg_recvlogical.bc>:connectFailureMessage	2
</home/yz489/egg-smol-benchmark-pointer-analysis/benchmarks/postgresql-9.5.2/pg_recvlogical.bc>:getpeereid	3
</home/yz489/egg-smol-benchmark-pointer-analysis/benchmarks/postgresql-9.5.2/pg_recvlogical.bc>:pqGetpwuid	5
</home/yz489/egg-smol-benchmark-pointer-analysis/benchmarks/postgresql-9.5.2/pg_recvlogical.bc>:pqBuildStartupPacket3	3
</home/yz489/egg-smol-benchmark-pointer-analysis/benchmarks/postgresql-9.5.2/pg_recvlogical.bc>:pqBuildStartupPacket2	3
</home/yz489/egg-smol-benchmark-pointer-analysis/benchmarks/postgresql-9.5.2/pg_recvlogical.bc>:pqPacketSend	4
</home/yz489/egg-smol-benchmark-pointer-analysis/benchmarks/postgresql-9.5.2/pg_recvlogical.bc>:pqGetc	2
</home/yz489/egg-smol-benchmark-pointer-analysis/benchmarks/postgresql-9.5.2/pg_recvlogical.bc>:pqGetInt	3
</home/yz489/egg-smol-benchmark-pointer-analysis/benchmarks/postgresql-9.5.2/pg_recvlogical.bc>:pqGets_append	2
</home/yz489/egg-smol-benchmark-pointer-analysis/benchmarks/postgresql-9.5.2/pg_recvlogical.bc>:pqCheckInBufferSpace	2
</home/yz489/egg-smol-benchmark-pointer-analysis/benchmarks/postgresql-9.5.2/pg_recvlogical.bc>:pqGetErrorNotice3	2
</home/yz489/egg-smol-benchmark-pointer-analysis/benchmarks/postgresql-9.5.2/pg_recvlogical.bc>:pqGetnchar	3
</home/yz489/egg-smol-benchmark-pointer-analysis/benchmarks/postgresql-9.5.2/pg_recvlogical.bc>:pg_fe_sendauth	2
</home/yz489/egg-smol-benchmark-pointer-analysis/benchmarks/postgresql-9.5.2/pg_recvlogical.bc>:pqFlush	1
</home/yz489/egg-smol-benchmark-pointer-analysis/benchmarks/postgresql-9.5.2/pg_recvlogical.bc>:pg_freeaddrinfo_all	2
</home/yz489/egg-smol-benchmark-pointer-analysis/benchmarks/postgresql-9.5.2/pg_recvlogical.bc>:pqSetenvPoll	1
</home/yz489/egg-smol-benchmark-pointer-analysis/benchmarks/postgresql-9.5.2/pg_recvlogical.bc>:dot_pg_pass_warning	1
</home/yz489/egg-smol-benchmark-pointer-analysis/benchmarks/postgresql-9.5.2/pg_recvlogical.bc>:strlcpy	3
</home/yz489/egg-smol-benchmark-pointer-analysis/benchmarks/postgresql-9.5.2/pg_recvlogical.bc>:internal_cancel	5
</home/yz489/egg-smol-benchmark-pointer-analysis/benchmarks/postgresql-9.5.2/pg_recvlogical.bc>:parse_connection_string	3
</home/yz489/egg-smol-benchmark-pointer-analysis/benchmarks/postgresql-9.5.2/pg_recvlogical.bc>:conninfo_storeval	6
</home/yz489/egg-smol-benchmark-pointer-analysis/benchmarks/postgresql-9.5.2/pg_recvlogical.bc>:pg_get_encoding_from_locale	2
</home/yz489/egg-smol-benchmark-pointer-analysis/benchmarks/postgresql-9.5.2/pg_recvlogical.bc>:pqSaveParameterStatus	3
</home/yz489/egg-smol-benchmark-pointer-analysis/benchmarks/postgresql-9.5.2/pg_recvlogical.bc>:default_threadlock	1
</home/yz489/egg-smol-benchmark-pointer-analysis/benchmarks/postgresql-9.5.2/pg_recvlogical.bc>:pqSetResultError	2
</home/yz489/egg-smol-benchmark-pointer-analysis/benchmarks/postgresql-9.5.2/pg_recvlogical.bc>:dupEvents	2
</home/yz489/egg-smol-benchmark-pointer-analysis/benchmarks/postgresql-9.5.2/pg_recvlogical.bc>:pqResultStrdup	2
</home/yz489/egg-smol-benchmark-pointer-analysis/benchmarks/postgresql-9.5.2/pg_recvlogical.bc>:pqResultAlloc	3
</home/yz489/egg-smol-benchmark-pointer-analysis/benchmarks/postgresql-9.5.2/pg_recvlogical.bc>:check_field_number	2
</home/yz489/egg-smol-benchmark-pointer-analysis/benchmarks/postgresql-9.5.2/pg_recvlogical.bc>:pqAddTuple	2
</home/yz489/egg-smol-benchmark-pointer-analysis/benchmarks/postgresql-9.5.2/pg_recvlogical.bc>:PQsendQueryStart	1
</home/yz489/egg-smol-benchmark-pointer-analysis/benchmarks/postgresql-9.5.2/pg_recvlogical.bc>:pqPutMsgStart	3
</home/yz489/egg-smol-benchmark-pointer-analysis/benchmarks/postgresql-9.5.2/pg_recvlogical.bc>:pqPuts	2
</home/yz489/egg-smol-benchmark-pointer-analysis/benchmarks/postgresql-9.5.2/pg_recvlogical.bc>:pqPutMsgEnd	1
</home/yz489/egg-smol-benchmark-pointer-analysis/benchmarks/postgresql-9.5.2/pg_recvlogical.bc>:pqHandleSendFailure	1
</home/yz489/egg-smol-benchmark-pointer-analysis/benchmarks/postgresql-9.5.2/pg_recvlogical.bc>:PQsendQueryGuts	9
</home/yz489/egg-smol-benchmark-pointer-analysis/benchmarks/postgresql-9.5.2/pg_recvlogical.bc>:pqPutInt	3
</home/yz489/egg-smol-benchmark-pointer-analysis/benchmarks/postgresql-9.5.2/pg_recvlogical.bc>:parseInput	1
</home/yz489/egg-smol-benchmark-pointer-analysis/benchmarks/postgresql-9.5.2/pg_recvlogical.bc>:pqWait	3
</home/yz489/egg-smol-benchmark-pointer-analysis/benchmarks/postgresql-9.5.2/pg_recvlogical.bc>:pqSaveErrorResult	1
</home/yz489/egg-smol-benchmark-pointer-analysis/benchmarks/postgresql-9.5.2/pg_recvlogical.bc>:pqPrepareAsyncResult	1
</home/yz489/egg-smol-benchmark-pointer-analysis/benchmarks/postgresql-9.5.2/pg_recvlogical.bc>:getCopyResult	2
</home/yz489/egg-smol-benchmark-pointer-analysis/benchmarks/postgresql-9.5.2/pg_recvlogical.bc>:PQexecStart	1
</home/yz489/egg-smol-benchmark-pointer-analysis/benchmarks/postgresql-9.5.2/pg_recvlogical.bc>:PQexecFinish	1
</home/yz489/egg-smol-benchmark-pointer-analysis/benchmarks/postgresql-9.5.2/pg_recvlogical.bc>:PQsendDescribe	3
</home/yz489/egg-smol-benchmark-pointer-analysis/benchmarks/postgresql-9.5.2/pg_recvlogical.bc>:pqCheckOutBufferSpace	2
</home/yz489/egg-smol-benchmark-pointer-analysis/benchmarks/postgresql-9.5.2/pg_recvlogical.bc>:pqPutnchar	3
</home/yz489/egg-smol-benchmark-pointer-analysis/benchmarks/postgresql-9.5.2/pg_recvlogical.bc>:pqGetCopyData3	3
</home/yz489/egg-smol-benchmark-pointer-analysis/benchmarks/postgresql-9.5.2/pg_recvlogical.bc>:pqGetCopyData2	3
</home/yz489/egg-smol-benchmark-pointer-analysis/benchmarks/postgresql-9.5.2/pg_recvlogical.bc>:pqGetline3	3
</home/yz489/egg-smol-benchmark-pointer-analysis/benchmarks/postgresql-9.5.2/pg_recvlogical.bc>:pqGetline2	3
</home/yz489/egg-smol-benchmark-pointer-analysis/benchmarks/postgresql-9.5.2/pg_recvlogical.bc>:pqGetlineAsync3	3
</home/yz489/egg-smol-benchmark-pointer-analysis/benchmarks/postgresql-9.5.2/pg_recvlogical.bc>:pqGetlineAsync2	3
</home/yz489/egg-smol-benchmark-pointer-analysis/benchmarks/postgresql-9.5.2/pg_recvlogical.bc>:pqEndcopy3	1
</home/yz489/egg-smol-benchmark-pointer-analysis/benchmarks/postgresql-9.5.2/pg_recvlogical.bc>:pqEndcopy2	1
</home/yz489/egg-smol-benchmark-pointer-analysis/benchmarks/postgresql-9.5.2/pg_recvlogical.bc>:pqFunctionCall3	7
</home/yz489/egg-smol-benchmark-pointer-analysis/benchmarks/postgresql-9.5.2/pg_recvlogical.bc>:pqFunctionCall2	7
</home/yz489/egg-smol-benchmark-pointer-analysis/benchmarks/postgresql-9.5.2/pg_recvlogical.bc>:pg_tolower	1
</home/yz489/egg-smol-benchmark-pointer-analysis/benchmarks/postgresql-9.5.2/pg_recvlogical.bc>:pqInternalNotice	2
</home/yz489/egg-smol-benchmark-pointer-analysis/benchmarks/postgresql-9.5.2/pg_recvlogical.bc>:check_tuple_field_number	3
</home/yz489/egg-smol-benchmark-pointer-analysis/benchmarks/postgresql-9.5.2/pg_recvlogical.bc>:check_param_number	2
</home/yz489/egg-smol-benchmark-pointer-analysis/benchmarks/postgresql-9.5.2/pg_recvlogical.bc>:PQescapeStringInternal	7
</home/yz489/egg-smol-benchmark-pointer-analysis/benchmarks/postgresql-9.5.2/pg_recvlogical.bc>:PQescapeInternal	4
</home/yz489/egg-smol-benchmark-pointer-analysis/benchmarks/postgresql-9.5.2/pg_recvlogical.bc>:PQescapeByteaInternal	6
</home/yz489/egg-smol-benchmark-pointer-analysis/benchmarks/postgresql-9.5.2/pg_recvlogical.bc>:get_hex	1
</home/yz489/egg-smol-benchmark-pointer-analysis/benchmarks/postgresql-9.5.2/pg_recvlogical.bc>:pg_encoding_mblen	2
</home/yz489/egg-smol-benchmark-pointer-analysis/benchmarks/postgresql-9.5.2/pg_recvlogical.bc>:pg_encoding_dsplen	2
</home/yz489/egg-smol-benchmark-pointer-analysis/benchmarks/postgresql-9.5.2/pg_recvlogical.bc>:pq_block_sigpipe	2
</home/yz489/egg-smol-benchmark-pointer-analysis/benchmarks/postgresql-9.5.2/pg_recvlogical.bc>:do_field	12
</home/yz489/egg-smol-benchmark-pointer-analysis/benchmarks/postgresql-9.5.2/pg_recvlogical.bc>:do_header	8
</home/yz489/egg-smol-benchmark-pointer-analysis/benchmarks/postgresql-9.5.2/pg_recvlogical.bc>:output_row	8
</home/yz489/egg-smol-benchmark-pointer-analysis/benchmarks/postgresql-9.5.2/pg_recvlogical.bc>:pq_reset_sigpipe	3
</home/yz489/egg-smol-benchmark-pointer-analysis/benchmarks/postgresql-9.5.2/pg_recvlogical.bc>:fill	4
</home/yz489/egg-smol-benchmark-pointer-analysis/benchmarks/postgresql-9.5.2/pg_recvlogical.bc>:lo_initialize	1
</home/yz489/egg-smol-benchmark-pointer-analysis/benchmarks/postgresql-9.5.2/pg_recvlogical.bc>:lo_hton64	1
</home/yz489/egg-smol-benchmark-pointer-analysis/benchmarks/postgresql-9.5.2/pg_recvlogical.bc>:lo_ntoh64	1
</home/yz489/egg-smol-benchmark-pointer-analysis/benchmarks/postgresql-9.5.2/pg_recvlogical.bc>:lo_import_internal	3
</home/yz489/egg-smol-benchmark-pointer-analysis/benchmarks/postgresql-9.5.2/pg_recvlogical.bc>:markPQExpBufferBroken	1
</home/yz489/egg-smol-benchmark-pointer-analysis/benchmarks/postgresql-9.5.2/pg_recvlogical.bc>:appendPQExpBufferVA	3
</home/yz489/egg-smol-benchmark-pointer-analysis/benchmarks/postgresql-9.5.2/pg_recvlogical.bc>:clean_encoding_name	2
</home/yz489/egg-smol-benchmark-pointer-analysis/benchmarks/postgresql-9.5.2/pg_recvlogical.bc>:pg_ascii2wchar_with_len	3
</home/yz489/egg-smol-benchmark-pointer-analysis/benchmarks/postgresql-9.5.2/pg_recvlogical.bc>:pg_wchar2single_with_len	3
</home/yz489/egg-smol-benchmark-pointer-analysis/benchmarks/postgresql-9.5.2/pg_recvlogical.bc>:pg_ascii_mblen	1
</home/yz489/egg-smol-benchmark-pointer-analysis/benchmarks/postgresql-9.5.2/pg_recvlogical.bc>:pg_ascii_dsplen	1
</home/yz489/egg-smol-benchmark-pointer-analysis/benchmarks/postgresql-9.5.2/pg_recvlogical.bc>:pg_ascii_verifier	2
</home/yz489/egg-smol-benchmark-pointer-analysis/benchmarks/postgresql-9.5.2/pg_recvlogical.bc>:pg_eucjp2wchar_with_len	3
</home/yz489/egg-smol-benchmark-pointer-analysis/benchmarks/postgresql-9.5.2/pg_recvlogical.bc>:pg_wchar2euc_with_len	3
</home/yz489/egg-smol-benchmark-pointer-analysis/benchmarks/postgresql-9.5.2/pg_recvlogical.bc>:pg_eucjp_mblen	1
</home/yz489/egg-smol-benchmark-pointer-analysis/benchmarks/postgresql-9.5.2/pg_recvlogical.bc>:pg_eucjp_dsplen	1
</home/yz489/egg-smol-benchmark-pointer-analysis/benchmarks/postgresql-9.5.2/pg_recvlogical.bc>:pg_eucjp_verifier	2
</home/yz489/egg-smol-benchmark-pointer-analysis/benchmarks/postgresql-9.5.2/pg_recvlogical.bc>:pg_euccn2wchar_with_len	3
</home/yz489/egg-smol-benchmark-pointer-analysis/benchmarks/postgresql-9.5.2/pg_recvlogical.bc>:pg_euccn_mblen	1
</home/yz489/egg-smol-benchmark-pointer-analysis/benchmarks/postgresql-9.5.2/pg_recvlogical.bc>:pg_euccn_dsplen	1
</home/yz489/egg-smol-benchmark-pointer-analysis/benchmarks/postgresql-9.5.2/pg_recvlogical.bc>:pg_euckr_verifier	2
</home/yz489/egg-smol-benchmark-pointer-analysis/benchmarks/postgresql-9.5.2/pg_recvlogical.bc>:pg_euckr2wchar_with_len	3
</home/yz489/egg-smol-benchmark-pointer-analysis/benchmarks/postgresql-9.5.2/pg_recvlogical.bc>:pg_euckr_mblen	1
</home/yz489/egg-smol-benchmark-pointer-analysis/benchmarks/postgresql-9.5.2/pg_recvlogical.bc>:pg_euckr_dsplen	1
</home/yz489/egg-smol-benchmark-pointer-analysis/benchmarks/postgresql-9.5.2/pg_recvlogical.bc>:pg_euctw2wchar_with_len	3
</home/yz489/egg-smol-benchmark-pointer-analysis/benchmarks/postgresql-9.5.2/pg_recvlogical.bc>:pg_euctw_mblen	1
</home/yz489/egg-smol-benchmark-pointer-analysis/benchmarks/postgresql-9.5.2/pg_recvlogical.bc>:pg_euctw_dsplen	1
</home/yz489/egg-smol-benchmark-pointer-analysis/benchmarks/postgresql-9.5.2/pg_recvlogical.bc>:pg_euctw_verifier	2
</home/yz489/egg-smol-benchmark-pointer-analysis/benchmarks/postgresql-9.5.2/pg_recvlogical.bc>:pg_utf2wchar_with_len	3
</home/yz489/egg-smol-benchmark-pointer-analysis/benchmarks/postgresql-9.5.2/pg_recvlogical.bc>:pg_wchar2utf_with_len	3
</home/yz489/egg-smol-benchmark-pointer-analysis/benchmarks/postgresql-9.5.2/pg_recvlogical.bc>:pg_utf_dsplen	1
</home/yz489/egg-smol-benchmark-pointer-analysis/benchmarks/postgresql-9.5.2/pg_recvlogical.bc>:pg_utf8_verifier	2
</home/yz489/egg-smol-benchmark-pointer-analysis/benchmarks/postgresql-9.5.2/pg_recvlogical.bc>:pg_mule2wchar_with_len	3
</home/yz489/egg-smol-benchmark-pointer-analysis/benchmarks/postgresql-9.5.2/pg_recvlogical.bc>:pg_wchar2mule_with_len	3
</home/yz489/egg-smol-benchmark-pointer-analysis/benchmarks/postgresql-9.5.2/pg_recvlogical.bc>:pg_mule_mblen	1
</home/yz489/egg-smol-benchmark-pointer-analysis/benchmarks/postgresql-9.5.2/pg_recvlogical.bc>:pg_mule_dsplen	1
</home/yz489/egg-smol-benchmark-pointer-analysis/benchmarks/postgresql-9.5.2/pg_recvlogical.bc>:pg_mule_verifier	2
</home/yz489/egg-smol-benchmark-pointer-analysis/benchmarks/postgresql-9.5.2/pg_recvlogical.bc>:pg_latin12wchar_with_len	3
</home/yz489/egg-smol-benchmark-pointer-analysis/benchmarks/postgresql-9.5.2/pg_recvlogical.bc>:pg_latin1_mblen	1
</home/yz489/egg-smol-benchmark-pointer-analysis/benchmarks/postgresql-9.5.2/pg_recvlogical.bc>:pg_latin1_dsplen	1
</home/yz489/egg-smol-benchmark-pointer-analysis/benchmarks/postgresql-9.5.2/pg_recvlogical.bc>:pg_latin1_verifier	2
</home/yz489/egg-smol-benchmark-pointer-analysis/benchmarks/postgresql-9.5.2/pg_recvlogical.bc>:pg_sjis_mblen	1
</home/yz489/egg-smol-benchmark-pointer-analysis/benchmarks/postgresql-9.5.2/pg_recvlogical.bc>:pg_sjis_dsplen	1
</home/yz489/egg-smol-benchmark-pointer-analysis/benchmarks/postgresql-9.5.2/pg_recvlogical.bc>:pg_sjis_verifier	2
</home/yz489/egg-smol-benchmark-pointer-analysis/benchmarks/postgresql-9.5.2/pg_recvlogical.bc>:pg_big5_mblen	1
</home/yz489/egg-smol-benchmark-pointer-analysis/benchmarks/postgresql-9.5.2/pg_recvlogical.bc>:pg_big5_dsplen	1
</home/yz489/egg-smol-benchmark-pointer-analysis/benchmarks/postgresql-9.5.2/pg_recvlogical.bc>:pg_big5_verifier	2
</home/yz489/egg-smol-benchmark-pointer-analysis/benchmarks/postgresql-9.5.2/pg_recvlogical.bc>:pg_gbk_mblen	1
</home/yz489/egg-smol-benchmark-pointer-analysis/benchmarks/postgresql-9.5.2/pg_recvlogical.bc>:pg_gbk_dsplen	1
</home/yz489/egg-smol-benchmark-pointer-analysis/benchmarks/postgresql-9.5.2/pg_recvlogical.bc>:pg_gbk_verifier	2
</home/yz489/egg-smol-benchmark-pointer-analysis/benchmarks/postgresql-9.5.2/pg_recvlogical.bc>:pg_uhc_mblen	1
</home/yz489/egg-smol-benchmark-pointer-analysis/benchmarks/postgresql-9.5.2/pg_recvlogical.bc>:pg_uhc_dsplen	1
</home/yz489/egg-smol-benchmark-pointer-analysis/benchmarks/postgresql-9.5.2/pg_recvlogical.bc>:pg_uhc_verifier	2
</home/yz489/egg-smol-benchmark-pointer-analysis/benchmarks/postgresql-9.5.2/pg_recvlogical.bc>:pg_gb18030_mblen	1
</home/yz489/egg-smol-benchmark-pointer-analysis/benchmarks/postgresql-9.5.2/pg_recvlogical.bc>:pg_gb18030_dsplen	1
</home/yz489/egg-smol-benchmark-pointer-analysis/benchmarks/postgresql-9.5.2/pg_recvlogical.bc>:pg_gb18030_verifier	2
</home/yz489/egg-smol-benchmark-pointer-analysis/benchmarks/postgresql-9.5.2/pg_recvlogical.bc>:pg_johab_mblen	1
</home/yz489/egg-smol-benchmark-pointer-analysis/benchmarks/postgresql-9.5.2/pg_recvlogical.bc>:pg_johab_dsplen	1
</home/yz489/egg-smol-benchmark-pointer-analysis/benchmarks/postgresql-9.5.2/pg_recvlogical.bc>:pg_johab_verifier	2
</home/yz489/egg-smol-benchmark-pointer-analysis/benchmarks/postgresql-9.5.2/pg_recvlogical.bc>:pg_euc_dsplen	1
</home/yz489/egg-smol-benchmark-pointer-analysis/benchmarks/postgresql-9.5.2/pg_recvlogical.bc>:pg_euc_mblen	1
</home/yz489/egg-smol-benchmark-pointer-analysis/benchmarks/postgresql-9.5.2/pg_recvlogical.bc>:pg_utf8_islegal	2
</home/yz489/egg-smol-benchmark-pointer-analysis/benchmarks/postgresql-9.5.2/pg_recvlogical.bc>:utf8_to_unicode	1
</home/yz489/egg-smol-benchmark-pointer-analysis/benchmarks/postgresql-9.5.2/pg_recvlogical.bc>:ucs_wcwidth	1
</home/yz489/egg-smol-benchmark-pointer-analysis/benchmarks/postgresql-9.5.2/pg_recvlogical.bc>:mbbisearch	3
</home/yz489/egg-smol-benchmark-pointer-analysis/benchmarks/postgresql-9.5.2/pg_recvlogical.bc>:unicode_to_utf8	2
</home/yz489/egg-smol-benchmark-pointer-analysis/benchmarks/postgresql-9.5.2/pg_recvlogical.bc>:pg_euc2wchar_with_len	3
</home/yz489/egg-smol-benchmark-pointer-analysis/benchmarks/postgresql-9.5.2/pg_recvlogical.bc>:pqSaveMessageField	3
</home/yz489/egg-smol-benchmark-pointer-analysis/benchmarks/postgresql-9.5.2/pg_recvlogical.bc>:pqGetErrorNotice2	2
</home/yz489/egg-smol-benchmark-pointer-analysis/benchmarks/postgresql-9.5.2/pg_recvlogical.bc>:getNotify	1
</home/yz489/egg-smol-benchmark-pointer-analysis/benchmarks/postgresql-9.5.2/pg_recvlogical.bc>:pqGets	2
</home/yz489/egg-smol-benchmark-pointer-analysis/benchmarks/postgresql-9.5.2/pg_recvlogical.bc>:pqGets_internal	3
</home/yz489/egg-smol-benchmark-pointer-analysis/benchmarks/postgresql-9.5.2/pg_recvlogical.bc>:pqClearAsyncResult	1
</home/yz489/egg-smol-benchmark-pointer-analysis/benchmarks/postgresql-9.5.2/pg_recvlogical.bc>:handleSyncLoss	3
</home/yz489/egg-smol-benchmark-pointer-analysis/benchmarks/postgresql-9.5.2/pg_recvlogical.bc>:getNotify.395	1
</home/yz489/egg-smol-benchmark-pointer-analysis/benchmarks/postgresql-9.5.2/pg_recvlogical.bc>:getReadyForQuery	1
</home/yz489/egg-smol-benchmark-pointer-analysis/benchmarks/postgresql-9.5.2/pg_recvlogical.bc>:getParameterStatus	1
</home/yz489/egg-smol-benchmark-pointer-analysis/benchmarks/postgresql-9.5.2/pg_recvlogical.bc>:getCopyDataMessage	1
</home/yz489/egg-smol-benchmark-pointer-analysis/benchmarks/postgresql-9.5.2/pg_recvlogical.bc>:pqPutMsgBytes	3
</home/yz489/egg-smol-benchmark-pointer-analysis/benchmarks/postgresql-9.5.2/pg_recvlogical.bc>:fputnbytes	3
</home/yz489/egg-smol-benchmark-pointer-analysis/benchmarks/postgresql-9.5.2/pg_recvlogical.bc>:pqPutc	2
</home/yz489/egg-smol-benchmark-pointer-analysis/benchmarks/postgresql-9.5.2/pg_recvlogical.bc>:pqCatenateResultError	2
</home/yz489/egg-smol-benchmark-pointer-analysis/benchmarks/postgresql-9.5.2/pg_recvlogical.bc>:pqWaitTimed	4
</home/yz489/egg-smol-benchmark-pointer-analysis/benchmarks/postgresql-9.5.2/pg_recvlogical.bc>:pqSocketCheck	4
</home/yz489/egg-smol-benchmark-pointer-analysis/benchmarks/postgresql-9.5.2/pg_recvlogical.bc>:pqSocketPoll	4
</home/yz489/egg-smol-benchmark-pointer-analysis/benchmarks/postgresql-9.5.2/pg_recvlogical.bc>:pqParseInput3	1
</home/yz489/egg-smol-benchmark-pointer-analysis/benchmarks/postgresql-9.5.2/pg_recvlogical.bc>:pqParseInput2	1
</home/yz489/egg-smol-benchmark-pointer-analysis/benchmarks/postgresql-9.5.2/pg_recvlogical.bc>:checkXactStatus	2
</home/yz489/egg-smol-benchmark-pointer-analysis/benchmarks/postgresql-9.5.2/pg_recvlogical.bc>:getRowDescriptions	1
</home/yz489/egg-smol-benchmark-pointer-analysis/benchmarks/postgresql-9.5.2/pg_recvlogical.bc>:getAnotherTuple	2
</home/yz489/egg-smol-benchmark-pointer-analysis/benchmarks/postgresql-9.5.2/pg_recvlogical.bc>:pqSkipnchar	2
</home/yz489/egg-smol-benchmark-pointer-analysis/benchmarks/postgresql-9.5.2/pg_recvlogical.bc>:pqRowProcessor	2
</home/yz489/egg-smol-benchmark-pointer-analysis/benchmarks/postgresql-9.5.2/pg_recvlogical.bc>:getRowDescriptions.398	2
</home/yz489/egg-smol-benchmark-pointer-analysis/benchmarks/postgresql-9.5.2/pg_recvlogical.bc>:getParamDescriptions	2
</home/yz489/egg-smol-benchmark-pointer-analysis/benchmarks/postgresql-9.5.2/pg_recvlogical.bc>:getAnotherTuple.399	2
</home/yz489/egg-smol-benchmark-pointer-analysis/benchmarks/postgresql-9.5.2/pg_recvlogical.bc>:getCopyStart	2
</home/yz489/egg-smol-benchmark-pointer-analysis/benchmarks/postgresql-9.5.2/pg_recvlogical.bc>:pqSendSome	2
</home/yz489/egg-smol-benchmark-pointer-analysis/benchmarks/postgresql-9.5.2/pg_recvlogical.bc>:pqsecure_write	3
</home/yz489/egg-smol-benchmark-pointer-analysis/benchmarks/postgresql-9.5.2/pg_recvlogical.bc>:pqsecure_raw_write	3
</home/yz489/egg-smol-benchmark-pointer-analysis/benchmarks/postgresql-9.5.2/pg_recvlogical.bc>:pg_strcasecmp	2
</home/yz489/egg-smol-benchmark-pointer-analysis/benchmarks/postgresql-9.5.2/pg_recvlogical.bc>:conninfo_find	2
</home/yz489/egg-smol-benchmark-pointer-analysis/benchmarks/postgresql-9.5.2/pg_recvlogical.bc>:conninfo_uri_decode	2
</home/yz489/egg-smol-benchmark-pointer-analysis/benchmarks/postgresql-9.5.2/pg_recvlogical.bc>:get_hexdigit	2
</home/yz489/egg-smol-benchmark-pointer-analysis/benchmarks/postgresql-9.5.2/pg_recvlogical.bc>:uri_prefix_length	1
</home/yz489/egg-smol-benchmark-pointer-analysis/benchmarks/postgresql-9.5.2/pg_recvlogical.bc>:conninfo_uri_parse	3
</home/yz489/egg-smol-benchmark-pointer-analysis/benchmarks/postgresql-9.5.2/pg_recvlogical.bc>:conninfo_parse	3
</home/yz489/egg-smol-benchmark-pointer-analysis/benchmarks/postgresql-9.5.2/pg_recvlogical.bc>:conninfo_uri_parse_options	3
</home/yz489/egg-smol-benchmark-pointer-analysis/benchmarks/postgresql-9.5.2/pg_recvlogical.bc>:conninfo_uri_parse_params	3
</home/yz489/egg-smol-benchmark-pointer-analysis/benchmarks/postgresql-9.5.2/pg_recvlogical.bc>:getPgPassFilename	1
</home/yz489/egg-smol-benchmark-pointer-analysis/benchmarks/postgresql-9.5.2/pg_recvlogical.bc>:pqGetHomeDirectory	2
</home/yz489/egg-smol-benchmark-pointer-analysis/benchmarks/postgresql-9.5.2/pg_recvlogical.bc>:pg_password_sendauth	3
</home/yz489/egg-smol-benchmark-pointer-analysis/benchmarks/postgresql-9.5.2/pg_recvlogical.bc>:pg_local_sendauth	1
</home/yz489/egg-smol-benchmark-pointer-analysis/benchmarks/postgresql-9.5.2/pg_recvlogical.bc>:reportErrorPosition	4
</home/yz489/egg-smol-benchmark-pointer-analysis/benchmarks/postgresql-9.5.2/pg_recvlogical.bc>:pg_encoding_max_length	1
</home/yz489/egg-smol-benchmark-pointer-analysis/benchmarks/postgresql-9.5.2/pg_recvlogical.bc>:build_startup_packet	3
</home/yz489/egg-smol-benchmark-pointer-analysis/benchmarks/postgresql-9.5.2/pg_recvlogical.bc>:pg_getnameinfo_all	7
</home/yz489/egg-smol-benchmark-pointer-analysis/benchmarks/postgresql-9.5.2/pg_recvlogical.bc>:inet_net_ntop	5
</home/yz489/egg-smol-benchmark-pointer-analysis/benchmarks/postgresql-9.5.2/pg_recvlogical.bc>:inet_net_ntop_ipv4	4
</home/yz489/egg-smol-benchmark-pointer-analysis/benchmarks/postgresql-9.5.2/pg_recvlogical.bc>:inet_net_ntop_ipv6	4
</home/yz489/egg-smol-benchmark-pointer-analysis/benchmarks/postgresql-9.5.2/pg_recvlogical.bc>:decoct	4
</home/yz489/egg-smol-benchmark-pointer-analysis/benchmarks/postgresql-9.5.2/pg_recvlogical.bc>:getnameinfo_unix	7
</home/yz489/egg-smol-benchmark-pointer-analysis/benchmarks/postgresql-9.5.2/pg_recvlogical.bc>:pqsecure_close	1
</home/yz489/egg-smol-benchmark-pointer-analysis/benchmarks/postgresql-9.5.2/pg_recvlogical.bc>:pqsecure_read	3
</home/yz489/egg-smol-benchmark-pointer-analysis/benchmarks/postgresql-9.5.2/pg_recvlogical.bc>:pqReadReady	1
</home/yz489/egg-smol-benchmark-pointer-analysis/benchmarks/postgresql-9.5.2/pg_recvlogical.bc>:pqsecure_raw_read	3
</home/yz489/egg-smol-benchmark-pointer-analysis/benchmarks/postgresql-9.5.2/pg_recvlogical.bc>:parseServiceInfo	2
</home/yz489/egg-smol-benchmark-pointer-analysis/benchmarks/postgresql-9.5.2/pg_recvlogical.bc>:pg_fe_getauthname	1
</home/yz489/egg-smol-benchmark-pointer-analysis/benchmarks/postgresql-9.5.2/pg_recvlogical.bc>:conninfo_getval	2
</home/yz489/egg-smol-benchmark-pointer-analysis/benchmarks/postgresql-9.5.2/pg_recvlogical.bc>:parseServiceFile	5
</home/yz489/egg-smol-benchmark-pointer-analysis/benchmarks/postgresql-9.5.2/pg_recvlogical.bc>:pg_getaddrinfo_all	4
</home/yz489/egg-smol-benchmark-pointer-analysis/benchmarks/postgresql-9.5.2/pg_recvlogical.bc>:getaddrinfo_unix	3
</home/yz489/egg-smol-benchmark-pointer-analysis/benchmarks/postgresql-9.5.2/pg_recvlogical.bc>:PasswordFromFile	4
</home/yz489/egg-smol-benchmark-pointer-analysis/benchmarks/postgresql-9.5.2/pg_recvlogical.bc>:pwdfMatchesString	2
</home/yz489/egg-smol-benchmark-pointer-analysis/benchmarks/postgresql-9.5.2/pg_recvlogical.bc>:defaultNoticeReceiver	2
</home/yz489/egg-smol-benchmark-pointer-analysis/benchmarks/postgresql-9.5.2/pg_recvlogical.bc>:defaultNoticeProcessor	2
</home/yz489/egg-smol-benchmark-pointer-analysis/benchmarks/postgresql-9.5.2/pg_recvlogical.bc>:pg_md5_hash	3
</home/yz489/egg-smol-benchmark-pointer-analysis/benchmarks/postgresql-9.5.2/pg_recvlogical.bc>:calculateDigestFromBuffer	3
</home/yz489/egg-smol-benchmark-pointer-analysis/benchmarks/postgresql-9.5.2/pg_recvlogical.bc>:bytesToHex	2
</home/yz489/egg-smol-benchmark-pointer-analysis/benchmarks/postgresql-9.5.2/pg_recvlogical.bc>:createPaddedCopyWithLength	2
</home/yz489/egg-smol-benchmark-pointer-analysis/benchmarks/postgresql-9.5.2/pg_recvlogical.bc>:doTheRounds	2
