</home/yz489/egg-smol-benchmark-pointer-analysis/benchmarks/postgresql-9.5.2/libpqwalreceiver.so.bc>:Pg_magic_func	0
</home/yz489/egg-smol-benchmark-pointer-analysis/benchmarks/postgresql-9.5.2/libpqwalreceiver.so.bc>:_PG_init	0
</home/yz489/egg-smol-benchmark-pointer-analysis/benchmarks/postgresql-9.5.2/libpqwalreceiver.so.bc>:libpqrcv_connect	1
</home/yz489/egg-smol-benchmark-pointer-analysis/benchmarks/postgresql-9.5.2/libpqwalreceiver.so.bc>:libpqrcv_identify_system	1
</home/yz489/egg-smol-benchmark-pointer-analysis/benchmarks/postgresql-9.5.2/libpqwalreceiver.so.bc>:libpqrcv_readtimelinehistoryfile	4
</home/yz489/egg-smol-benchmark-pointer-analysis/benchmarks/postgresql-9.5.2/libpqwalreceiver.so.bc>:libpqrcv_startstreaming	3
</home/yz489/egg-smol-benchmark-pointer-analysis/benchmarks/postgresql-9.5.2/libpqwalreceiver.so.bc>:libpqrcv_endstreaming	1
</home/yz489/egg-smol-benchmark-pointer-analysis/benchmarks/postgresql-9.5.2/libpqwalreceiver.so.bc>:libpqrcv_receive	2
</home/yz489/egg-smol-benchmark-pointer-analysis/benchmarks/postgresql-9.5.2/libpqwalreceiver.so.bc>:libpqrcv_send	2
</home/yz489/egg-smol-benchmark-pointer-analysis/benchmarks/postgresql-9.5.2/libpqwalreceiver.so.bc>:libpqrcv_disconnect	0
</home/yz489/egg-smol-benchmark-pointer-analysis/benchmarks/postgresql-9.5.2/libpqwalreceiver.so.bc>:libpq_select	1
</home/yz489/egg-smol-benchmark-pointer-analysis/benchmarks/postgresql-9.5.2/libpqwalreceiver.so.bc>:libpqrcv_PQexec	1
</home/yz489/egg-smol-benchmark-pointer-analysis/benchmarks/postgresql-9.5.2/libpqwalreceiver.so.bc>:PQencryptPassword	2
</home/yz489/egg-smol-benchmark-pointer-analysis/benchmarks/postgresql-9.5.2/libpqwalreceiver.so.bc>:PQconnectdbParams	3
</home/yz489/egg-smol-benchmark-pointer-analysis/benchmarks/postgresql-9.5.2/libpqwalreceiver.so.bc>:PQconnectStartParams	3
</home/yz489/egg-smol-benchmark-pointer-analysis/benchmarks/postgresql-9.5.2/libpqwalreceiver.so.bc>:PQpingParams	3
</home/yz489/egg-smol-benchmark-pointer-analysis/benchmarks/postgresql-9.5.2/libpqwalreceiver.so.bc>:PQfinish	1
</home/yz489/egg-smol-benchmark-pointer-analysis/benchmarks/postgresql-9.5.2/libpqwalreceiver.so.bc>:PQconnectdb	1
</home/yz489/egg-smol-benchmark-pointer-analysis/benchmarks/postgresql-9.5.2/libpqwalreceiver.so.bc>:PQconnectStart	1
</home/yz489/egg-smol-benchmark-pointer-analysis/benchmarks/postgresql-9.5.2/libpqwalreceiver.so.bc>:PQping	1
</home/yz489/egg-smol-benchmark-pointer-analysis/benchmarks/postgresql-9.5.2/libpqwalreceiver.so.bc>:PQconninfoFree	1
</home/yz489/egg-smol-benchmark-pointer-analysis/benchmarks/postgresql-9.5.2/libpqwalreceiver.so.bc>:PQconndefaults	0
</home/yz489/egg-smol-benchmark-pointer-analysis/benchmarks/postgresql-9.5.2/libpqwalreceiver.so.bc>:PQsetdbLogin	7
</home/yz489/egg-smol-benchmark-pointer-analysis/benchmarks/postgresql-9.5.2/libpqwalreceiver.so.bc>:PQconnectPoll	1
</home/yz489/egg-smol-benchmark-pointer-analysis/benchmarks/postgresql-9.5.2/libpqwalreceiver.so.bc>:PQreset	1
</home/yz489/egg-smol-benchmark-pointer-analysis/benchmarks/postgresql-9.5.2/libpqwalreceiver.so.bc>:PQresetStart	1
</home/yz489/egg-smol-benchmark-pointer-analysis/benchmarks/postgresql-9.5.2/libpqwalreceiver.so.bc>:PQresetPoll	1
</home/yz489/egg-smol-benchmark-pointer-analysis/benchmarks/postgresql-9.5.2/libpqwalreceiver.so.bc>:PQgetCancel	1
</home/yz489/egg-smol-benchmark-pointer-analysis/benchmarks/postgresql-9.5.2/libpqwalreceiver.so.bc>:PQfreeCancel	1
</home/yz489/egg-smol-benchmark-pointer-analysis/benchmarks/postgresql-9.5.2/libpqwalreceiver.so.bc>:PQcancel	3
</home/yz489/egg-smol-benchmark-pointer-analysis/benchmarks/postgresql-9.5.2/libpqwalreceiver.so.bc>:PQrequestCancel	1
</home/yz489/egg-smol-benchmark-pointer-analysis/benchmarks/postgresql-9.5.2/libpqwalreceiver.so.bc>:PQconninfoParse	2
</home/yz489/egg-smol-benchmark-pointer-analysis/benchmarks/postgresql-9.5.2/libpqwalreceiver.so.bc>:PQconninfo	1
</home/yz489/egg-smol-benchmark-pointer-analysis/benchmarks/postgresql-9.5.2/libpqwalreceiver.so.bc>:PQdb	1
</home/yz489/egg-smol-benchmark-pointer-analysis/benchmarks/postgresql-9.5.2/libpqwalreceiver.so.bc>:PQuser	1
</home/yz489/egg-smol-benchmark-pointer-analysis/benchmarks/postgresql-9.5.2/libpqwalreceiver.so.bc>:PQpass	1
</home/yz489/egg-smol-benchmark-pointer-analysis/benchmarks/postgresql-9.5.2/libpqwalreceiver.so.bc>:PQhost	1
</home/yz489/egg-smol-benchmark-pointer-analysis/benchmarks/postgresql-9.5.2/libpqwalreceiver.so.bc>:PQport	1
</home/yz489/egg-smol-benchmark-pointer-analysis/benchmarks/postgresql-9.5.2/libpqwalreceiver.so.bc>:PQtty	1
</home/yz489/egg-smol-benchmark-pointer-analysis/benchmarks/postgresql-9.5.2/libpqwalreceiver.so.bc>:PQoptions	1
</home/yz489/egg-smol-benchmark-pointer-analysis/benchmarks/postgresql-9.5.2/libpqwalreceiver.so.bc>:PQstatus	1
</home/yz489/egg-smol-benchmark-pointer-analysis/benchmarks/postgresql-9.5.2/libpqwalreceiver.so.bc>:PQtransactionStatus	1
</home/yz489/egg-smol-benchmark-pointer-analysis/benchmarks/postgresql-9.5.2/libpqwalreceiver.so.bc>:PQparameterStatus	2
</home/yz489/egg-smol-benchmark-pointer-analysis/benchmarks/postgresql-9.5.2/libpqwalreceiver.so.bc>:PQprotocolVersion	1
</home/yz489/egg-smol-benchmark-pointer-analysis/benchmarks/postgresql-9.5.2/libpqwalreceiver.so.bc>:PQserverVersion	1
</home/yz489/egg-smol-benchmark-pointer-analysis/benchmarks/postgresql-9.5.2/libpqwalreceiver.so.bc>:PQerrorMessage	1
</home/yz489/egg-smol-benchmark-pointer-analysis/benchmarks/postgresql-9.5.2/libpqwalreceiver.so.bc>:PQsocket	1
</home/yz489/egg-smol-benchmark-pointer-analysis/benchmarks/postgresql-9.5.2/libpqwalreceiver.so.bc>:PQbackendPID	1
</home/yz489/egg-smol-benchmark-pointer-analysis/benchmarks/postgresql-9.5.2/libpqwalreceiver.so.bc>:PQconnectionNeedsPassword	1
</home/yz489/egg-smol-benchmark-pointer-analysis/benchmarks/postgresql-9.5.2/libpqwalreceiver.so.bc>:PQconnectionUsedPassword	1
</home/yz489/egg-smol-benchmark-pointer-analysis/benchmarks/postgresql-9.5.2/libpqwalreceiver.so.bc>:PQclientEncoding	1
</home/yz489/egg-smol-benchmark-pointer-analysis/benchmarks/postgresql-9.5.2/libpqwalreceiver.so.bc>:PQsetClientEncoding	2
</home/yz489/egg-smol-benchmark-pointer-analysis/benchmarks/postgresql-9.5.2/libpqwalreceiver.so.bc>:PQsetErrorVerbosity	2
</home/yz489/egg-smol-benchmark-pointer-analysis/benchmarks/postgresql-9.5.2/libpqwalreceiver.so.bc>:PQtrace	2
</home/yz489/egg-smol-benchmark-pointer-analysis/benchmarks/postgresql-9.5.2/libpqwalreceiver.so.bc>:PQuntrace	1
</home/yz489/egg-smol-benchmark-pointer-analysis/benchmarks/postgresql-9.5.2/libpqwalreceiver.so.bc>:PQsetNoticeReceiver	3
</home/yz489/egg-smol-benchmark-pointer-analysis/benchmarks/postgresql-9.5.2/libpqwalreceiver.so.bc>:PQsetNoticeProcessor	3
</home/yz489/egg-smol-benchmark-pointer-analysis/benchmarks/postgresql-9.5.2/libpqwalreceiver.so.bc>:PQregisterThreadLock	1
</home/yz489/egg-smol-benchmark-pointer-analysis/benchmarks/postgresql-9.5.2/libpqwalreceiver.so.bc>:PQmakeEmptyPGresult	2
</home/yz489/egg-smol-benchmark-pointer-analysis/benchmarks/postgresql-9.5.2/libpqwalreceiver.so.bc>:PQclear	1
</home/yz489/egg-smol-benchmark-pointer-analysis/benchmarks/postgresql-9.5.2/libpqwalreceiver.so.bc>:PQsetResultAttrs	3
</home/yz489/egg-smol-benchmark-pointer-analysis/benchmarks/postgresql-9.5.2/libpqwalreceiver.so.bc>:PQresultAlloc	2
</home/yz489/egg-smol-benchmark-pointer-analysis/benchmarks/postgresql-9.5.2/libpqwalreceiver.so.bc>:PQcopyResult	2
</home/yz489/egg-smol-benchmark-pointer-analysis/benchmarks/postgresql-9.5.2/libpqwalreceiver.so.bc>:PQsetvalue	5
</home/yz489/egg-smol-benchmark-pointer-analysis/benchmarks/postgresql-9.5.2/libpqwalreceiver.so.bc>:PQresultErrorMessage	1
</home/yz489/egg-smol-benchmark-pointer-analysis/benchmarks/postgresql-9.5.2/libpqwalreceiver.so.bc>:PQsendQuery	2
</home/yz489/egg-smol-benchmark-pointer-analysis/benchmarks/postgresql-9.5.2/libpqwalreceiver.so.bc>:PQsendQueryParams	8
</home/yz489/egg-smol-benchmark-pointer-analysis/benchmarks/postgresql-9.5.2/libpqwalreceiver.so.bc>:PQsendPrepare	5
</home/yz489/egg-smol-benchmark-pointer-analysis/benchmarks/postgresql-9.5.2/libpqwalreceiver.so.bc>:PQsendQueryPrepared	7
</home/yz489/egg-smol-benchmark-pointer-analysis/benchmarks/postgresql-9.5.2/libpqwalreceiver.so.bc>:PQsetSingleRowMode	1
</home/yz489/egg-smol-benchmark-pointer-analysis/benchmarks/postgresql-9.5.2/libpqwalreceiver.so.bc>:PQconsumeInput	1
</home/yz489/egg-smol-benchmark-pointer-analysis/benchmarks/postgresql-9.5.2/libpqwalreceiver.so.bc>:PQisBusy	1
</home/yz489/egg-smol-benchmark-pointer-analysis/benchmarks/postgresql-9.5.2/libpqwalreceiver.so.bc>:PQgetResult	1
</home/yz489/egg-smol-benchmark-pointer-analysis/benchmarks/postgresql-9.5.2/libpqwalreceiver.so.bc>:PQexec	2
</home/yz489/egg-smol-benchmark-pointer-analysis/benchmarks/postgresql-9.5.2/libpqwalreceiver.so.bc>:PQexecParams	8
</home/yz489/egg-smol-benchmark-pointer-analysis/benchmarks/postgresql-9.5.2/libpqwalreceiver.so.bc>:PQprepare	5
</home/yz489/egg-smol-benchmark-pointer-analysis/benchmarks/postgresql-9.5.2/libpqwalreceiver.so.bc>:PQexecPrepared	7
</home/yz489/egg-smol-benchmark-pointer-analysis/benchmarks/postgresql-9.5.2/libpqwalreceiver.so.bc>:PQdescribePrepared	2
</home/yz489/egg-smol-benchmark-pointer-analysis/benchmarks/postgresql-9.5.2/libpqwalreceiver.so.bc>:PQdescribePortal	2
</home/yz489/egg-smol-benchmark-pointer-analysis/benchmarks/postgresql-9.5.2/libpqwalreceiver.so.bc>:PQsendDescribePrepared	2
</home/yz489/egg-smol-benchmark-pointer-analysis/benchmarks/postgresql-9.5.2/libpqwalreceiver.so.bc>:PQsendDescribePortal	2
</home/yz489/egg-smol-benchmark-pointer-analysis/benchmarks/postgresql-9.5.2/libpqwalreceiver.so.bc>:PQnotifies	1
</home/yz489/egg-smol-benchmark-pointer-analysis/benchmarks/postgresql-9.5.2/libpqwalreceiver.so.bc>:PQputCopyData	3
</home/yz489/egg-smol-benchmark-pointer-analysis/benchmarks/postgresql-9.5.2/libpqwalreceiver.so.bc>:PQputCopyEnd	2
</home/yz489/egg-smol-benchmark-pointer-analysis/benchmarks/postgresql-9.5.2/libpqwalreceiver.so.bc>:PQgetCopyData	3
</home/yz489/egg-smol-benchmark-pointer-analysis/benchmarks/postgresql-9.5.2/libpqwalreceiver.so.bc>:PQgetline	3
</home/yz489/egg-smol-benchmark-pointer-analysis/benchmarks/postgresql-9.5.2/libpqwalreceiver.so.bc>:PQgetlineAsync	3
</home/yz489/egg-smol-benchmark-pointer-analysis/benchmarks/postgresql-9.5.2/libpqwalreceiver.so.bc>:PQputline	2
</home/yz489/egg-smol-benchmark-pointer-analysis/benchmarks/postgresql-9.5.2/libpqwalreceiver.so.bc>:PQputnbytes	3
</home/yz489/egg-smol-benchmark-pointer-analysis/benchmarks/postgresql-9.5.2/libpqwalreceiver.so.bc>:PQendcopy	1
</home/yz489/egg-smol-benchmark-pointer-analysis/benchmarks/postgresql-9.5.2/libpqwalreceiver.so.bc>:PQfn	7
</home/yz489/egg-smol-benchmark-pointer-analysis/benchmarks/postgresql-9.5.2/libpqwalreceiver.so.bc>:PQresultStatus	1
</home/yz489/egg-smol-benchmark-pointer-analysis/benchmarks/postgresql-9.5.2/libpqwalreceiver.so.bc>:PQresStatus	1
</home/yz489/egg-smol-benchmark-pointer-analysis/benchmarks/postgresql-9.5.2/libpqwalreceiver.so.bc>:PQresultErrorField	2
</home/yz489/egg-smol-benchmark-pointer-analysis/benchmarks/postgresql-9.5.2/libpqwalreceiver.so.bc>:PQntuples	1
</home/yz489/egg-smol-benchmark-pointer-analysis/benchmarks/postgresql-9.5.2/libpqwalreceiver.so.bc>:PQnfields	1
</home/yz489/egg-smol-benchmark-pointer-analysis/benchmarks/postgresql-9.5.2/libpqwalreceiver.so.bc>:PQbinaryTuples	1
</home/yz489/egg-smol-benchmark-pointer-analysis/benchmarks/postgresql-9.5.2/libpqwalreceiver.so.bc>:PQfname	2
</home/yz489/egg-smol-benchmark-pointer-analysis/benchmarks/postgresql-9.5.2/libpqwalreceiver.so.bc>:PQfnumber	2
</home/yz489/egg-smol-benchmark-pointer-analysis/benchmarks/postgresql-9.5.2/libpqwalreceiver.so.bc>:PQftable	2
</home/yz489/egg-smol-benchmark-pointer-analysis/benchmarks/postgresql-9.5.2/libpqwalreceiver.so.bc>:PQftablecol	2
</home/yz489/egg-smol-benchmark-pointer-analysis/benchmarks/postgresql-9.5.2/libpqwalreceiver.so.bc>:PQfformat	2
</home/yz489/egg-smol-benchmark-pointer-analysis/benchmarks/postgresql-9.5.2/libpqwalreceiver.so.bc>:PQftype	2
</home/yz489/egg-smol-benchmark-pointer-analysis/benchmarks/postgresql-9.5.2/libpqwalreceiver.so.bc>:PQfsize	2
</home/yz489/egg-smol-benchmark-pointer-analysis/benchmarks/postgresql-9.5.2/libpqwalreceiver.so.bc>:PQfmod	2
</home/yz489/egg-smol-benchmark-pointer-analysis/benchmarks/postgresql-9.5.2/libpqwalreceiver.so.bc>:PQcmdStatus	1
</home/yz489/egg-smol-benchmark-pointer-analysis/benchmarks/postgresql-9.5.2/libpqwalreceiver.so.bc>:PQoidStatus	1
</home/yz489/egg-smol-benchmark-pointer-analysis/benchmarks/postgresql-9.5.2/libpqwalreceiver.so.bc>:PQoidValue	1
</home/yz489/egg-smol-benchmark-pointer-analysis/benchmarks/postgresql-9.5.2/libpqwalreceiver.so.bc>:PQcmdTuples	1
</home/yz489/egg-smol-benchmark-pointer-analysis/benchmarks/postgresql-9.5.2/libpqwalreceiver.so.bc>:PQgetvalue	3
</home/yz489/egg-smol-benchmark-pointer-analysis/benchmarks/postgresql-9.5.2/libpqwalreceiver.so.bc>:PQgetlength	3
</home/yz489/egg-smol-benchmark-pointer-analysis/benchmarks/postgresql-9.5.2/libpqwalreceiver.so.bc>:PQgetisnull	3
</home/yz489/egg-smol-benchmark-pointer-analysis/benchmarks/postgresql-9.5.2/libpqwalreceiver.so.bc>:PQnparams	1
</home/yz489/egg-smol-benchmark-pointer-analysis/benchmarks/postgresql-9.5.2/libpqwalreceiver.so.bc>:PQparamtype	2
</home/yz489/egg-smol-benchmark-pointer-analysis/benchmarks/postgresql-9.5.2/libpqwalreceiver.so.bc>:PQsetnonblocking	2
</home/yz489/egg-smol-benchmark-pointer-analysis/benchmarks/postgresql-9.5.2/libpqwalreceiver.so.bc>:PQisnonblocking	1
</home/yz489/egg-smol-benchmark-pointer-analysis/benchmarks/postgresql-9.5.2/libpqwalreceiver.so.bc>:PQisthreadsafe	0
</home/yz489/egg-smol-benchmark-pointer-analysis/benchmarks/postgresql-9.5.2/libpqwalreceiver.so.bc>:PQflush	1
</home/yz489/egg-smol-benchmark-pointer-analysis/benchmarks/postgresql-9.5.2/libpqwalreceiver.so.bc>:PQfreemem	1
</home/yz489/egg-smol-benchmark-pointer-analysis/benchmarks/postgresql-9.5.2/libpqwalreceiver.so.bc>:PQfreeNotify	1
</home/yz489/egg-smol-benchmark-pointer-analysis/benchmarks/postgresql-9.5.2/libpqwalreceiver.so.bc>:PQescapeStringConn	5
</home/yz489/egg-smol-benchmark-pointer-analysis/benchmarks/postgresql-9.5.2/libpqwalreceiver.so.bc>:PQescapeString	3
</home/yz489/egg-smol-benchmark-pointer-analysis/benchmarks/postgresql-9.5.2/libpqwalreceiver.so.bc>:PQescapeLiteral	3
</home/yz489/egg-smol-benchmark-pointer-analysis/benchmarks/postgresql-9.5.2/libpqwalreceiver.so.bc>:PQescapeIdentifier	3
</home/yz489/egg-smol-benchmark-pointer-analysis/benchmarks/postgresql-9.5.2/libpqwalreceiver.so.bc>:PQescapeByteaConn	4
</home/yz489/egg-smol-benchmark-pointer-analysis/benchmarks/postgresql-9.5.2/libpqwalreceiver.so.bc>:PQescapeBytea	3
</home/yz489/egg-smol-benchmark-pointer-analysis/benchmarks/postgresql-9.5.2/libpqwalreceiver.so.bc>:PQunescapeBytea	2
</home/yz489/egg-smol-benchmark-pointer-analysis/benchmarks/postgresql-9.5.2/libpqwalreceiver.so.bc>:PQlibVersion	0
</home/yz489/egg-smol-benchmark-pointer-analysis/benchmarks/postgresql-9.5.2/libpqwalreceiver.so.bc>:PQmblen	2
</home/yz489/egg-smol-benchmark-pointer-analysis/benchmarks/postgresql-9.5.2/libpqwalreceiver.so.bc>:PQdsplen	2
</home/yz489/egg-smol-benchmark-pointer-analysis/benchmarks/postgresql-9.5.2/libpqwalreceiver.so.bc>:PQenv2encoding	0
</home/yz489/egg-smol-benchmark-pointer-analysis/benchmarks/postgresql-9.5.2/libpqwalreceiver.so.bc>:PQprint	3
</home/yz489/egg-smol-benchmark-pointer-analysis/benchmarks/postgresql-9.5.2/libpqwalreceiver.so.bc>:PQdisplayTuples	6
</home/yz489/egg-smol-benchmark-pointer-analysis/benchmarks/postgresql-9.5.2/libpqwalreceiver.so.bc>:PQprintTuples	5
</home/yz489/egg-smol-benchmark-pointer-analysis/benchmarks/postgresql-9.5.2/libpqwalreceiver.so.bc>:lo_open	3
</home/yz489/egg-smol-benchmark-pointer-analysis/benchmarks/postgresql-9.5.2/libpqwalreceiver.so.bc>:lo_close	2
</home/yz489/egg-smol-benchmark-pointer-analysis/benchmarks/postgresql-9.5.2/libpqwalreceiver.so.bc>:lo_truncate	3
</home/yz489/egg-smol-benchmark-pointer-analysis/benchmarks/postgresql-9.5.2/libpqwalreceiver.so.bc>:lo_truncate64	3
</home/yz489/egg-smol-benchmark-pointer-analysis/benchmarks/postgresql-9.5.2/libpqwalreceiver.so.bc>:lo_read	4
</home/yz489/egg-smol-benchmark-pointer-analysis/benchmarks/postgresql-9.5.2/libpqwalreceiver.so.bc>:lo_write	4
</home/yz489/egg-smol-benchmark-pointer-analysis/benchmarks/postgresql-9.5.2/libpqwalreceiver.so.bc>:lo_lseek	4
</home/yz489/egg-smol-benchmark-pointer-analysis/benchmarks/postgresql-9.5.2/libpqwalreceiver.so.bc>:lo_lseek64	4
</home/yz489/egg-smol-benchmark-pointer-analysis/benchmarks/postgresql-9.5.2/libpqwalreceiver.so.bc>:lo_creat	2
</home/yz489/egg-smol-benchmark-pointer-analysis/benchmarks/postgresql-9.5.2/libpqwalreceiver.so.bc>:lo_create	2
</home/yz489/egg-smol-benchmark-pointer-analysis/benchmarks/postgresql-9.5.2/libpqwalreceiver.so.bc>:lo_tell	2
</home/yz489/egg-smol-benchmark-pointer-analysis/benchmarks/postgresql-9.5.2/libpqwalreceiver.so.bc>:lo_tell64	2
</home/yz489/egg-smol-benchmark-pointer-analysis/benchmarks/postgresql-9.5.2/libpqwalreceiver.so.bc>:lo_unlink	2
</home/yz489/egg-smol-benchmark-pointer-analysis/benchmarks/postgresql-9.5.2/libpqwalreceiver.so.bc>:lo_import	2
</home/yz489/egg-smol-benchmark-pointer-analysis/benchmarks/postgresql-9.5.2/libpqwalreceiver.so.bc>:lo_import_with_oid	3
</home/yz489/egg-smol-benchmark-pointer-analysis/benchmarks/postgresql-9.5.2/libpqwalreceiver.so.bc>:lo_export	3
</home/yz489/egg-smol-benchmark-pointer-analysis/benchmarks/postgresql-9.5.2/libpqwalreceiver.so.bc>:createPQExpBuffer	0
</home/yz489/egg-smol-benchmark-pointer-analysis/benchmarks/postgresql-9.5.2/libpqwalreceiver.so.bc>:initPQExpBuffer	1
</home/yz489/egg-smol-benchmark-pointer-analysis/benchmarks/postgresql-9.5.2/libpqwalreceiver.so.bc>:destroyPQExpBuffer	1
</home/yz489/egg-smol-benchmark-pointer-analysis/benchmarks/postgresql-9.5.2/libpqwalreceiver.so.bc>:termPQExpBuffer	1
</home/yz489/egg-smol-benchmark-pointer-analysis/benchmarks/postgresql-9.5.2/libpqwalreceiver.so.bc>:resetPQExpBuffer	1
</home/yz489/egg-smol-benchmark-pointer-analysis/benchmarks/postgresql-9.5.2/libpqwalreceiver.so.bc>:enlargePQExpBuffer	2
</home/yz489/egg-smol-benchmark-pointer-analysis/benchmarks/postgresql-9.5.2/libpqwalreceiver.so.bc>:printfPQExpBuffer	2
</home/yz489/egg-smol-benchmark-pointer-analysis/benchmarks/postgresql-9.5.2/libpqwalreceiver.so.bc>:appendPQExpBuffer	2
</home/yz489/egg-smol-benchmark-pointer-analysis/benchmarks/postgresql-9.5.2/libpqwalreceiver.so.bc>:appendPQExpBufferStr	2
</home/yz489/egg-smol-benchmark-pointer-analysis/benchmarks/postgresql-9.5.2/libpqwalreceiver.so.bc>:appendBinaryPQExpBuffer	3
</home/yz489/egg-smol-benchmark-pointer-analysis/benchmarks/postgresql-9.5.2/libpqwalreceiver.so.bc>:appendPQExpBufferChar	2
</home/yz489/egg-smol-benchmark-pointer-analysis/benchmarks/postgresql-9.5.2/libpqwalreceiver.so.bc>:PQinitSSL	1
</home/yz489/egg-smol-benchmark-pointer-analysis/benchmarks/postgresql-9.5.2/libpqwalreceiver.so.bc>:PQinitOpenSSL	2
</home/yz489/egg-smol-benchmark-pointer-analysis/benchmarks/postgresql-9.5.2/libpqwalreceiver.so.bc>:PQsslInUse	1
</home/yz489/egg-smol-benchmark-pointer-analysis/benchmarks/postgresql-9.5.2/libpqwalreceiver.so.bc>:PQgetssl	1
</home/yz489/egg-smol-benchmark-pointer-analysis/benchmarks/postgresql-9.5.2/libpqwalreceiver.so.bc>:PQsslStruct	2
</home/yz489/egg-smol-benchmark-pointer-analysis/benchmarks/postgresql-9.5.2/libpqwalreceiver.so.bc>:PQsslAttribute	2
</home/yz489/egg-smol-benchmark-pointer-analysis/benchmarks/postgresql-9.5.2/libpqwalreceiver.so.bc>:PQsslAttributeNames	1
</home/yz489/egg-smol-benchmark-pointer-analysis/benchmarks/postgresql-9.5.2/libpqwalreceiver.so.bc>:PQregisterEventProc	4
</home/yz489/egg-smol-benchmark-pointer-analysis/benchmarks/postgresql-9.5.2/libpqwalreceiver.so.bc>:PQsetInstanceData	3
</home/yz489/egg-smol-benchmark-pointer-analysis/benchmarks/postgresql-9.5.2/libpqwalreceiver.so.bc>:PQinstanceData	2
</home/yz489/egg-smol-benchmark-pointer-analysis/benchmarks/postgresql-9.5.2/libpqwalreceiver.so.bc>:PQresultSetInstanceData	3
</home/yz489/egg-smol-benchmark-pointer-analysis/benchmarks/postgresql-9.5.2/libpqwalreceiver.so.bc>:PQresultInstanceData	2
</home/yz489/egg-smol-benchmark-pointer-analysis/benchmarks/postgresql-9.5.2/libpqwalreceiver.so.bc>:PQfireResultCreateEvents	2
</home/yz489/egg-smol-benchmark-pointer-analysis/benchmarks/postgresql-9.5.2/libpqwalreceiver.so.bc>:pqsignal	2
</home/yz489/egg-smol-benchmark-pointer-analysis/benchmarks/postgresql-9.5.2/libpqwalreceiver.so.bc>:pg_char_to_encoding	1
</home/yz489/egg-smol-benchmark-pointer-analysis/benchmarks/postgresql-9.5.2/libpqwalreceiver.so.bc>:pg_valid_server_encoding	1
</home/yz489/egg-smol-benchmark-pointer-analysis/benchmarks/postgresql-9.5.2/libpqwalreceiver.so.bc>:pg_valid_server_encoding_id	1
</home/yz489/egg-smol-benchmark-pointer-analysis/benchmarks/postgresql-9.5.2/libpqwalreceiver.so.bc>:pg_encoding_to_char	1
</home/yz489/egg-smol-benchmark-pointer-analysis/benchmarks/postgresql-9.5.2/libpqwalreceiver.so.bc>:pg_utf_mblen	1
</home/yz489/egg-smol-benchmark-pointer-analysis/benchmarks/postgresql-9.5.2/libpqwalreceiver.so.bc>:pg_md5_encrypt	4
</home/yz489/egg-smol-benchmark-pointer-analysis/benchmarks/postgresql-9.5.2/libpqwalreceiver.so.bc>:connectDBComplete	1
</home/yz489/egg-smol-benchmark-pointer-analysis/benchmarks/postgresql-9.5.2/libpqwalreceiver.so.bc>:makeEmptyPGconn	0
</home/yz489/egg-smol-benchmark-pointer-analysis/benchmarks/postgresql-9.5.2/libpqwalreceiver.so.bc>:conninfo_array_parse	5
</home/yz489/egg-smol-benchmark-pointer-analysis/benchmarks/postgresql-9.5.2/libpqwalreceiver.so.bc>:fillPGconn	2
</home/yz489/egg-smol-benchmark-pointer-analysis/benchmarks/postgresql-9.5.2/libpqwalreceiver.so.bc>:connectOptions2	1
</home/yz489/egg-smol-benchmark-pointer-analysis/benchmarks/postgresql-9.5.2/libpqwalreceiver.so.bc>:connectDBStart	1
</home/yz489/egg-smol-benchmark-pointer-analysis/benchmarks/postgresql-9.5.2/libpqwalreceiver.so.bc>:internal_ping	1
</home/yz489/egg-smol-benchmark-pointer-analysis/benchmarks/postgresql-9.5.2/libpqwalreceiver.so.bc>:closePGconn	1
</home/yz489/egg-smol-benchmark-pointer-analysis/benchmarks/postgresql-9.5.2/libpqwalreceiver.so.bc>:freePGconn	1
</home/yz489/egg-smol-benchmark-pointer-analysis/benchmarks/postgresql-9.5.2/libpqwalreceiver.so.bc>:connectOptions1	2
</home/yz489/egg-smol-benchmark-pointer-analysis/benchmarks/postgresql-9.5.2/libpqwalreceiver.so.bc>:conninfo_init	1
</home/yz489/egg-smol-benchmark-pointer-analysis/benchmarks/postgresql-9.5.2/libpqwalreceiver.so.bc>:conninfo_add_defaults	2
</home/yz489/egg-smol-benchmark-pointer-analysis/benchmarks/postgresql-9.5.2/libpqwalreceiver.so.bc>:recognized_connection_string	1
</home/yz489/egg-smol-benchmark-pointer-analysis/benchmarks/postgresql-9.5.2/libpqwalreceiver.so.bc>:pqReadData	1
</home/yz489/egg-smol-benchmark-pointer-analysis/benchmarks/postgresql-9.5.2/libpqwalreceiver.so.bc>:pqStrerror	3
</home/yz489/egg-smol-benchmark-pointer-analysis/benchmarks/postgresql-9.5.2/libpqwalreceiver.so.bc>:connectNoDelay	1
</home/yz489/egg-smol-benchmark-pointer-analysis/benchmarks/postgresql-9.5.2/libpqwalreceiver.so.bc>:pqDropConnection	2
</home/yz489/egg-smol-benchmark-pointer-analysis/benchmarks/postgresql-9.5.2/libpqwalreceiver.so.bc>:pg_set_noblock	1
</home/yz489/egg-smol-benchmark-pointer-analysis/benchmarks/postgresql-9.5.2/libpqwalreceiver.so.bc>:useKeepalives	1
</home/yz489/egg-smol-benchmark-pointer-analysis/benchmarks/postgresql-9.5.2/libpqwalreceiver.so.bc>:setKeepalivesIdle	1
</home/yz489/egg-smol-benchmark-pointer-analysis/benchmarks/postgresql-9.5.2/libpqwalreceiver.so.bc>:setKeepalivesInterval	1
</home/yz489/egg-smol-benchmark-pointer-analysis/benchmarks/postgresql-9.5.2/libpqwalreceiver.so.bc>:setKeepalivesCount	1
</home/yz489/egg-smol-benchmark-pointer-analysis/benchmarks/postgresql-9.5.2/libpqwalreceiver.so.bc>:connectFailureMessage	2
</home/yz489/egg-smol-benchmark-pointer-analysis/benchmarks/postgresql-9.5.2/libpqwalreceiver.so.bc>:getpeereid	3
</home/yz489/egg-smol-benchmark-pointer-analysis/benchmarks/postgresql-9.5.2/libpqwalreceiver.so.bc>:pqGetpwuid	5
</home/yz489/egg-smol-benchmark-pointer-analysis/benchmarks/postgresql-9.5.2/libpqwalreceiver.so.bc>:pqBuildStartupPacket3	3
</home/yz489/egg-smol-benchmark-pointer-analysis/benchmarks/postgresql-9.5.2/libpqwalreceiver.so.bc>:pqBuildStartupPacket2	3
</home/yz489/egg-smol-benchmark-pointer-analysis/benchmarks/postgresql-9.5.2/libpqwalreceiver.so.bc>:pqPacketSend	4
</home/yz489/egg-smol-benchmark-pointer-analysis/benchmarks/postgresql-9.5.2/libpqwalreceiver.so.bc>:pqGetc	2
</home/yz489/egg-smol-benchmark-pointer-analysis/benchmarks/postgresql-9.5.2/libpqwalreceiver.so.bc>:pqGetInt	3
</home/yz489/egg-smol-benchmark-pointer-analysis/benchmarks/postgresql-9.5.2/libpqwalreceiver.so.bc>:pqGets_append	2
</home/yz489/egg-smol-benchmark-pointer-analysis/benchmarks/postgresql-9.5.2/libpqwalreceiver.so.bc>:pqCheckInBufferSpace	2
</home/yz489/egg-smol-benchmark-pointer-analysis/benchmarks/postgresql-9.5.2/libpqwalreceiver.so.bc>:pqGetErrorNotice3	2
</home/yz489/egg-smol-benchmark-pointer-analysis/benchmarks/postgresql-9.5.2/libpqwalreceiver.so.bc>:pqGetnchar	3
</home/yz489/egg-smol-benchmark-pointer-analysis/benchmarks/postgresql-9.5.2/libpqwalreceiver.so.bc>:pg_fe_sendauth	2
</home/yz489/egg-smol-benchmark-pointer-analysis/benchmarks/postgresql-9.5.2/libpqwalreceiver.so.bc>:pqFlush	1
</home/yz489/egg-smol-benchmark-pointer-analysis/benchmarks/postgresql-9.5.2/libpqwalreceiver.so.bc>:pg_freeaddrinfo_all	2
</home/yz489/egg-smol-benchmark-pointer-analysis/benchmarks/postgresql-9.5.2/libpqwalreceiver.so.bc>:pqSetenvPoll	1
</home/yz489/egg-smol-benchmark-pointer-analysis/benchmarks/postgresql-9.5.2/libpqwalreceiver.so.bc>:dot_pg_pass_warning	1
</home/yz489/egg-smol-benchmark-pointer-analysis/benchmarks/postgresql-9.5.2/libpqwalreceiver.so.bc>:strlcpy	3
</home/yz489/egg-smol-benchmark-pointer-analysis/benchmarks/postgresql-9.5.2/libpqwalreceiver.so.bc>:internal_cancel	5
</home/yz489/egg-smol-benchmark-pointer-analysis/benchmarks/postgresql-9.5.2/libpqwalreceiver.so.bc>:parse_connection_string	3
</home/yz489/egg-smol-benchmark-pointer-analysis/benchmarks/postgresql-9.5.2/libpqwalreceiver.so.bc>:conninfo_storeval	6
</home/yz489/egg-smol-benchmark-pointer-analysis/benchmarks/postgresql-9.5.2/libpqwalreceiver.so.bc>:pg_get_encoding_from_locale	2
</home/yz489/egg-smol-benchmark-pointer-analysis/benchmarks/postgresql-9.5.2/libpqwalreceiver.so.bc>:pqSaveParameterStatus	3
</home/yz489/egg-smol-benchmark-pointer-analysis/benchmarks/postgresql-9.5.2/libpqwalreceiver.so.bc>:default_threadlock	1
</home/yz489/egg-smol-benchmark-pointer-analysis/benchmarks/postgresql-9.5.2/libpqwalreceiver.so.bc>:pqSetResultError	2
</home/yz489/egg-smol-benchmark-pointer-analysis/benchmarks/postgresql-9.5.2/libpqwalreceiver.so.bc>:dupEvents	2
</home/yz489/egg-smol-benchmark-pointer-analysis/benchmarks/postgresql-9.5.2/libpqwalreceiver.so.bc>:pqResultStrdup	2
</home/yz489/egg-smol-benchmark-pointer-analysis/benchmarks/postgresql-9.5.2/libpqwalreceiver.so.bc>:pqResultAlloc	3
</home/yz489/egg-smol-benchmark-pointer-analysis/benchmarks/postgresql-9.5.2/libpqwalreceiver.so.bc>:check_field_number	2
</home/yz489/egg-smol-benchmark-pointer-analysis/benchmarks/postgresql-9.5.2/libpqwalreceiver.so.bc>:pqAddTuple	2
</home/yz489/egg-smol-benchmark-pointer-analysis/benchmarks/postgresql-9.5.2/libpqwalreceiver.so.bc>:PQsendQueryStart	1
</home/yz489/egg-smol-benchmark-pointer-analysis/benchmarks/postgresql-9.5.2/libpqwalreceiver.so.bc>:pqPutMsgStart	3
</home/yz489/egg-smol-benchmark-pointer-analysis/benchmarks/postgresql-9.5.2/libpqwalreceiver.so.bc>:pqPuts	2
</home/yz489/egg-smol-benchmark-pointer-analysis/benchmarks/postgresql-9.5.2/libpqwalreceiver.so.bc>:pqPutMsgEnd	1
</home/yz489/egg-smol-benchmark-pointer-analysis/benchmarks/postgresql-9.5.2/libpqwalreceiver.so.bc>:pqHandleSendFailure	1
</home/yz489/egg-smol-benchmark-pointer-analysis/benchmarks/postgresql-9.5.2/libpqwalreceiver.so.bc>:PQsendQueryGuts	9
</home/yz489/egg-smol-benchmark-pointer-analysis/benchmarks/postgresql-9.5.2/libpqwalreceiver.so.bc>:pqPutInt	3
</home/yz489/egg-smol-benchmark-pointer-analysis/benchmarks/postgresql-9.5.2/libpqwalreceiver.so.bc>:parseInput	1
</home/yz489/egg-smol-benchmark-pointer-analysis/benchmarks/postgresql-9.5.2/libpqwalreceiver.so.bc>:pqWait	3
</home/yz489/egg-smol-benchmark-pointer-analysis/benchmarks/postgresql-9.5.2/libpqwalreceiver.so.bc>:pqSaveErrorResult	1
</home/yz489/egg-smol-benchmark-pointer-analysis/benchmarks/postgresql-9.5.2/libpqwalreceiver.so.bc>:pqPrepareAsyncResult	1
</home/yz489/egg-smol-benchmark-pointer-analysis/benchmarks/postgresql-9.5.2/libpqwalreceiver.so.bc>:getCopyResult	2
</home/yz489/egg-smol-benchmark-pointer-analysis/benchmarks/postgresql-9.5.2/libpqwalreceiver.so.bc>:PQexecStart	1
</home/yz489/egg-smol-benchmark-pointer-analysis/benchmarks/postgresql-9.5.2/libpqwalreceiver.so.bc>:PQexecFinish	1
</home/yz489/egg-smol-benchmark-pointer-analysis/benchmarks/postgresql-9.5.2/libpqwalreceiver.so.bc>:PQsendDescribe	3
</home/yz489/egg-smol-benchmark-pointer-analysis/benchmarks/postgresql-9.5.2/libpqwalreceiver.so.bc>:pqCheckOutBufferSpace	2
</home/yz489/egg-smol-benchmark-pointer-analysis/benchmarks/postgresql-9.5.2/libpqwalreceiver.so.bc>:pqPutnchar	3
</home/yz489/egg-smol-benchmark-pointer-analysis/benchmarks/postgresql-9.5.2/libpqwalreceiver.so.bc>:pqGetCopyData3	3
</home/yz489/egg-smol-benchmark-pointer-analysis/benchmarks/postgresql-9.5.2/libpqwalreceiver.so.bc>:pqGetCopyData2	3
</home/yz489/egg-smol-benchmark-pointer-analysis/benchmarks/postgresql-9.5.2/libpqwalreceiver.so.bc>:pqGetline3	3
</home/yz489/egg-smol-benchmark-pointer-analysis/benchmarks/postgresql-9.5.2/libpqwalreceiver.so.bc>:pqGetline2	3
</home/yz489/egg-smol-benchmark-pointer-analysis/benchmarks/postgresql-9.5.2/libpqwalreceiver.so.bc>:pqGetlineAsync3	3
</home/yz489/egg-smol-benchmark-pointer-analysis/benchmarks/postgresql-9.5.2/libpqwalreceiver.so.bc>:pqGetlineAsync2	3
</home/yz489/egg-smol-benchmark-pointer-analysis/benchmarks/postgresql-9.5.2/libpqwalreceiver.so.bc>:pqEndcopy3	1
</home/yz489/egg-smol-benchmark-pointer-analysis/benchmarks/postgresql-9.5.2/libpqwalreceiver.so.bc>:pqEndcopy2	1
</home/yz489/egg-smol-benchmark-pointer-analysis/benchmarks/postgresql-9.5.2/libpqwalreceiver.so.bc>:pqFunctionCall3	7
</home/yz489/egg-smol-benchmark-pointer-analysis/benchmarks/postgresql-9.5.2/libpqwalreceiver.so.bc>:pqFunctionCall2	7
</home/yz489/egg-smol-benchmark-pointer-analysis/benchmarks/postgresql-9.5.2/libpqwalreceiver.so.bc>:pg_tolower	1
</home/yz489/egg-smol-benchmark-pointer-analysis/benchmarks/postgresql-9.5.2/libpqwalreceiver.so.bc>:pqInternalNotice	2
</home/yz489/egg-smol-benchmark-pointer-analysis/benchmarks/postgresql-9.5.2/libpqwalreceiver.so.bc>:check_tuple_field_number	3
</home/yz489/egg-smol-benchmark-pointer-analysis/benchmarks/postgresql-9.5.2/libpqwalreceiver.so.bc>:check_param_number	2
</home/yz489/egg-smol-benchmark-pointer-analysis/benchmarks/postgresql-9.5.2/libpqwalreceiver.so.bc>:PQescapeStringInternal	7
</home/yz489/egg-smol-benchmark-pointer-analysis/benchmarks/postgresql-9.5.2/libpqwalreceiver.so.bc>:PQescapeInternal	4
</home/yz489/egg-smol-benchmark-pointer-analysis/benchmarks/postgresql-9.5.2/libpqwalreceiver.so.bc>:PQescapeByteaInternal	6
</home/yz489/egg-smol-benchmark-pointer-analysis/benchmarks/postgresql-9.5.2/libpqwalreceiver.so.bc>:get_hex	1
</home/yz489/egg-smol-benchmark-pointer-analysis/benchmarks/postgresql-9.5.2/libpqwalreceiver.so.bc>:pg_encoding_mblen	2
</home/yz489/egg-smol-benchmark-pointer-analysis/benchmarks/postgresql-9.5.2/libpqwalreceiver.so.bc>:pg_encoding_dsplen	2
</home/yz489/egg-smol-benchmark-pointer-analysis/benchmarks/postgresql-9.5.2/libpqwalreceiver.so.bc>:pq_block_sigpipe	2
</home/yz489/egg-smol-benchmark-pointer-analysis/benchmarks/postgresql-9.5.2/libpqwalreceiver.so.bc>:do_field	12
</home/yz489/egg-smol-benchmark-pointer-analysis/benchmarks/postgresql-9.5.2/libpqwalreceiver.so.bc>:do_header	8
</home/yz489/egg-smol-benchmark-pointer-analysis/benchmarks/postgresql-9.5.2/libpqwalreceiver.so.bc>:output_row	8
</home/yz489/egg-smol-benchmark-pointer-analysis/benchmarks/postgresql-9.5.2/libpqwalreceiver.so.bc>:pq_reset_sigpipe	3
</home/yz489/egg-smol-benchmark-pointer-analysis/benchmarks/postgresql-9.5.2/libpqwalreceiver.so.bc>:fill	4
</home/yz489/egg-smol-benchmark-pointer-analysis/benchmarks/postgresql-9.5.2/libpqwalreceiver.so.bc>:lo_initialize	1
</home/yz489/egg-smol-benchmark-pointer-analysis/benchmarks/postgresql-9.5.2/libpqwalreceiver.so.bc>:lo_hton64	1
</home/yz489/egg-smol-benchmark-pointer-analysis/benchmarks/postgresql-9.5.2/libpqwalreceiver.so.bc>:lo_ntoh64	1
</home/yz489/egg-smol-benchmark-pointer-analysis/benchmarks/postgresql-9.5.2/libpqwalreceiver.so.bc>:lo_import_internal	3
</home/yz489/egg-smol-benchmark-pointer-analysis/benchmarks/postgresql-9.5.2/libpqwalreceiver.so.bc>:markPQExpBufferBroken	1
</home/yz489/egg-smol-benchmark-pointer-analysis/benchmarks/postgresql-9.5.2/libpqwalreceiver.so.bc>:appendPQExpBufferVA	3
</home/yz489/egg-smol-benchmark-pointer-analysis/benchmarks/postgresql-9.5.2/libpqwalreceiver.so.bc>:clean_encoding_name	2
</home/yz489/egg-smol-benchmark-pointer-analysis/benchmarks/postgresql-9.5.2/libpqwalreceiver.so.bc>:pg_ascii2wchar_with_len	3
</home/yz489/egg-smol-benchmark-pointer-analysis/benchmarks/postgresql-9.5.2/libpqwalreceiver.so.bc>:pg_wchar2single_with_len	3
</home/yz489/egg-smol-benchmark-pointer-analysis/benchmarks/postgresql-9.5.2/libpqwalreceiver.so.bc>:pg_ascii_mblen	1
</home/yz489/egg-smol-benchmark-pointer-analysis/benchmarks/postgresql-9.5.2/libpqwalreceiver.so.bc>:pg_ascii_dsplen	1
</home/yz489/egg-smol-benchmark-pointer-analysis/benchmarks/postgresql-9.5.2/libpqwalreceiver.so.bc>:pg_ascii_verifier	2
</home/yz489/egg-smol-benchmark-pointer-analysis/benchmarks/postgresql-9.5.2/libpqwalreceiver.so.bc>:pg_eucjp2wchar_with_len	3
</home/yz489/egg-smol-benchmark-pointer-analysis/benchmarks/postgresql-9.5.2/libpqwalreceiver.so.bc>:pg_wchar2euc_with_len	3
</home/yz489/egg-smol-benchmark-pointer-analysis/benchmarks/postgresql-9.5.2/libpqwalreceiver.so.bc>:pg_eucjp_mblen	1
</home/yz489/egg-smol-benchmark-pointer-analysis/benchmarks/postgresql-9.5.2/libpqwalreceiver.so.bc>:pg_eucjp_dsplen	1
</home/yz489/egg-smol-benchmark-pointer-analysis/benchmarks/postgresql-9.5.2/libpqwalreceiver.so.bc>:pg_eucjp_verifier	2
</home/yz489/egg-smol-benchmark-pointer-analysis/benchmarks/postgresql-9.5.2/libpqwalreceiver.so.bc>:pg_euccn2wchar_with_len	3
</home/yz489/egg-smol-benchmark-pointer-analysis/benchmarks/postgresql-9.5.2/libpqwalreceiver.so.bc>:pg_euccn_mblen	1
</home/yz489/egg-smol-benchmark-pointer-analysis/benchmarks/postgresql-9.5.2/libpqwalreceiver.so.bc>:pg_euccn_dsplen	1
</home/yz489/egg-smol-benchmark-pointer-analysis/benchmarks/postgresql-9.5.2/libpqwalreceiver.so.bc>:pg_euckr_verifier	2
</home/yz489/egg-smol-benchmark-pointer-analysis/benchmarks/postgresql-9.5.2/libpqwalreceiver.so.bc>:pg_euckr2wchar_with_len	3
</home/yz489/egg-smol-benchmark-pointer-analysis/benchmarks/postgresql-9.5.2/libpqwalreceiver.so.bc>:pg_euckr_mblen	1
</home/yz489/egg-smol-benchmark-pointer-analysis/benchmarks/postgresql-9.5.2/libpqwalreceiver.so.bc>:pg_euckr_dsplen	1
</home/yz489/egg-smol-benchmark-pointer-analysis/benchmarks/postgresql-9.5.2/libpqwalreceiver.so.bc>:pg_euctw2wchar_with_len	3
</home/yz489/egg-smol-benchmark-pointer-analysis/benchmarks/postgresql-9.5.2/libpqwalreceiver.so.bc>:pg_euctw_mblen	1
</home/yz489/egg-smol-benchmark-pointer-analysis/benchmarks/postgresql-9.5.2/libpqwalreceiver.so.bc>:pg_euctw_dsplen	1
</home/yz489/egg-smol-benchmark-pointer-analysis/benchmarks/postgresql-9.5.2/libpqwalreceiver.so.bc>:pg_euctw_verifier	2
</home/yz489/egg-smol-benchmark-pointer-analysis/benchmarks/postgresql-9.5.2/libpqwalreceiver.so.bc>:pg_utf2wchar_with_len	3
</home/yz489/egg-smol-benchmark-pointer-analysis/benchmarks/postgresql-9.5.2/libpqwalreceiver.so.bc>:pg_wchar2utf_with_len	3
</home/yz489/egg-smol-benchmark-pointer-analysis/benchmarks/postgresql-9.5.2/libpqwalreceiver.so.bc>:pg_utf_dsplen	1
</home/yz489/egg-smol-benchmark-pointer-analysis/benchmarks/postgresql-9.5.2/libpqwalreceiver.so.bc>:pg_utf8_verifier	2
</home/yz489/egg-smol-benchmark-pointer-analysis/benchmarks/postgresql-9.5.2/libpqwalreceiver.so.bc>:pg_mule2wchar_with_len	3
</home/yz489/egg-smol-benchmark-pointer-analysis/benchmarks/postgresql-9.5.2/libpqwalreceiver.so.bc>:pg_wchar2mule_with_len	3
</home/yz489/egg-smol-benchmark-pointer-analysis/benchmarks/postgresql-9.5.2/libpqwalreceiver.so.bc>:pg_mule_mblen	1
</home/yz489/egg-smol-benchmark-pointer-analysis/benchmarks/postgresql-9.5.2/libpqwalreceiver.so.bc>:pg_mule_dsplen	1
</home/yz489/egg-smol-benchmark-pointer-analysis/benchmarks/postgresql-9.5.2/libpqwalreceiver.so.bc>:pg_mule_verifier	2
</home/yz489/egg-smol-benchmark-pointer-analysis/benchmarks/postgresql-9.5.2/libpqwalreceiver.so.bc>:pg_latin12wchar_with_len	3
</home/yz489/egg-smol-benchmark-pointer-analysis/benchmarks/postgresql-9.5.2/libpqwalreceiver.so.bc>:pg_latin1_mblen	1
</home/yz489/egg-smol-benchmark-pointer-analysis/benchmarks/postgresql-9.5.2/libpqwalreceiver.so.bc>:pg_latin1_dsplen	1
</home/yz489/egg-smol-benchmark-pointer-analysis/benchmarks/postgresql-9.5.2/libpqwalreceiver.so.bc>:pg_latin1_verifier	2
</home/yz489/egg-smol-benchmark-pointer-analysis/benchmarks/postgresql-9.5.2/libpqwalreceiver.so.bc>:pg_sjis_mblen	1
</home/yz489/egg-smol-benchmark-pointer-analysis/benchmarks/postgresql-9.5.2/libpqwalreceiver.so.bc>:pg_sjis_dsplen	1
</home/yz489/egg-smol-benchmark-pointer-analysis/benchmarks/postgresql-9.5.2/libpqwalreceiver.so.bc>:pg_sjis_verifier	2
</home/yz489/egg-smol-benchmark-pointer-analysis/benchmarks/postgresql-9.5.2/libpqwalreceiver.so.bc>:pg_big5_mblen	1
</home/yz489/egg-smol-benchmark-pointer-analysis/benchmarks/postgresql-9.5.2/libpqwalreceiver.so.bc>:pg_big5_dsplen	1
</home/yz489/egg-smol-benchmark-pointer-analysis/benchmarks/postgresql-9.5.2/libpqwalreceiver.so.bc>:pg_big5_verifier	2
</home/yz489/egg-smol-benchmark-pointer-analysis/benchmarks/postgresql-9.5.2/libpqwalreceiver.so.bc>:pg_gbk_mblen	1
</home/yz489/egg-smol-benchmark-pointer-analysis/benchmarks/postgresql-9.5.2/libpqwalreceiver.so.bc>:pg_gbk_dsplen	1
</home/yz489/egg-smol-benchmark-pointer-analysis/benchmarks/postgresql-9.5.2/libpqwalreceiver.so.bc>:pg_gbk_verifier	2
</home/yz489/egg-smol-benchmark-pointer-analysis/benchmarks/postgresql-9.5.2/libpqwalreceiver.so.bc>:pg_uhc_mblen	1
</home/yz489/egg-smol-benchmark-pointer-analysis/benchmarks/postgresql-9.5.2/libpqwalreceiver.so.bc>:pg_uhc_dsplen	1
</home/yz489/egg-smol-benchmark-pointer-analysis/benchmarks/postgresql-9.5.2/libpqwalreceiver.so.bc>:pg_uhc_verifier	2
</home/yz489/egg-smol-benchmark-pointer-analysis/benchmarks/postgresql-9.5.2/libpqwalreceiver.so.bc>:pg_gb18030_mblen	1
</home/yz489/egg-smol-benchmark-pointer-analysis/benchmarks/postgresql-9.5.2/libpqwalreceiver.so.bc>:pg_gb18030_dsplen	1
</home/yz489/egg-smol-benchmark-pointer-analysis/benchmarks/postgresql-9.5.2/libpqwalreceiver.so.bc>:pg_gb18030_verifier	2
</home/yz489/egg-smol-benchmark-pointer-analysis/benchmarks/postgresql-9.5.2/libpqwalreceiver.so.bc>:pg_johab_mblen	1
</home/yz489/egg-smol-benchmark-pointer-analysis/benchmarks/postgresql-9.5.2/libpqwalreceiver.so.bc>:pg_johab_dsplen	1
</home/yz489/egg-smol-benchmark-pointer-analysis/benchmarks/postgresql-9.5.2/libpqwalreceiver.so.bc>:pg_johab_verifier	2
</home/yz489/egg-smol-benchmark-pointer-analysis/benchmarks/postgresql-9.5.2/libpqwalreceiver.so.bc>:pg_euc_dsplen	1
</home/yz489/egg-smol-benchmark-pointer-analysis/benchmarks/postgresql-9.5.2/libpqwalreceiver.so.bc>:pg_euc_mblen	1
</home/yz489/egg-smol-benchmark-pointer-analysis/benchmarks/postgresql-9.5.2/libpqwalreceiver.so.bc>:pg_utf8_islegal	2
</home/yz489/egg-smol-benchmark-pointer-analysis/benchmarks/postgresql-9.5.2/libpqwalreceiver.so.bc>:utf8_to_unicode	1
</home/yz489/egg-smol-benchmark-pointer-analysis/benchmarks/postgresql-9.5.2/libpqwalreceiver.so.bc>:ucs_wcwidth	1
</home/yz489/egg-smol-benchmark-pointer-analysis/benchmarks/postgresql-9.5.2/libpqwalreceiver.so.bc>:mbbisearch	3
</home/yz489/egg-smol-benchmark-pointer-analysis/benchmarks/postgresql-9.5.2/libpqwalreceiver.so.bc>:unicode_to_utf8	2
</home/yz489/egg-smol-benchmark-pointer-analysis/benchmarks/postgresql-9.5.2/libpqwalreceiver.so.bc>:pg_euc2wchar_with_len	3
</home/yz489/egg-smol-benchmark-pointer-analysis/benchmarks/postgresql-9.5.2/libpqwalreceiver.so.bc>:pqSaveMessageField	3
</home/yz489/egg-smol-benchmark-pointer-analysis/benchmarks/postgresql-9.5.2/libpqwalreceiver.so.bc>:pqGetErrorNotice2	2
</home/yz489/egg-smol-benchmark-pointer-analysis/benchmarks/postgresql-9.5.2/libpqwalreceiver.so.bc>:getNotify	1
</home/yz489/egg-smol-benchmark-pointer-analysis/benchmarks/postgresql-9.5.2/libpqwalreceiver.so.bc>:pqGets	2
</home/yz489/egg-smol-benchmark-pointer-analysis/benchmarks/postgresql-9.5.2/libpqwalreceiver.so.bc>:pqGets_internal	3
</home/yz489/egg-smol-benchmark-pointer-analysis/benchmarks/postgresql-9.5.2/libpqwalreceiver.so.bc>:pqClearAsyncResult	1
</home/yz489/egg-smol-benchmark-pointer-analysis/benchmarks/postgresql-9.5.2/libpqwalreceiver.so.bc>:handleSyncLoss	3
</home/yz489/egg-smol-benchmark-pointer-analysis/benchmarks/postgresql-9.5.2/libpqwalreceiver.so.bc>:getNotify.395	1
</home/yz489/egg-smol-benchmark-pointer-analysis/benchmarks/postgresql-9.5.2/libpqwalreceiver.so.bc>:getReadyForQuery	1
</home/yz489/egg-smol-benchmark-pointer-analysis/benchmarks/postgresql-9.5.2/libpqwalreceiver.so.bc>:getParameterStatus	1
</home/yz489/egg-smol-benchmark-pointer-analysis/benchmarks/postgresql-9.5.2/libpqwalreceiver.so.bc>:getCopyDataMessage	1
</home/yz489/egg-smol-benchmark-pointer-analysis/benchmarks/postgresql-9.5.2/libpqwalreceiver.so.bc>:pqPutMsgBytes	3
</home/yz489/egg-smol-benchmark-pointer-analysis/benchmarks/postgresql-9.5.2/libpqwalreceiver.so.bc>:fputnbytes	3
</home/yz489/egg-smol-benchmark-pointer-analysis/benchmarks/postgresql-9.5.2/libpqwalreceiver.so.bc>:pqPutc	2
</home/yz489/egg-smol-benchmark-pointer-analysis/benchmarks/postgresql-9.5.2/libpqwalreceiver.so.bc>:pqCatenateResultError	2
</home/yz489/egg-smol-benchmark-pointer-analysis/benchmarks/postgresql-9.5.2/libpqwalreceiver.so.bc>:pqWaitTimed	4
</home/yz489/egg-smol-benchmark-pointer-analysis/benchmarks/postgresql-9.5.2/libpqwalreceiver.so.bc>:pqSocketCheck	4
</home/yz489/egg-smol-benchmark-pointer-analysis/benchmarks/postgresql-9.5.2/libpqwalreceiver.so.bc>:pqSocketPoll	4
</home/yz489/egg-smol-benchmark-pointer-analysis/benchmarks/postgresql-9.5.2/libpqwalreceiver.so.bc>:pqParseInput3	1
</home/yz489/egg-smol-benchmark-pointer-analysis/benchmarks/postgresql-9.5.2/libpqwalreceiver.so.bc>:pqParseInput2	1
</home/yz489/egg-smol-benchmark-pointer-analysis/benchmarks/postgresql-9.5.2/libpqwalreceiver.so.bc>:checkXactStatus	2
</home/yz489/egg-smol-benchmark-pointer-analysis/benchmarks/postgresql-9.5.2/libpqwalreceiver.so.bc>:getRowDescriptions	1
</home/yz489/egg-smol-benchmark-pointer-analysis/benchmarks/postgresql-9.5.2/libpqwalreceiver.so.bc>:getAnotherTuple	2
</home/yz489/egg-smol-benchmark-pointer-analysis/benchmarks/postgresql-9.5.2/libpqwalreceiver.so.bc>:pqSkipnchar	2
</home/yz489/egg-smol-benchmark-pointer-analysis/benchmarks/postgresql-9.5.2/libpqwalreceiver.so.bc>:pqRowProcessor	2
</home/yz489/egg-smol-benchmark-pointer-analysis/benchmarks/postgresql-9.5.2/libpqwalreceiver.so.bc>:getRowDescriptions.398	2
</home/yz489/egg-smol-benchmark-pointer-analysis/benchmarks/postgresql-9.5.2/libpqwalreceiver.so.bc>:getParamDescriptions	2
</home/yz489/egg-smol-benchmark-pointer-analysis/benchmarks/postgresql-9.5.2/libpqwalreceiver.so.bc>:getAnotherTuple.399	2
</home/yz489/egg-smol-benchmark-pointer-analysis/benchmarks/postgresql-9.5.2/libpqwalreceiver.so.bc>:getCopyStart	2
</home/yz489/egg-smol-benchmark-pointer-analysis/benchmarks/postgresql-9.5.2/libpqwalreceiver.so.bc>:pqSendSome	2
</home/yz489/egg-smol-benchmark-pointer-analysis/benchmarks/postgresql-9.5.2/libpqwalreceiver.so.bc>:pqsecure_write	3
</home/yz489/egg-smol-benchmark-pointer-analysis/benchmarks/postgresql-9.5.2/libpqwalreceiver.so.bc>:pqsecure_raw_write	3
</home/yz489/egg-smol-benchmark-pointer-analysis/benchmarks/postgresql-9.5.2/libpqwalreceiver.so.bc>:pg_strcasecmp	2
</home/yz489/egg-smol-benchmark-pointer-analysis/benchmarks/postgresql-9.5.2/libpqwalreceiver.so.bc>:conninfo_find	2
</home/yz489/egg-smol-benchmark-pointer-analysis/benchmarks/postgresql-9.5.2/libpqwalreceiver.so.bc>:conninfo_uri_decode	2
</home/yz489/egg-smol-benchmark-pointer-analysis/benchmarks/postgresql-9.5.2/libpqwalreceiver.so.bc>:get_hexdigit	2
</home/yz489/egg-smol-benchmark-pointer-analysis/benchmarks/postgresql-9.5.2/libpqwalreceiver.so.bc>:uri_prefix_length	1
</home/yz489/egg-smol-benchmark-pointer-analysis/benchmarks/postgresql-9.5.2/libpqwalreceiver.so.bc>:conninfo_uri_parse	3
</home/yz489/egg-smol-benchmark-pointer-analysis/benchmarks/postgresql-9.5.2/libpqwalreceiver.so.bc>:conninfo_parse	3
</home/yz489/egg-smol-benchmark-pointer-analysis/benchmarks/postgresql-9.5.2/libpqwalreceiver.so.bc>:conninfo_uri_parse_options	3
</home/yz489/egg-smol-benchmark-pointer-analysis/benchmarks/postgresql-9.5.2/libpqwalreceiver.so.bc>:conninfo_uri_parse_params	3
</home/yz489/egg-smol-benchmark-pointer-analysis/benchmarks/postgresql-9.5.2/libpqwalreceiver.so.bc>:getPgPassFilename	1
</home/yz489/egg-smol-benchmark-pointer-analysis/benchmarks/postgresql-9.5.2/libpqwalreceiver.so.bc>:pqGetHomeDirectory	2
</home/yz489/egg-smol-benchmark-pointer-analysis/benchmarks/postgresql-9.5.2/libpqwalreceiver.so.bc>:pg_password_sendauth	3
</home/yz489/egg-smol-benchmark-pointer-analysis/benchmarks/postgresql-9.5.2/libpqwalreceiver.so.bc>:pg_local_sendauth	1
</home/yz489/egg-smol-benchmark-pointer-analysis/benchmarks/postgresql-9.5.2/libpqwalreceiver.so.bc>:reportErrorPosition	4
</home/yz489/egg-smol-benchmark-pointer-analysis/benchmarks/postgresql-9.5.2/libpqwalreceiver.so.bc>:pg_encoding_max_length	1
</home/yz489/egg-smol-benchmark-pointer-analysis/benchmarks/postgresql-9.5.2/libpqwalreceiver.so.bc>:build_startup_packet	3
</home/yz489/egg-smol-benchmark-pointer-analysis/benchmarks/postgresql-9.5.2/libpqwalreceiver.so.bc>:pg_getnameinfo_all	7
</home/yz489/egg-smol-benchmark-pointer-analysis/benchmarks/postgresql-9.5.2/libpqwalreceiver.so.bc>:inet_net_ntop	5
</home/yz489/egg-smol-benchmark-pointer-analysis/benchmarks/postgresql-9.5.2/libpqwalreceiver.so.bc>:inet_net_ntop_ipv4	4
</home/yz489/egg-smol-benchmark-pointer-analysis/benchmarks/postgresql-9.5.2/libpqwalreceiver.so.bc>:inet_net_ntop_ipv6	4
</home/yz489/egg-smol-benchmark-pointer-analysis/benchmarks/postgresql-9.5.2/libpqwalreceiver.so.bc>:decoct	4
</home/yz489/egg-smol-benchmark-pointer-analysis/benchmarks/postgresql-9.5.2/libpqwalreceiver.so.bc>:getnameinfo_unix	7
</home/yz489/egg-smol-benchmark-pointer-analysis/benchmarks/postgresql-9.5.2/libpqwalreceiver.so.bc>:pqsecure_close	1
</home/yz489/egg-smol-benchmark-pointer-analysis/benchmarks/postgresql-9.5.2/libpqwalreceiver.so.bc>:pqsecure_read	3
</home/yz489/egg-smol-benchmark-pointer-analysis/benchmarks/postgresql-9.5.2/libpqwalreceiver.so.bc>:pqReadReady	1
</home/yz489/egg-smol-benchmark-pointer-analysis/benchmarks/postgresql-9.5.2/libpqwalreceiver.so.bc>:pqsecure_raw_read	3
</home/yz489/egg-smol-benchmark-pointer-analysis/benchmarks/postgresql-9.5.2/libpqwalreceiver.so.bc>:parseServiceInfo	2
</home/yz489/egg-smol-benchmark-pointer-analysis/benchmarks/postgresql-9.5.2/libpqwalreceiver.so.bc>:pg_fe_getauthname	1
</home/yz489/egg-smol-benchmark-pointer-analysis/benchmarks/postgresql-9.5.2/libpqwalreceiver.so.bc>:conninfo_getval	2
</home/yz489/egg-smol-benchmark-pointer-analysis/benchmarks/postgresql-9.5.2/libpqwalreceiver.so.bc>:parseServiceFile	5
</home/yz489/egg-smol-benchmark-pointer-analysis/benchmarks/postgresql-9.5.2/libpqwalreceiver.so.bc>:pg_getaddrinfo_all	4
</home/yz489/egg-smol-benchmark-pointer-analysis/benchmarks/postgresql-9.5.2/libpqwalreceiver.so.bc>:getaddrinfo_unix	3
</home/yz489/egg-smol-benchmark-pointer-analysis/benchmarks/postgresql-9.5.2/libpqwalreceiver.so.bc>:PasswordFromFile	4
</home/yz489/egg-smol-benchmark-pointer-analysis/benchmarks/postgresql-9.5.2/libpqwalreceiver.so.bc>:pwdfMatchesString	2
</home/yz489/egg-smol-benchmark-pointer-analysis/benchmarks/postgresql-9.5.2/libpqwalreceiver.so.bc>:defaultNoticeReceiver	2
</home/yz489/egg-smol-benchmark-pointer-analysis/benchmarks/postgresql-9.5.2/libpqwalreceiver.so.bc>:defaultNoticeProcessor	2
</home/yz489/egg-smol-benchmark-pointer-analysis/benchmarks/postgresql-9.5.2/libpqwalreceiver.so.bc>:pg_md5_hash	3
</home/yz489/egg-smol-benchmark-pointer-analysis/benchmarks/postgresql-9.5.2/libpqwalreceiver.so.bc>:calculateDigestFromBuffer	3
</home/yz489/egg-smol-benchmark-pointer-analysis/benchmarks/postgresql-9.5.2/libpqwalreceiver.so.bc>:bytesToHex	2
</home/yz489/egg-smol-benchmark-pointer-analysis/benchmarks/postgresql-9.5.2/libpqwalreceiver.so.bc>:createPaddedCopyWithLength	2
</home/yz489/egg-smol-benchmark-pointer-analysis/benchmarks/postgresql-9.5.2/libpqwalreceiver.so.bc>:doTheRounds	2
