</home/yz489/egg-smol-benchmark-pointer-analysis/benchmarks/postgresql-9.5.2/ecpg.bc>:mmerror:0	*stack_alloc@mmerror[i32* %error_code.addr]
</home/yz489/egg-smol-benchmark-pointer-analysis/benchmarks/postgresql-9.5.2/ecpg.bc>:mmerror:1	*stack_alloc@mmerror[i32* %type.addr]
</home/yz489/egg-smol-benchmark-pointer-analysis/benchmarks/postgresql-9.5.2/ecpg.bc>:mmerror:2	*stack_alloc@mmerror[i8** %error.addr]
</home/yz489/egg-smol-benchmark-pointer-analysis/benchmarks/postgresql-9.5.2/ecpg.bc>:mmerror:3	*stack_alloc@mmerror[[1 x %struct.__va_list_tag]* %ap]
</home/yz489/egg-smol-benchmark-pointer-analysis/benchmarks/postgresql-9.5.2/ecpg.bc>:mmfatal:0	*stack_alloc@mmfatal[i32* %error_code.addr]
</home/yz489/egg-smol-benchmark-pointer-analysis/benchmarks/postgresql-9.5.2/ecpg.bc>:mmfatal:1	*stack_alloc@mmfatal[i8** %error.addr]
</home/yz489/egg-smol-benchmark-pointer-analysis/benchmarks/postgresql-9.5.2/ecpg.bc>:mmfatal:2	*stack_alloc@mmfatal[[1 x %struct.__va_list_tag]* %ap]
</home/yz489/egg-smol-benchmark-pointer-analysis/benchmarks/postgresql-9.5.2/ecpg.bc>:base_yyparse:0	*stack_alloc@base_yyparse[i32* %yystate]
</home/yz489/egg-smol-benchmark-pointer-analysis/benchmarks/postgresql-9.5.2/ecpg.bc>:base_yyparse:1	*stack_alloc@base_yyparse[i32* %yyerrstatus]
</home/yz489/egg-smol-benchmark-pointer-analysis/benchmarks/postgresql-9.5.2/ecpg.bc>:base_yyparse:2	*stack_alloc@base_yyparse[[200 x i16]* %yyssa]
</home/yz489/egg-smol-benchmark-pointer-analysis/benchmarks/postgresql-9.5.2/ecpg.bc>:base_yyparse:3	*stack_alloc@base_yyparse[i16** %yyss]
</home/yz489/egg-smol-benchmark-pointer-analysis/benchmarks/postgresql-9.5.2/ecpg.bc>:base_yyparse:4	*stack_alloc@base_yyparse[i16** %yyssp]
</home/yz489/egg-smol-benchmark-pointer-analysis/benchmarks/postgresql-9.5.2/ecpg.bc>:base_yyparse:5	*stack_alloc@base_yyparse[[200 x %union.YYSTYPE]* %yyvsa]
</home/yz489/egg-smol-benchmark-pointer-analysis/benchmarks/postgresql-9.5.2/ecpg.bc>:base_yyparse:6	*stack_alloc@base_yyparse[%union.YYSTYPE** %yyvs]
</home/yz489/egg-smol-benchmark-pointer-analysis/benchmarks/postgresql-9.5.2/ecpg.bc>:base_yyparse:7	*stack_alloc@base_yyparse[%union.YYSTYPE** %yyvsp]
</home/yz489/egg-smol-benchmark-pointer-analysis/benchmarks/postgresql-9.5.2/ecpg.bc>:base_yyparse:8	*stack_alloc@base_yyparse[[200 x %struct.YYLTYPE]* %yylsa]
</home/yz489/egg-smol-benchmark-pointer-analysis/benchmarks/postgresql-9.5.2/ecpg.bc>:base_yyparse:9	*stack_alloc@base_yyparse[%struct.YYLTYPE** %yyls]
</home/yz489/egg-smol-benchmark-pointer-analysis/benchmarks/postgresql-9.5.2/ecpg.bc>:base_yyparse:10	*stack_alloc@base_yyparse[%struct.YYLTYPE** %yylsp]
</home/yz489/egg-smol-benchmark-pointer-analysis/benchmarks/postgresql-9.5.2/ecpg.bc>:base_yyparse:11	*stack_alloc@base_yyparse[[3 x %struct.YYLTYPE]* %yyerror_range]
</home/yz489/egg-smol-benchmark-pointer-analysis/benchmarks/postgresql-9.5.2/ecpg.bc>:base_yyparse:12	*stack_alloc@base_yyparse[i64* %yystacksize]
</home/yz489/egg-smol-benchmark-pointer-analysis/benchmarks/postgresql-9.5.2/ecpg.bc>:base_yyparse:13	*stack_alloc@base_yyparse[i32* %yyn]
</home/yz489/egg-smol-benchmark-pointer-analysis/benchmarks/postgresql-9.5.2/ecpg.bc>:base_yyparse:14	*stack_alloc@base_yyparse[i32* %yyresult]
</home/yz489/egg-smol-benchmark-pointer-analysis/benchmarks/postgresql-9.5.2/ecpg.bc>:base_yyparse:15	*stack_alloc@base_yyparse[i32* %yytoken]
</home/yz489/egg-smol-benchmark-pointer-analysis/benchmarks/postgresql-9.5.2/ecpg.bc>:base_yyparse:16	*stack_alloc@base_yyparse[%union.YYSTYPE* %yyval]
</home/yz489/egg-smol-benchmark-pointer-analysis/benchmarks/postgresql-9.5.2/ecpg.bc>:base_yyparse:17	*stack_alloc@base_yyparse[%struct.YYLTYPE* %yyloc]
</home/yz489/egg-smol-benchmark-pointer-analysis/benchmarks/postgresql-9.5.2/ecpg.bc>:base_yyparse:18	*stack_alloc@base_yyparse[i32* %yylen]
</home/yz489/egg-smol-benchmark-pointer-analysis/benchmarks/postgresql-9.5.2/ecpg.bc>:base_yyparse:19	*stack_alloc@base_yyparse[i64* %yysize]
</home/yz489/egg-smol-benchmark-pointer-analysis/benchmarks/postgresql-9.5.2/ecpg.bc>:base_yyparse:20	*stack_alloc@base_yyparse[i16** %yyss1]
</home/yz489/egg-smol-benchmark-pointer-analysis/benchmarks/postgresql-9.5.2/ecpg.bc>:base_yyparse:21	*stack_alloc@base_yyparse[%union.yyalloc** %yyptr]
</home/yz489/egg-smol-benchmark-pointer-analysis/benchmarks/postgresql-9.5.2/ecpg.bc>:base_yyparse:22	*stack_alloc@base_yyparse[i64* %yynewbytes]
</home/yz489/egg-smol-benchmark-pointer-analysis/benchmarks/postgresql-9.5.2/ecpg.bc>:base_yyparse:23	*stack_alloc@base_yyparse[i64* %yynewbytes22]
</home/yz489/egg-smol-benchmark-pointer-analysis/benchmarks/postgresql-9.5.2/ecpg.bc>:base_yyparse:24	*stack_alloc@base_yyparse[i64* %yynewbytes31]
</home/yz489/egg-smol-benchmark-pointer-analysis/benchmarks/postgresql-9.5.2/ecpg.bc>:base_yyparse:25	*stack_alloc@base_yyparse[i8** %con]
</home/yz489/egg-smol-benchmark-pointer-analysis/benchmarks/postgresql-9.5.2/ecpg.bc>:base_yyparse:26	*stack_alloc@base_yyparse[%struct.cursor** %ptr]
</home/yz489/egg-smol-benchmark-pointer-analysis/benchmarks/postgresql-9.5.2/ecpg.bc>:base_yyparse:27	*stack_alloc@base_yyparse[i8** %cursor_marker]
</home/yz489/egg-smol-benchmark-pointer-analysis/benchmarks/postgresql-9.5.2/ecpg.bc>:base_yyparse:28	*stack_alloc@base_yyparse[i8** %cursor_marker5614]
</home/yz489/egg-smol-benchmark-pointer-analysis/benchmarks/postgresql-9.5.2/ecpg.bc>:base_yyparse:29	*stack_alloc@base_yyparse[i8** %cursor_marker5635]
</home/yz489/egg-smol-benchmark-pointer-analysis/benchmarks/postgresql-9.5.2/ecpg.bc>:base_yyparse:30	*stack_alloc@base_yyparse[i8** %cursor_marker5656]
</home/yz489/egg-smol-benchmark-pointer-analysis/benchmarks/postgresql-9.5.2/ecpg.bc>:base_yyparse:31	*stack_alloc@base_yyparse[i8** %cursor_marker5677]
</home/yz489/egg-smol-benchmark-pointer-analysis/benchmarks/postgresql-9.5.2/ecpg.bc>:base_yyparse:32	*stack_alloc@base_yyparse[i8** %cursor_marker5698]
</home/yz489/egg-smol-benchmark-pointer-analysis/benchmarks/postgresql-9.5.2/ecpg.bc>:base_yyparse:33	*stack_alloc@base_yyparse[i8** %cursor_marker5719]
</home/yz489/egg-smol-benchmark-pointer-analysis/benchmarks/postgresql-9.5.2/ecpg.bc>:base_yyparse:34	*stack_alloc@base_yyparse[i8** %cursor_marker5740]
</home/yz489/egg-smol-benchmark-pointer-analysis/benchmarks/postgresql-9.5.2/ecpg.bc>:base_yyparse:35	*stack_alloc@base_yyparse[i8** %cursor_marker5761]
</home/yz489/egg-smol-benchmark-pointer-analysis/benchmarks/postgresql-9.5.2/ecpg.bc>:base_yyparse:36	*stack_alloc@base_yyparse[%struct.cursor** %ptr9783]
</home/yz489/egg-smol-benchmark-pointer-analysis/benchmarks/postgresql-9.5.2/ecpg.bc>:base_yyparse:37	*stack_alloc@base_yyparse[%struct.cursor** %this]
</home/yz489/egg-smol-benchmark-pointer-analysis/benchmarks/postgresql-9.5.2/ecpg.bc>:base_yyparse:38	*stack_alloc@base_yyparse[i8** %cursor_marker9784]
</home/yz489/egg-smol-benchmark-pointer-analysis/benchmarks/postgresql-9.5.2/ecpg.bc>:base_yyparse:39	*stack_alloc@base_yyparse[i8** %comment]
</home/yz489/egg-smol-benchmark-pointer-analysis/benchmarks/postgresql-9.5.2/ecpg.bc>:base_yyparse:40	*stack_alloc@base_yyparse[i8** %c1]
</home/yz489/egg-smol-benchmark-pointer-analysis/benchmarks/postgresql-9.5.2/ecpg.bc>:base_yyparse:41	*stack_alloc@base_yyparse[i8** %c2]
</home/yz489/egg-smol-benchmark-pointer-analysis/benchmarks/postgresql-9.5.2/ecpg.bc>:base_yyparse:42	*stack_alloc@base_yyparse[i32 (i8*, i8*)** %strcmp_fn]
</home/yz489/egg-smol-benchmark-pointer-analysis/benchmarks/postgresql-9.5.2/ecpg.bc>:base_yyparse:43	*stack_alloc@base_yyparse[i8** %curname]
</home/yz489/egg-smol-benchmark-pointer-analysis/benchmarks/postgresql-9.5.2/ecpg.bc>:base_yyparse:44	*stack_alloc@base_yyparse[i8** %cursor_marker10995]
</home/yz489/egg-smol-benchmark-pointer-analysis/benchmarks/postgresql-9.5.2/ecpg.bc>:base_yyparse:45	*stack_alloc@base_yyparse[i32* %type15292]
</home/yz489/egg-smol-benchmark-pointer-analysis/benchmarks/postgresql-9.5.2/ecpg.bc>:base_yyparse:46	*stack_alloc@base_yyparse[%struct.variable** %p]
</home/yz489/egg-smol-benchmark-pointer-analysis/benchmarks/postgresql-9.5.2/ecpg.bc>:base_yyparse:47	*stack_alloc@base_yyparse[i32* %type15321]
</home/yz489/egg-smol-benchmark-pointer-analysis/benchmarks/postgresql-9.5.2/ecpg.bc>:base_yyparse:48	*stack_alloc@base_yyparse[i64* %i]
</home/yz489/egg-smol-benchmark-pointer-analysis/benchmarks/postgresql-9.5.2/ecpg.bc>:base_yyparse:49	*stack_alloc@base_yyparse[%struct.cursor** %ptr15487]
</home/yz489/egg-smol-benchmark-pointer-analysis/benchmarks/postgresql-9.5.2/ecpg.bc>:base_yyparse:50	*stack_alloc@base_yyparse[%struct.cursor** %this15488]
</home/yz489/egg-smol-benchmark-pointer-analysis/benchmarks/postgresql-9.5.2/ecpg.bc>:base_yyparse:51	*stack_alloc@base_yyparse[i8** %cursor_marker15489]
</home/yz489/egg-smol-benchmark-pointer-analysis/benchmarks/postgresql-9.5.2/ecpg.bc>:base_yyparse:52	*stack_alloc@base_yyparse[i32 (i8*, i8*)** %strcmp_fn15504]
</home/yz489/egg-smol-benchmark-pointer-analysis/benchmarks/postgresql-9.5.2/ecpg.bc>:base_yyparse:53	*stack_alloc@base_yyparse[%struct.variable** %thisquery]
</home/yz489/egg-smol-benchmark-pointer-analysis/benchmarks/postgresql-9.5.2/ecpg.bc>:base_yyparse:54	*stack_alloc@base_yyparse[i8** %con15521]
</home/yz489/egg-smol-benchmark-pointer-analysis/benchmarks/postgresql-9.5.2/ecpg.bc>:base_yyparse:55	*stack_alloc@base_yyparse[i8** %comment15527]
</home/yz489/egg-smol-benchmark-pointer-analysis/benchmarks/postgresql-9.5.2/ecpg.bc>:base_yyparse:56	*stack_alloc@base_yyparse[%struct.variable** %var]
</home/yz489/egg-smol-benchmark-pointer-analysis/benchmarks/postgresql-9.5.2/ecpg.bc>:base_yyparse:57	*stack_alloc@base_yyparse[%struct.typedefs** %this16225]
</home/yz489/egg-smol-benchmark-pointer-analysis/benchmarks/postgresql-9.5.2/ecpg.bc>:base_yyparse:58	*stack_alloc@base_yyparse[i8** %name16291]
</home/yz489/egg-smol-benchmark-pointer-analysis/benchmarks/postgresql-9.5.2/ecpg.bc>:base_yyparse:59	*stack_alloc@base_yyparse[%struct.typedefs** %this16292]
</home/yz489/egg-smol-benchmark-pointer-analysis/benchmarks/postgresql-9.5.2/ecpg.bc>:base_yyparse:60	*stack_alloc@base_yyparse[i8* %forward]
</home/yz489/egg-smol-benchmark-pointer-analysis/benchmarks/postgresql-9.5.2/ecpg.bc>:base_yyparse:61	*stack_alloc@base_yyparse[%struct.typedefs** %ptr16397]
</home/yz489/egg-smol-benchmark-pointer-analysis/benchmarks/postgresql-9.5.2/ecpg.bc>:base_yyparse:62	*stack_alloc@base_yyparse[%struct.typedefs** %this16398]
</home/yz489/egg-smol-benchmark-pointer-analysis/benchmarks/postgresql-9.5.2/ecpg.bc>:base_yyparse:63	*stack_alloc@base_yyparse[%struct.this_type* %su_type]
</home/yz489/egg-smol-benchmark-pointer-analysis/benchmarks/postgresql-9.5.2/ecpg.bc>:base_yyparse:64	*stack_alloc@base_yyparse[%struct.ECPGtype** %type16604]
</home/yz489/egg-smol-benchmark-pointer-analysis/benchmarks/postgresql-9.5.2/ecpg.bc>:base_yyparse:65	*stack_alloc@base_yyparse[i8** %dimension]
</home/yz489/egg-smol-benchmark-pointer-analysis/benchmarks/postgresql-9.5.2/ecpg.bc>:base_yyparse:66	*stack_alloc@base_yyparse[i8** %length]
</home/yz489/egg-smol-benchmark-pointer-analysis/benchmarks/postgresql-9.5.2/ecpg.bc>:base_yyparse:67	*stack_alloc@base_yyparse[i8** %dim_str]
</home/yz489/egg-smol-benchmark-pointer-analysis/benchmarks/postgresql-9.5.2/ecpg.bc>:base_yyparse:68	*stack_alloc@base_yyparse[i8** %vcn]
</home/yz489/egg-smol-benchmark-pointer-analysis/benchmarks/postgresql-9.5.2/ecpg.bc>:base_yyparse:69	*stack_alloc@base_yyparse[i32* %i16756]
</home/yz489/egg-smol-benchmark-pointer-analysis/benchmarks/postgresql-9.5.2/ecpg.bc>:base_yyparse:70	*stack_alloc@base_yyparse[i8** %length16984]
</home/yz489/egg-smol-benchmark-pointer-analysis/benchmarks/postgresql-9.5.2/ecpg.bc>:base_yyparse:71	*stack_alloc@base_yyparse[i8** %con17046]
</home/yz489/egg-smol-benchmark-pointer-analysis/benchmarks/postgresql-9.5.2/ecpg.bc>:base_yyparse:72	*stack_alloc@base_yyparse[i8** %con17065]
</home/yz489/egg-smol-benchmark-pointer-analysis/benchmarks/postgresql-9.5.2/ecpg.bc>:base_yyparse:73	*stack_alloc@base_yyparse[%struct.variable** %var17071]
</home/yz489/egg-smol-benchmark-pointer-analysis/benchmarks/postgresql-9.5.2/ecpg.bc>:base_yyparse:74	*stack_alloc@base_yyparse[i8** %con17086]
</home/yz489/egg-smol-benchmark-pointer-analysis/benchmarks/postgresql-9.5.2/ecpg.bc>:base_yyparse:75	*stack_alloc@base_yyparse[i8** %con17105]
</home/yz489/egg-smol-benchmark-pointer-analysis/benchmarks/postgresql-9.5.2/ecpg.bc>:base_yyparse:76	*stack_alloc@base_yyparse[i8** %con17124]
</home/yz489/egg-smol-benchmark-pointer-analysis/benchmarks/postgresql-9.5.2/ecpg.bc>:base_yyparse:77	*stack_alloc@base_yyparse[i8** %length17178]
</home/yz489/egg-smol-benchmark-pointer-analysis/benchmarks/postgresql-9.5.2/ecpg.bc>:base_yyparse:78	*stack_alloc@base_yyparse[i8** %length17227]
</home/yz489/egg-smol-benchmark-pointer-analysis/benchmarks/postgresql-9.5.2/ecpg.bc>:base_yyparse:79	*stack_alloc@base_yyparse[i8** %length17246]
</home/yz489/egg-smol-benchmark-pointer-analysis/benchmarks/postgresql-9.5.2/ecpg.bc>:base_yyparse:80	*stack_alloc@base_yyparse[i8** %var17248]
</home/yz489/egg-smol-benchmark-pointer-analysis/benchmarks/postgresql-9.5.2/ecpg.bc>:base_yyparse:81	*stack_alloc@base_yyparse[i8** %length17260]
</home/yz489/egg-smol-benchmark-pointer-analysis/benchmarks/postgresql-9.5.2/ecpg.bc>:base_yyparse:82	*stack_alloc@base_yyparse[i8** %var17262]
</home/yz489/egg-smol-benchmark-pointer-analysis/benchmarks/postgresql-9.5.2/ecpg.bc>:base_yyparse:83	*stack_alloc@base_yyparse[i8** %length17274]
</home/yz489/egg-smol-benchmark-pointer-analysis/benchmarks/postgresql-9.5.2/ecpg.bc>:base_yyparse:84	*stack_alloc@base_yyparse[i8** %var17276]
</home/yz489/egg-smol-benchmark-pointer-analysis/benchmarks/postgresql-9.5.2/ecpg.bc>:base_yyparse:85	*stack_alloc@base_yyparse[%struct.variable** %p17426]
</home/yz489/egg-smol-benchmark-pointer-analysis/benchmarks/postgresql-9.5.2/ecpg.bc>:base_yyparse:86	*stack_alloc@base_yyparse[i8** %dimension17430]
</home/yz489/egg-smol-benchmark-pointer-analysis/benchmarks/postgresql-9.5.2/ecpg.bc>:base_yyparse:87	*stack_alloc@base_yyparse[i8** %length17434]
</home/yz489/egg-smol-benchmark-pointer-analysis/benchmarks/postgresql-9.5.2/ecpg.bc>:base_yyparse:88	*stack_alloc@base_yyparse[%struct.ECPGtype** %type17438]
</home/yz489/egg-smol-benchmark-pointer-analysis/benchmarks/postgresql-9.5.2/ecpg.bc>:base_yyparse:89	*stack_alloc@base_yyparse[i8** %ptr18097]
</home/yz489/egg-smol-benchmark-pointer-analysis/benchmarks/postgresql-9.5.2/ecpg.bc>:base_yyparse:90	*stack_alloc@base_yyparse[i8** %ptr18143]
</home/yz489/egg-smol-benchmark-pointer-analysis/benchmarks/postgresql-9.5.2/ecpg.bc>:base_yyparse:91	*stack_alloc@base_yyparse[i32* %brace_open]
</home/yz489/egg-smol-benchmark-pointer-analysis/benchmarks/postgresql-9.5.2/ecpg.bc>:base_yyparse:92	*stack_alloc@base_yyparse[i32* %brace]
</home/yz489/egg-smol-benchmark-pointer-analysis/benchmarks/postgresql-9.5.2/ecpg.bc>:base_yyparse:93	*stack_alloc@base_yyparse[%struct.variable** %var18664]
</home/yz489/egg-smol-benchmark-pointer-analysis/benchmarks/postgresql-9.5.2/ecpg.bc>:base_yyerror:0	*stack_alloc@base_yyerror[i8** %error.addr]
</home/yz489/egg-smol-benchmark-pointer-analysis/benchmarks/postgresql-9.5.2/ecpg.bc>:base_yylex:0	*stack_alloc@base_yylex[i32* %retval]
</home/yz489/egg-smol-benchmark-pointer-analysis/benchmarks/postgresql-9.5.2/ecpg.bc>:base_yylex:1	*stack_alloc@base_yylex[i32* %yy_current_state]
</home/yz489/egg-smol-benchmark-pointer-analysis/benchmarks/postgresql-9.5.2/ecpg.bc>:base_yylex:2	*stack_alloc@base_yylex[i8** %yy_cp]
</home/yz489/egg-smol-benchmark-pointer-analysis/benchmarks/postgresql-9.5.2/ecpg.bc>:base_yylex:3	*stack_alloc@base_yylex[i8** %yy_bp]
</home/yz489/egg-smol-benchmark-pointer-analysis/benchmarks/postgresql-9.5.2/ecpg.bc>:base_yylex:4	*stack_alloc@base_yylex[i32* %yy_act]
</home/yz489/egg-smol-benchmark-pointer-analysis/benchmarks/postgresql-9.5.2/ecpg.bc>:base_yylex:5	*stack_alloc@base_yylex[i8* %yy_c]
</home/yz489/egg-smol-benchmark-pointer-analysis/benchmarks/postgresql-9.5.2/ecpg.bc>:base_yylex:6	*stack_alloc@base_yylex[i64* %yyl]
</home/yz489/egg-smol-benchmark-pointer-analysis/benchmarks/postgresql-9.5.2/ecpg.bc>:base_yylex:7	*stack_alloc@base_yylex[i32* %yyless_macro_arg]
</home/yz489/egg-smol-benchmark-pointer-analysis/benchmarks/postgresql-9.5.2/ecpg.bc>:base_yylex:8	*stack_alloc@base_yylex[i32* %yyl76]
</home/yz489/egg-smol-benchmark-pointer-analysis/benchmarks/postgresql-9.5.2/ecpg.bc>:base_yylex:9	*stack_alloc@base_yylex[i32* %yyless_macro_arg105]
</home/yz489/egg-smol-benchmark-pointer-analysis/benchmarks/postgresql-9.5.2/ecpg.bc>:base_yylex:10	*stack_alloc@base_yylex[i32* %yyl107]
</home/yz489/egg-smol-benchmark-pointer-analysis/benchmarks/postgresql-9.5.2/ecpg.bc>:base_yylex:11	*stack_alloc@base_yylex[i32* %yyless_macro_arg146]
</home/yz489/egg-smol-benchmark-pointer-analysis/benchmarks/postgresql-9.5.2/ecpg.bc>:base_yylex:12	*stack_alloc@base_yylex[i32* %yyl148]
</home/yz489/egg-smol-benchmark-pointer-analysis/benchmarks/postgresql-9.5.2/ecpg.bc>:base_yylex:13	*stack_alloc@base_yylex[i32* %yyless_macro_arg230]
</home/yz489/egg-smol-benchmark-pointer-analysis/benchmarks/postgresql-9.5.2/ecpg.bc>:base_yylex:14	*stack_alloc@base_yylex[i32* %yyl232]
</home/yz489/egg-smol-benchmark-pointer-analysis/benchmarks/postgresql-9.5.2/ecpg.bc>:base_yylex:15	*stack_alloc@base_yylex[i32* %yyless_macro_arg276]
</home/yz489/egg-smol-benchmark-pointer-analysis/benchmarks/postgresql-9.5.2/ecpg.bc>:base_yylex:16	*stack_alloc@base_yylex[i32* %yyl278]
</home/yz489/egg-smol-benchmark-pointer-analysis/benchmarks/postgresql-9.5.2/ecpg.bc>:base_yylex:17	*stack_alloc@base_yylex[i32* %yyless_macro_arg330]
</home/yz489/egg-smol-benchmark-pointer-analysis/benchmarks/postgresql-9.5.2/ecpg.bc>:base_yylex:18	*stack_alloc@base_yylex[i32* %yyl332]
</home/yz489/egg-smol-benchmark-pointer-analysis/benchmarks/postgresql-9.5.2/ecpg.bc>:base_yylex:19	*stack_alloc@base_yylex[i32* %yyless_macro_arg364]
</home/yz489/egg-smol-benchmark-pointer-analysis/benchmarks/postgresql-9.5.2/ecpg.bc>:base_yylex:20	*stack_alloc@base_yylex[i32* %yyl366]
</home/yz489/egg-smol-benchmark-pointer-analysis/benchmarks/postgresql-9.5.2/ecpg.bc>:base_yylex:21	*stack_alloc@base_yylex[i32* %yyless_macro_arg398]
</home/yz489/egg-smol-benchmark-pointer-analysis/benchmarks/postgresql-9.5.2/ecpg.bc>:base_yylex:22	*stack_alloc@base_yylex[i32* %yyl400]
</home/yz489/egg-smol-benchmark-pointer-analysis/benchmarks/postgresql-9.5.2/ecpg.bc>:base_yylex:23	*stack_alloc@base_yylex[i32* %yyless_macro_arg455]
</home/yz489/egg-smol-benchmark-pointer-analysis/benchmarks/postgresql-9.5.2/ecpg.bc>:base_yylex:24	*stack_alloc@base_yylex[i32* %yyl457]
</home/yz489/egg-smol-benchmark-pointer-analysis/benchmarks/postgresql-9.5.2/ecpg.bc>:base_yylex:25	*stack_alloc@base_yylex[i32* %yyless_macro_arg504]
</home/yz489/egg-smol-benchmark-pointer-analysis/benchmarks/postgresql-9.5.2/ecpg.bc>:base_yylex:26	*stack_alloc@base_yylex[i32* %yyl508]
</home/yz489/egg-smol-benchmark-pointer-analysis/benchmarks/postgresql-9.5.2/ecpg.bc>:base_yylex:27	*stack_alloc@base_yylex[i32* %nchars]
</home/yz489/egg-smol-benchmark-pointer-analysis/benchmarks/postgresql-9.5.2/ecpg.bc>:base_yylex:28	*stack_alloc@base_yylex[i8** %slashstar]
</home/yz489/egg-smol-benchmark-pointer-analysis/benchmarks/postgresql-9.5.2/ecpg.bc>:base_yylex:29	*stack_alloc@base_yylex[i8** %dashdash]
</home/yz489/egg-smol-benchmark-pointer-analysis/benchmarks/postgresql-9.5.2/ecpg.bc>:base_yylex:30	*stack_alloc@base_yylex[i32* %ic]
</home/yz489/egg-smol-benchmark-pointer-analysis/benchmarks/postgresql-9.5.2/ecpg.bc>:base_yylex:31	*stack_alloc@base_yylex[i32* %yyless_macro_arg679]
</home/yz489/egg-smol-benchmark-pointer-analysis/benchmarks/postgresql-9.5.2/ecpg.bc>:base_yylex:32	*stack_alloc@base_yylex[i32* %yyl681]
</home/yz489/egg-smol-benchmark-pointer-analysis/benchmarks/postgresql-9.5.2/ecpg.bc>:base_yylex:33	*stack_alloc@base_yylex[i64* %val]
</home/yz489/egg-smol-benchmark-pointer-analysis/benchmarks/postgresql-9.5.2/ecpg.bc>:base_yylex:34	*stack_alloc@base_yylex[i8** %endptr]
</home/yz489/egg-smol-benchmark-pointer-analysis/benchmarks/postgresql-9.5.2/ecpg.bc>:base_yylex:35	*stack_alloc@base_yylex[i32* %yyless_macro_arg753]
</home/yz489/egg-smol-benchmark-pointer-analysis/benchmarks/postgresql-9.5.2/ecpg.bc>:base_yylex:36	*stack_alloc@base_yylex[i32* %yyl757]
</home/yz489/egg-smol-benchmark-pointer-analysis/benchmarks/postgresql-9.5.2/ecpg.bc>:base_yylex:37	*stack_alloc@base_yylex[i32* %yyless_macro_arg787]
</home/yz489/egg-smol-benchmark-pointer-analysis/benchmarks/postgresql-9.5.2/ecpg.bc>:base_yylex:38	*stack_alloc@base_yylex[i32* %yyl791]
</home/yz489/egg-smol-benchmark-pointer-analysis/benchmarks/postgresql-9.5.2/ecpg.bc>:base_yylex:39	*stack_alloc@base_yylex[%struct.ScanKeyword** %keyword]
</home/yz489/egg-smol-benchmark-pointer-analysis/benchmarks/postgresql-9.5.2/ecpg.bc>:base_yylex:40	*stack_alloc@base_yylex[i8** %endptr862]
</home/yz489/egg-smol-benchmark-pointer-analysis/benchmarks/postgresql-9.5.2/ecpg.bc>:base_yylex:41	*stack_alloc@base_yylex[%struct.ScanKeyword** %keyword892]
</home/yz489/egg-smol-benchmark-pointer-analysis/benchmarks/postgresql-9.5.2/ecpg.bc>:base_yylex:42	*stack_alloc@base_yylex[i32* %yyless_macro_arg978]
</home/yz489/egg-smol-benchmark-pointer-analysis/benchmarks/postgresql-9.5.2/ecpg.bc>:base_yylex:43	*stack_alloc@base_yylex[i32* %yyl980]
</home/yz489/egg-smol-benchmark-pointer-analysis/benchmarks/postgresql-9.5.2/ecpg.bc>:base_yylex:44	*stack_alloc@base_yylex[i32* %yyless_macro_arg1018]
</home/yz489/egg-smol-benchmark-pointer-analysis/benchmarks/postgresql-9.5.2/ecpg.bc>:base_yylex:45	*stack_alloc@base_yylex[i32* %yyl1020]
</home/yz489/egg-smol-benchmark-pointer-analysis/benchmarks/postgresql-9.5.2/ecpg.bc>:base_yylex:46	*stack_alloc@base_yylex[%struct._defines** %ptr]
</home/yz489/egg-smol-benchmark-pointer-analysis/benchmarks/postgresql-9.5.2/ecpg.bc>:base_yylex:47	*stack_alloc@base_yylex[%struct._defines** %ptr2]
</home/yz489/egg-smol-benchmark-pointer-analysis/benchmarks/postgresql-9.5.2/ecpg.bc>:base_yylex:48	*stack_alloc@base_yylex[i32* %i]
</home/yz489/egg-smol-benchmark-pointer-analysis/benchmarks/postgresql-9.5.2/ecpg.bc>:base_yylex:49	*stack_alloc@base_yylex[i32* %yyless_macro_arg1100]
</home/yz489/egg-smol-benchmark-pointer-analysis/benchmarks/postgresql-9.5.2/ecpg.bc>:base_yylex:50	*stack_alloc@base_yylex[i32* %yyl1102]
</home/yz489/egg-smol-benchmark-pointer-analysis/benchmarks/postgresql-9.5.2/ecpg.bc>:base_yylex:51	*stack_alloc@base_yylex[i32* %yyless_macro_arg1140]
</home/yz489/egg-smol-benchmark-pointer-analysis/benchmarks/postgresql-9.5.2/ecpg.bc>:base_yylex:52	*stack_alloc@base_yylex[i32* %yyl1142]
</home/yz489/egg-smol-benchmark-pointer-analysis/benchmarks/postgresql-9.5.2/ecpg.bc>:base_yylex:53	*stack_alloc@base_yylex[i32* %yyless_macro_arg1180]
</home/yz489/egg-smol-benchmark-pointer-analysis/benchmarks/postgresql-9.5.2/ecpg.bc>:base_yylex:54	*stack_alloc@base_yylex[i32* %yyl1182]
</home/yz489/egg-smol-benchmark-pointer-analysis/benchmarks/postgresql-9.5.2/ecpg.bc>:base_yylex:55	*stack_alloc@base_yylex[i32* %yyless_macro_arg1247]
</home/yz489/egg-smol-benchmark-pointer-analysis/benchmarks/postgresql-9.5.2/ecpg.bc>:base_yylex:56	*stack_alloc@base_yylex[i32* %yyl1249]
</home/yz489/egg-smol-benchmark-pointer-analysis/benchmarks/postgresql-9.5.2/ecpg.bc>:base_yylex:57	*stack_alloc@base_yylex[i32* %yyless_macro_arg1356]
</home/yz489/egg-smol-benchmark-pointer-analysis/benchmarks/postgresql-9.5.2/ecpg.bc>:base_yylex:58	*stack_alloc@base_yylex[i32* %yyl1358]
</home/yz489/egg-smol-benchmark-pointer-analysis/benchmarks/postgresql-9.5.2/ecpg.bc>:base_yylex:59	*stack_alloc@base_yylex[i32* %yyless_macro_arg1424]
</home/yz489/egg-smol-benchmark-pointer-analysis/benchmarks/postgresql-9.5.2/ecpg.bc>:base_yylex:60	*stack_alloc@base_yylex[i32* %yyl1426]
</home/yz489/egg-smol-benchmark-pointer-analysis/benchmarks/postgresql-9.5.2/ecpg.bc>:base_yylex:61	*stack_alloc@base_yylex[%struct._defines** %defptr]
</home/yz489/egg-smol-benchmark-pointer-analysis/benchmarks/postgresql-9.5.2/ecpg.bc>:base_yylex:62	*stack_alloc@base_yylex[i32* %i1461]
</home/yz489/egg-smol-benchmark-pointer-analysis/benchmarks/postgresql-9.5.2/ecpg.bc>:base_yylex:63	*stack_alloc@base_yylex[%struct._defines** %ptr1535]
</home/yz489/egg-smol-benchmark-pointer-analysis/benchmarks/postgresql-9.5.2/ecpg.bc>:base_yylex:64	*stack_alloc@base_yylex[%struct._defines** %this]
</home/yz489/egg-smol-benchmark-pointer-analysis/benchmarks/postgresql-9.5.2/ecpg.bc>:base_yylex:65	*stack_alloc@base_yylex[%struct._yy_buffer** %yb]
</home/yz489/egg-smol-benchmark-pointer-analysis/benchmarks/postgresql-9.5.2/ecpg.bc>:base_yylex:66	*stack_alloc@base_yylex[i32* %i1577]
</home/yz489/egg-smol-benchmark-pointer-analysis/benchmarks/postgresql-9.5.2/ecpg.bc>:base_yylex:67	*stack_alloc@base_yylex[%struct._defines** %ptr1578]
</home/yz489/egg-smol-benchmark-pointer-analysis/benchmarks/postgresql-9.5.2/ecpg.bc>:base_yylex:68	*stack_alloc@base_yylex[i32* %yy_amount_of_matched_text]
</home/yz489/egg-smol-benchmark-pointer-analysis/benchmarks/postgresql-9.5.2/ecpg.bc>:base_yylex:69	*stack_alloc@base_yylex[i32* %yy_next_state]
</home/yz489/egg-smol-benchmark-pointer-analysis/benchmarks/postgresql-9.5.2/ecpg.bc>:yy_create_buffer:0	*stack_alloc@yy_create_buffer[%struct._IO_FILE** %file.addr]
</home/yz489/egg-smol-benchmark-pointer-analysis/benchmarks/postgresql-9.5.2/ecpg.bc>:yy_create_buffer:1	*stack_alloc@yy_create_buffer[i32* %size.addr]
</home/yz489/egg-smol-benchmark-pointer-analysis/benchmarks/postgresql-9.5.2/ecpg.bc>:yy_create_buffer:2	*stack_alloc@yy_create_buffer[%struct.yy_buffer_state** %b]
</home/yz489/egg-smol-benchmark-pointer-analysis/benchmarks/postgresql-9.5.2/ecpg.bc>:yy_delete_buffer:0	*stack_alloc@yy_delete_buffer[%struct.yy_buffer_state** %b.addr]
</home/yz489/egg-smol-benchmark-pointer-analysis/benchmarks/postgresql-9.5.2/ecpg.bc>:yy_switch_to_buffer:0	*stack_alloc@yy_switch_to_buffer[%struct.yy_buffer_state** %new_buffer.addr]
</home/yz489/egg-smol-benchmark-pointer-analysis/benchmarks/postgresql-9.5.2/ecpg.bc>:yyrestart:0	*stack_alloc@yyrestart[%struct._IO_FILE** %input_file.addr]
</home/yz489/egg-smol-benchmark-pointer-analysis/benchmarks/postgresql-9.5.2/ecpg.bc>:yyalloc:0	*stack_alloc@yyalloc[i64* %size.addr]
</home/yz489/egg-smol-benchmark-pointer-analysis/benchmarks/postgresql-9.5.2/ecpg.bc>:yyfree:0	*stack_alloc@yyfree[i8** %ptr.addr]
</home/yz489/egg-smol-benchmark-pointer-analysis/benchmarks/postgresql-9.5.2/ecpg.bc>:yy_flush_buffer:0	*stack_alloc@yy_flush_buffer[%struct.yy_buffer_state** %b.addr]
</home/yz489/egg-smol-benchmark-pointer-analysis/benchmarks/postgresql-9.5.2/ecpg.bc>:yy_scan_buffer:0	*stack_alloc@yy_scan_buffer[%struct.yy_buffer_state** %retval]
</home/yz489/egg-smol-benchmark-pointer-analysis/benchmarks/postgresql-9.5.2/ecpg.bc>:yy_scan_buffer:1	*stack_alloc@yy_scan_buffer[i8** %base.addr]
</home/yz489/egg-smol-benchmark-pointer-analysis/benchmarks/postgresql-9.5.2/ecpg.bc>:yy_scan_buffer:2	*stack_alloc@yy_scan_buffer[i64* %size.addr]
</home/yz489/egg-smol-benchmark-pointer-analysis/benchmarks/postgresql-9.5.2/ecpg.bc>:yy_scan_buffer:3	*stack_alloc@yy_scan_buffer[%struct.yy_buffer_state** %b]
</home/yz489/egg-smol-benchmark-pointer-analysis/benchmarks/postgresql-9.5.2/ecpg.bc>:yy_scan_string:0	*stack_alloc@yy_scan_string[i8** %yystr.addr]
</home/yz489/egg-smol-benchmark-pointer-analysis/benchmarks/postgresql-9.5.2/ecpg.bc>:yy_scan_bytes:0	*stack_alloc@yy_scan_bytes[i8** %yybytes.addr]
</home/yz489/egg-smol-benchmark-pointer-analysis/benchmarks/postgresql-9.5.2/ecpg.bc>:yy_scan_bytes:1	*stack_alloc@yy_scan_bytes[i64* %_yybytes_len.addr]
</home/yz489/egg-smol-benchmark-pointer-analysis/benchmarks/postgresql-9.5.2/ecpg.bc>:yy_scan_bytes:2	*stack_alloc@yy_scan_bytes[%struct.yy_buffer_state** %b]
</home/yz489/egg-smol-benchmark-pointer-analysis/benchmarks/postgresql-9.5.2/ecpg.bc>:yy_scan_bytes:3	*stack_alloc@yy_scan_bytes[i8** %buf]
</home/yz489/egg-smol-benchmark-pointer-analysis/benchmarks/postgresql-9.5.2/ecpg.bc>:yy_scan_bytes:4	*stack_alloc@yy_scan_bytes[i64* %n]
</home/yz489/egg-smol-benchmark-pointer-analysis/benchmarks/postgresql-9.5.2/ecpg.bc>:yy_scan_bytes:5	*stack_alloc@yy_scan_bytes[i64* %i]
</home/yz489/egg-smol-benchmark-pointer-analysis/benchmarks/postgresql-9.5.2/ecpg.bc>:yyrealloc:0	*stack_alloc@yyrealloc[i8** %ptr.addr]
</home/yz489/egg-smol-benchmark-pointer-analysis/benchmarks/postgresql-9.5.2/ecpg.bc>:yyrealloc:1	*stack_alloc@yyrealloc[i64* %size.addr]
</home/yz489/egg-smol-benchmark-pointer-analysis/benchmarks/postgresql-9.5.2/ecpg.bc>:vmmerror:0	*stack_alloc@vmmerror[i32* %error_code.addr]
</home/yz489/egg-smol-benchmark-pointer-analysis/benchmarks/postgresql-9.5.2/ecpg.bc>:vmmerror:1	*stack_alloc@vmmerror[i32* %type.addr]
</home/yz489/egg-smol-benchmark-pointer-analysis/benchmarks/postgresql-9.5.2/ecpg.bc>:vmmerror:2	*stack_alloc@vmmerror[i8** %error.addr]
</home/yz489/egg-smol-benchmark-pointer-analysis/benchmarks/postgresql-9.5.2/ecpg.bc>:vmmerror:3	*stack_alloc@vmmerror[%struct.__va_list_tag** %ap.addr]
</home/yz489/egg-smol-benchmark-pointer-analysis/benchmarks/postgresql-9.5.2/ecpg.bc>:cat_str:0	*stack_alloc@cat_str[i32* %count.addr]
</home/yz489/egg-smol-benchmark-pointer-analysis/benchmarks/postgresql-9.5.2/ecpg.bc>:cat_str:1	*stack_alloc@cat_str[[1 x %struct.__va_list_tag]* %args]
</home/yz489/egg-smol-benchmark-pointer-analysis/benchmarks/postgresql-9.5.2/ecpg.bc>:cat_str:2	*stack_alloc@cat_str[i32* %i]
</home/yz489/egg-smol-benchmark-pointer-analysis/benchmarks/postgresql-9.5.2/ecpg.bc>:cat_str:3	*stack_alloc@cat_str[i8** %res_str]
</home/yz489/egg-smol-benchmark-pointer-analysis/benchmarks/postgresql-9.5.2/ecpg.bc>:add_additional_variables:0	*stack_alloc@add_additional_variables[%struct.cursor** %retval]
</home/yz489/egg-smol-benchmark-pointer-analysis/benchmarks/postgresql-9.5.2/ecpg.bc>:add_additional_variables:1	*stack_alloc@add_additional_variables[i8** %name.addr]
</home/yz489/egg-smol-benchmark-pointer-analysis/benchmarks/postgresql-9.5.2/ecpg.bc>:add_additional_variables:2	*stack_alloc@add_additional_variables[i8* %insert.addr]
</home/yz489/egg-smol-benchmark-pointer-analysis/benchmarks/postgresql-9.5.2/ecpg.bc>:add_additional_variables:3	*stack_alloc@add_additional_variables[%struct.cursor** %ptr]
</home/yz489/egg-smol-benchmark-pointer-analysis/benchmarks/postgresql-9.5.2/ecpg.bc>:add_additional_variables:4	*stack_alloc@add_additional_variables[%struct.arguments** %p]
</home/yz489/egg-smol-benchmark-pointer-analysis/benchmarks/postgresql-9.5.2/ecpg.bc>:add_additional_variables:5	*stack_alloc@add_additional_variables[i32 (i8*, i8*)** %strcmp_fn]
</home/yz489/egg-smol-benchmark-pointer-analysis/benchmarks/postgresql-9.5.2/ecpg.bc>:cat2_str:0	*stack_alloc@cat2_str[i8** %str1.addr]
</home/yz489/egg-smol-benchmark-pointer-analysis/benchmarks/postgresql-9.5.2/ecpg.bc>:cat2_str:1	*stack_alloc@cat2_str[i8** %str2.addr]
</home/yz489/egg-smol-benchmark-pointer-analysis/benchmarks/postgresql-9.5.2/ecpg.bc>:cat2_str:2	*stack_alloc@cat2_str[i8** %res_str]
</home/yz489/egg-smol-benchmark-pointer-analysis/benchmarks/postgresql-9.5.2/ecpg.bc>:adjust_outofscope_cursor_vars:0	*stack_alloc@adjust_outofscope_cursor_vars[%struct.cursor** %cur.addr]
</home/yz489/egg-smol-benchmark-pointer-analysis/benchmarks/postgresql-9.5.2/ecpg.bc>:adjust_outofscope_cursor_vars:1	*stack_alloc@adjust_outofscope_cursor_vars[i8** %result]
</home/yz489/egg-smol-benchmark-pointer-analysis/benchmarks/postgresql-9.5.2/ecpg.bc>:adjust_outofscope_cursor_vars:2	*stack_alloc@adjust_outofscope_cursor_vars[i32* %insert]
</home/yz489/egg-smol-benchmark-pointer-analysis/benchmarks/postgresql-9.5.2/ecpg.bc>:adjust_outofscope_cursor_vars:3	*stack_alloc@adjust_outofscope_cursor_vars[%struct.arguments** %list]
</home/yz489/egg-smol-benchmark-pointer-analysis/benchmarks/postgresql-9.5.2/ecpg.bc>:adjust_outofscope_cursor_vars:4	*stack_alloc@adjust_outofscope_cursor_vars[%struct.arguments** %ptr]
</home/yz489/egg-smol-benchmark-pointer-analysis/benchmarks/postgresql-9.5.2/ecpg.bc>:adjust_outofscope_cursor_vars:5	*stack_alloc@adjust_outofscope_cursor_vars[%struct.arguments** %newlist]
</home/yz489/egg-smol-benchmark-pointer-analysis/benchmarks/postgresql-9.5.2/ecpg.bc>:adjust_outofscope_cursor_vars:6	*stack_alloc@adjust_outofscope_cursor_vars[%struct.variable** %newvar]
</home/yz489/egg-smol-benchmark-pointer-analysis/benchmarks/postgresql-9.5.2/ecpg.bc>:adjust_outofscope_cursor_vars:7	*stack_alloc@adjust_outofscope_cursor_vars[%struct.variable** %newind]
</home/yz489/egg-smol-benchmark-pointer-analysis/benchmarks/postgresql-9.5.2/ecpg.bc>:adjust_outofscope_cursor_vars:8	*stack_alloc@adjust_outofscope_cursor_vars[[20 x i8]* %var_text]
</home/yz489/egg-smol-benchmark-pointer-analysis/benchmarks/postgresql-9.5.2/ecpg.bc>:adjust_outofscope_cursor_vars:9	*stack_alloc@adjust_outofscope_cursor_vars[i8** %original_var]
</home/yz489/egg-smol-benchmark-pointer-analysis/benchmarks/postgresql-9.5.2/ecpg.bc>:adjust_outofscope_cursor_vars:10	*stack_alloc@adjust_outofscope_cursor_vars[i8* %skip_set_var]
</home/yz489/egg-smol-benchmark-pointer-analysis/benchmarks/postgresql-9.5.2/ecpg.bc>:adjust_outofscope_cursor_vars:11	*stack_alloc@adjust_outofscope_cursor_vars[i8* %var_ptr]
</home/yz489/egg-smol-benchmark-pointer-analysis/benchmarks/postgresql-9.5.2/ecpg.bc>:make3_str:0	*stack_alloc@make3_str[i8** %str1.addr]
</home/yz489/egg-smol-benchmark-pointer-analysis/benchmarks/postgresql-9.5.2/ecpg.bc>:make3_str:1	*stack_alloc@make3_str[i8** %str2.addr]
</home/yz489/egg-smol-benchmark-pointer-analysis/benchmarks/postgresql-9.5.2/ecpg.bc>:make3_str:2	*stack_alloc@make3_str[i8** %str3.addr]
</home/yz489/egg-smol-benchmark-pointer-analysis/benchmarks/postgresql-9.5.2/ecpg.bc>:make3_str:3	*stack_alloc@make3_str[i8** %res_str]
</home/yz489/egg-smol-benchmark-pointer-analysis/benchmarks/postgresql-9.5.2/ecpg.bc>:make2_str:0	*stack_alloc@make2_str[i8** %str1.addr]
</home/yz489/egg-smol-benchmark-pointer-analysis/benchmarks/postgresql-9.5.2/ecpg.bc>:make2_str:1	*stack_alloc@make2_str[i8** %str2.addr]
</home/yz489/egg-smol-benchmark-pointer-analysis/benchmarks/postgresql-9.5.2/ecpg.bc>:make2_str:2	*stack_alloc@make2_str[i8** %res_str]
</home/yz489/egg-smol-benchmark-pointer-analysis/benchmarks/postgresql-9.5.2/ecpg.bc>:add_typedef:0	*stack_alloc@add_typedef[i8** %name.addr]
</home/yz489/egg-smol-benchmark-pointer-analysis/benchmarks/postgresql-9.5.2/ecpg.bc>:add_typedef:1	*stack_alloc@add_typedef[i8** %dimension.addr]
</home/yz489/egg-smol-benchmark-pointer-analysis/benchmarks/postgresql-9.5.2/ecpg.bc>:add_typedef:2	*stack_alloc@add_typedef[i8** %length.addr]
</home/yz489/egg-smol-benchmark-pointer-analysis/benchmarks/postgresql-9.5.2/ecpg.bc>:add_typedef:3	*stack_alloc@add_typedef[i32* %type_enum.addr]
</home/yz489/egg-smol-benchmark-pointer-analysis/benchmarks/postgresql-9.5.2/ecpg.bc>:add_typedef:4	*stack_alloc@add_typedef[i8** %type_dimension.addr]
</home/yz489/egg-smol-benchmark-pointer-analysis/benchmarks/postgresql-9.5.2/ecpg.bc>:add_typedef:5	*stack_alloc@add_typedef[i8** %type_index.addr]
</home/yz489/egg-smol-benchmark-pointer-analysis/benchmarks/postgresql-9.5.2/ecpg.bc>:add_typedef:6	*stack_alloc@add_typedef[i32* %initializer.addr]
</home/yz489/egg-smol-benchmark-pointer-analysis/benchmarks/postgresql-9.5.2/ecpg.bc>:add_typedef:7	*stack_alloc@add_typedef[i32* %array.addr]
</home/yz489/egg-smol-benchmark-pointer-analysis/benchmarks/postgresql-9.5.2/ecpg.bc>:add_typedef:8	*stack_alloc@add_typedef[%struct.typedefs** %ptr]
</home/yz489/egg-smol-benchmark-pointer-analysis/benchmarks/postgresql-9.5.2/ecpg.bc>:add_typedef:9	*stack_alloc@add_typedef[%struct.typedefs** %this]
</home/yz489/egg-smol-benchmark-pointer-analysis/benchmarks/postgresql-9.5.2/ecpg.bc>:create_questionmarks:0	*stack_alloc@create_questionmarks[i8** %name.addr]
</home/yz489/egg-smol-benchmark-pointer-analysis/benchmarks/postgresql-9.5.2/ecpg.bc>:create_questionmarks:1	*stack_alloc@create_questionmarks[i8* %array.addr]
</home/yz489/egg-smol-benchmark-pointer-analysis/benchmarks/postgresql-9.5.2/ecpg.bc>:create_questionmarks:2	*stack_alloc@create_questionmarks[%struct.variable** %p]
</home/yz489/egg-smol-benchmark-pointer-analysis/benchmarks/postgresql-9.5.2/ecpg.bc>:create_questionmarks:3	*stack_alloc@create_questionmarks[i32* %count]
</home/yz489/egg-smol-benchmark-pointer-analysis/benchmarks/postgresql-9.5.2/ecpg.bc>:create_questionmarks:4	*stack_alloc@create_questionmarks[i8** %result]
</home/yz489/egg-smol-benchmark-pointer-analysis/benchmarks/postgresql-9.5.2/ecpg.bc>:create_questionmarks:5	*stack_alloc@create_questionmarks[%struct.ECPGstruct_member** %m]
</home/yz489/egg-smol-benchmark-pointer-analysis/benchmarks/postgresql-9.5.2/ecpg.bc>:yydestruct:0	*stack_alloc@yydestruct[i8** %yymsg.addr]
</home/yz489/egg-smol-benchmark-pointer-analysis/benchmarks/postgresql-9.5.2/ecpg.bc>:yydestruct:1	*stack_alloc@yydestruct[i32* %yytype.addr]
</home/yz489/egg-smol-benchmark-pointer-analysis/benchmarks/postgresql-9.5.2/ecpg.bc>:yydestruct:2	*stack_alloc@yydestruct[%union.YYSTYPE** %yyvaluep.addr]
</home/yz489/egg-smol-benchmark-pointer-analysis/benchmarks/postgresql-9.5.2/ecpg.bc>:yydestruct:3	*stack_alloc@yydestruct[%struct.YYLTYPE** %yylocationp.addr]
</home/yz489/egg-smol-benchmark-pointer-analysis/benchmarks/postgresql-9.5.2/ecpg.bc>:yyensure_buffer_stack:0	*stack_alloc@yyensure_buffer_stack[i64* %num_to_alloc]
</home/yz489/egg-smol-benchmark-pointer-analysis/benchmarks/postgresql-9.5.2/ecpg.bc>:yyensure_buffer_stack:1	*stack_alloc@yyensure_buffer_stack[i32* %grow_size]
</home/yz489/egg-smol-benchmark-pointer-analysis/benchmarks/postgresql-9.5.2/ecpg.bc>:addlitchar:0	*stack_alloc@addlitchar[i8* %ychar.addr]
</home/yz489/egg-smol-benchmark-pointer-analysis/benchmarks/postgresql-9.5.2/ecpg.bc>:addlit:0	*stack_alloc@addlit[i8** %ytext.addr]
</home/yz489/egg-smol-benchmark-pointer-analysis/benchmarks/postgresql-9.5.2/ecpg.bc>:addlit:1	*stack_alloc@addlit[i32* %yleng.addr]
</home/yz489/egg-smol-benchmark-pointer-analysis/benchmarks/postgresql-9.5.2/ecpg.bc>:yyunput:0	*stack_alloc@yyunput[i32* %c.addr]
</home/yz489/egg-smol-benchmark-pointer-analysis/benchmarks/postgresql-9.5.2/ecpg.bc>:yyunput:1	*stack_alloc@yyunput[i8** %yy_bp.addr]
</home/yz489/egg-smol-benchmark-pointer-analysis/benchmarks/postgresql-9.5.2/ecpg.bc>:yyunput:2	*stack_alloc@yyunput[i8** %yy_cp]
</home/yz489/egg-smol-benchmark-pointer-analysis/benchmarks/postgresql-9.5.2/ecpg.bc>:yyunput:3	*stack_alloc@yyunput[i64* %number_to_move]
</home/yz489/egg-smol-benchmark-pointer-analysis/benchmarks/postgresql-9.5.2/ecpg.bc>:yyunput:4	*stack_alloc@yyunput[i8** %dest]
</home/yz489/egg-smol-benchmark-pointer-analysis/benchmarks/postgresql-9.5.2/ecpg.bc>:yyunput:5	*stack_alloc@yyunput[i8** %source]
</home/yz489/egg-smol-benchmark-pointer-analysis/benchmarks/postgresql-9.5.2/ecpg.bc>:isdefine:0	*stack_alloc@isdefine[i8* %retval]
</home/yz489/egg-smol-benchmark-pointer-analysis/benchmarks/postgresql-9.5.2/ecpg.bc>:isdefine:1	*stack_alloc@isdefine[%struct._defines** %ptr]
</home/yz489/egg-smol-benchmark-pointer-analysis/benchmarks/postgresql-9.5.2/ecpg.bc>:isdefine:2	*stack_alloc@isdefine[%struct._yy_buffer** %yb]
</home/yz489/egg-smol-benchmark-pointer-analysis/benchmarks/postgresql-9.5.2/ecpg.bc>:isinformixdefine:0	*stack_alloc@isinformixdefine[i8* %retval]
</home/yz489/egg-smol-benchmark-pointer-analysis/benchmarks/postgresql-9.5.2/ecpg.bc>:isinformixdefine:1	*stack_alloc@isinformixdefine[i8** %new]
</home/yz489/egg-smol-benchmark-pointer-analysis/benchmarks/postgresql-9.5.2/ecpg.bc>:isinformixdefine:2	*stack_alloc@isinformixdefine[%struct._yy_buffer** %yb]
</home/yz489/egg-smol-benchmark-pointer-analysis/benchmarks/postgresql-9.5.2/ecpg.bc>:ecpg_isspace:0	*stack_alloc@ecpg_isspace[i8* %retval]
</home/yz489/egg-smol-benchmark-pointer-analysis/benchmarks/postgresql-9.5.2/ecpg.bc>:ecpg_isspace:1	*stack_alloc@ecpg_isspace[i8* %ch.addr]
</home/yz489/egg-smol-benchmark-pointer-analysis/benchmarks/postgresql-9.5.2/ecpg.bc>:parse_include:0	*stack_alloc@parse_include[%struct._yy_buffer** %yb]
</home/yz489/egg-smol-benchmark-pointer-analysis/benchmarks/postgresql-9.5.2/ecpg.bc>:parse_include:1	*stack_alloc@parse_include[%struct._include_path** %ip]
</home/yz489/egg-smol-benchmark-pointer-analysis/benchmarks/postgresql-9.5.2/ecpg.bc>:parse_include:2	*stack_alloc@parse_include[[1024 x i8]* %inc_file]
</home/yz489/egg-smol-benchmark-pointer-analysis/benchmarks/postgresql-9.5.2/ecpg.bc>:parse_include:3	*stack_alloc@parse_include[i32* %i]
</home/yz489/egg-smol-benchmark-pointer-analysis/benchmarks/postgresql-9.5.2/ecpg.bc>:yy_fatal_error:0	*stack_alloc@yy_fatal_error[i8** %msg.addr]
</home/yz489/egg-smol-benchmark-pointer-analysis/benchmarks/postgresql-9.5.2/ecpg.bc>:yy_get_previous_state:0	*stack_alloc@yy_get_previous_state[i32* %yy_current_state]
</home/yz489/egg-smol-benchmark-pointer-analysis/benchmarks/postgresql-9.5.2/ecpg.bc>:yy_get_previous_state:1	*stack_alloc@yy_get_previous_state[i8** %yy_cp]
</home/yz489/egg-smol-benchmark-pointer-analysis/benchmarks/postgresql-9.5.2/ecpg.bc>:yy_get_previous_state:2	*stack_alloc@yy_get_previous_state[i8* %yy_c]
</home/yz489/egg-smol-benchmark-pointer-analysis/benchmarks/postgresql-9.5.2/ecpg.bc>:yy_try_NUL_trans:0	*stack_alloc@yy_try_NUL_trans[i32* %yy_current_state.addr]
</home/yz489/egg-smol-benchmark-pointer-analysis/benchmarks/postgresql-9.5.2/ecpg.bc>:yy_try_NUL_trans:1	*stack_alloc@yy_try_NUL_trans[i32* %yy_is_jam]
</home/yz489/egg-smol-benchmark-pointer-analysis/benchmarks/postgresql-9.5.2/ecpg.bc>:yy_try_NUL_trans:2	*stack_alloc@yy_try_NUL_trans[i8** %yy_cp]
</home/yz489/egg-smol-benchmark-pointer-analysis/benchmarks/postgresql-9.5.2/ecpg.bc>:yy_try_NUL_trans:3	*stack_alloc@yy_try_NUL_trans[i8* %yy_c]
</home/yz489/egg-smol-benchmark-pointer-analysis/benchmarks/postgresql-9.5.2/ecpg.bc>:yy_get_next_buffer:0	*stack_alloc@yy_get_next_buffer[i32* %retval]
</home/yz489/egg-smol-benchmark-pointer-analysis/benchmarks/postgresql-9.5.2/ecpg.bc>:yy_get_next_buffer:1	*stack_alloc@yy_get_next_buffer[i8** %dest]
</home/yz489/egg-smol-benchmark-pointer-analysis/benchmarks/postgresql-9.5.2/ecpg.bc>:yy_get_next_buffer:2	*stack_alloc@yy_get_next_buffer[i8** %source]
</home/yz489/egg-smol-benchmark-pointer-analysis/benchmarks/postgresql-9.5.2/ecpg.bc>:yy_get_next_buffer:3	*stack_alloc@yy_get_next_buffer[i32* %number_to_move]
</home/yz489/egg-smol-benchmark-pointer-analysis/benchmarks/postgresql-9.5.2/ecpg.bc>:yy_get_next_buffer:4	*stack_alloc@yy_get_next_buffer[i32* %i]
</home/yz489/egg-smol-benchmark-pointer-analysis/benchmarks/postgresql-9.5.2/ecpg.bc>:yy_get_next_buffer:5	*stack_alloc@yy_get_next_buffer[i32* %ret_val]
</home/yz489/egg-smol-benchmark-pointer-analysis/benchmarks/postgresql-9.5.2/ecpg.bc>:yy_get_next_buffer:6	*stack_alloc@yy_get_next_buffer[i64* %num_to_read]
</home/yz489/egg-smol-benchmark-pointer-analysis/benchmarks/postgresql-9.5.2/ecpg.bc>:yy_get_next_buffer:7	*stack_alloc@yy_get_next_buffer[%struct.yy_buffer_state** %b]
</home/yz489/egg-smol-benchmark-pointer-analysis/benchmarks/postgresql-9.5.2/ecpg.bc>:yy_get_next_buffer:8	*stack_alloc@yy_get_next_buffer[i32* %yy_c_buf_p_offset]
</home/yz489/egg-smol-benchmark-pointer-analysis/benchmarks/postgresql-9.5.2/ecpg.bc>:yy_get_next_buffer:9	*stack_alloc@yy_get_next_buffer[i64* %new_size]
</home/yz489/egg-smol-benchmark-pointer-analysis/benchmarks/postgresql-9.5.2/ecpg.bc>:yy_get_next_buffer:10	*stack_alloc@yy_get_next_buffer[i32* %c]
</home/yz489/egg-smol-benchmark-pointer-analysis/benchmarks/postgresql-9.5.2/ecpg.bc>:yy_get_next_buffer:11	*stack_alloc@yy_get_next_buffer[i64* %n]
</home/yz489/egg-smol-benchmark-pointer-analysis/benchmarks/postgresql-9.5.2/ecpg.bc>:yy_get_next_buffer:12	*stack_alloc@yy_get_next_buffer[i64* %new_size153]
</home/yz489/egg-smol-benchmark-pointer-analysis/benchmarks/postgresql-9.5.2/ecpg.bc>:yy_init_buffer:0	*stack_alloc@yy_init_buffer[%struct.yy_buffer_state** %b.addr]
</home/yz489/egg-smol-benchmark-pointer-analysis/benchmarks/postgresql-9.5.2/ecpg.bc>:yy_init_buffer:1	*stack_alloc@yy_init_buffer[%struct._IO_FILE** %file.addr]
</home/yz489/egg-smol-benchmark-pointer-analysis/benchmarks/postgresql-9.5.2/ecpg.bc>:yy_init_buffer:2	*stack_alloc@yy_init_buffer[i32* %oerrno]
</home/yz489/egg-smol-benchmark-pointer-analysis/benchmarks/postgresql-9.5.2/ecpg.bc>:mm_alloc:0	*stack_alloc@mm_alloc[i64* %size.addr]
</home/yz489/egg-smol-benchmark-pointer-analysis/benchmarks/postgresql-9.5.2/ecpg.bc>:mm_alloc:1	*stack_alloc@mm_alloc[i8** %ptr]
</home/yz489/egg-smol-benchmark-pointer-analysis/benchmarks/postgresql-9.5.2/ecpg.bc>:mm_strdup:0	*stack_alloc@mm_strdup[i8** %string.addr]
</home/yz489/egg-smol-benchmark-pointer-analysis/benchmarks/postgresql-9.5.2/ecpg.bc>:mm_strdup:1	*stack_alloc@mm_strdup[i8** %new]
</home/yz489/egg-smol-benchmark-pointer-analysis/benchmarks/postgresql-9.5.2/ecpg.bc>:ECPGstruct_member_dup:0	*stack_alloc@ECPGstruct_member_dup[%struct.ECPGstruct_member** %rm.addr]
</home/yz489/egg-smol-benchmark-pointer-analysis/benchmarks/postgresql-9.5.2/ecpg.bc>:ECPGstruct_member_dup:1	*stack_alloc@ECPGstruct_member_dup[%struct.ECPGstruct_member** %new]
</home/yz489/egg-smol-benchmark-pointer-analysis/benchmarks/postgresql-9.5.2/ecpg.bc>:ECPGstruct_member_dup:2	*stack_alloc@ECPGstruct_member_dup[%struct.ECPGtype** %type]
</home/yz489/egg-smol-benchmark-pointer-analysis/benchmarks/postgresql-9.5.2/ecpg.bc>:ECPGmake_struct_type:0	*stack_alloc@ECPGmake_struct_type[%struct.ECPGstruct_member** %rm.addr]
</home/yz489/egg-smol-benchmark-pointer-analysis/benchmarks/postgresql-9.5.2/ecpg.bc>:ECPGmake_struct_type:1	*stack_alloc@ECPGmake_struct_type[i32* %type.addr]
</home/yz489/egg-smol-benchmark-pointer-analysis/benchmarks/postgresql-9.5.2/ecpg.bc>:ECPGmake_struct_type:2	*stack_alloc@ECPGmake_struct_type[i8** %type_name.addr]
</home/yz489/egg-smol-benchmark-pointer-analysis/benchmarks/postgresql-9.5.2/ecpg.bc>:ECPGmake_struct_type:3	*stack_alloc@ECPGmake_struct_type[i8** %struct_sizeof.addr]
</home/yz489/egg-smol-benchmark-pointer-analysis/benchmarks/postgresql-9.5.2/ecpg.bc>:ECPGmake_struct_type:4	*stack_alloc@ECPGmake_struct_type[%struct.ECPGtype** %ne]
</home/yz489/egg-smol-benchmark-pointer-analysis/benchmarks/postgresql-9.5.2/ecpg.bc>:ECPGmake_array_type:0	*stack_alloc@ECPGmake_array_type[%struct.ECPGtype** %type.addr]
</home/yz489/egg-smol-benchmark-pointer-analysis/benchmarks/postgresql-9.5.2/ecpg.bc>:ECPGmake_array_type:1	*stack_alloc@ECPGmake_array_type[i8** %size.addr]
</home/yz489/egg-smol-benchmark-pointer-analysis/benchmarks/postgresql-9.5.2/ecpg.bc>:ECPGmake_array_type:2	*stack_alloc@ECPGmake_array_type[%struct.ECPGtype** %ne]
</home/yz489/egg-smol-benchmark-pointer-analysis/benchmarks/postgresql-9.5.2/ecpg.bc>:ECPGmake_simple_type:0	*stack_alloc@ECPGmake_simple_type[i32* %type.addr]
</home/yz489/egg-smol-benchmark-pointer-analysis/benchmarks/postgresql-9.5.2/ecpg.bc>:ECPGmake_simple_type:1	*stack_alloc@ECPGmake_simple_type[i8** %size.addr]
</home/yz489/egg-smol-benchmark-pointer-analysis/benchmarks/postgresql-9.5.2/ecpg.bc>:ECPGmake_simple_type:2	*stack_alloc@ECPGmake_simple_type[i32* %counter.addr]
</home/yz489/egg-smol-benchmark-pointer-analysis/benchmarks/postgresql-9.5.2/ecpg.bc>:ECPGmake_simple_type:3	*stack_alloc@ECPGmake_simple_type[%struct.ECPGtype** %ne]
</home/yz489/egg-smol-benchmark-pointer-analysis/benchmarks/postgresql-9.5.2/ecpg.bc>:ECPGmake_struct_member:0	*stack_alloc@ECPGmake_struct_member[i8** %name.addr]
</home/yz489/egg-smol-benchmark-pointer-analysis/benchmarks/postgresql-9.5.2/ecpg.bc>:ECPGmake_struct_member:1	*stack_alloc@ECPGmake_struct_member[%struct.ECPGtype** %type.addr]
</home/yz489/egg-smol-benchmark-pointer-analysis/benchmarks/postgresql-9.5.2/ecpg.bc>:ECPGmake_struct_member:2	*stack_alloc@ECPGmake_struct_member[%struct.ECPGstruct_member*** %start.addr]
</home/yz489/egg-smol-benchmark-pointer-analysis/benchmarks/postgresql-9.5.2/ecpg.bc>:ECPGmake_struct_member:3	*stack_alloc@ECPGmake_struct_member[%struct.ECPGstruct_member** %ptr]
</home/yz489/egg-smol-benchmark-pointer-analysis/benchmarks/postgresql-9.5.2/ecpg.bc>:ECPGmake_struct_member:4	*stack_alloc@ECPGmake_struct_member[%struct.ECPGstruct_member** %ne]
</home/yz489/egg-smol-benchmark-pointer-analysis/benchmarks/postgresql-9.5.2/ecpg.bc>:ECPGdump_a_type:0	*stack_alloc@ECPGdump_a_type[%struct._IO_FILE** %o.addr]
</home/yz489/egg-smol-benchmark-pointer-analysis/benchmarks/postgresql-9.5.2/ecpg.bc>:ECPGdump_a_type:1	*stack_alloc@ECPGdump_a_type[i8** %name.addr]
</home/yz489/egg-smol-benchmark-pointer-analysis/benchmarks/postgresql-9.5.2/ecpg.bc>:ECPGdump_a_type:2	*stack_alloc@ECPGdump_a_type[%struct.ECPGtype** %type.addr]
</home/yz489/egg-smol-benchmark-pointer-analysis/benchmarks/postgresql-9.5.2/ecpg.bc>:ECPGdump_a_type:3	*stack_alloc@ECPGdump_a_type[i32* %brace_level.addr]
</home/yz489/egg-smol-benchmark-pointer-analysis/benchmarks/postgresql-9.5.2/ecpg.bc>:ECPGdump_a_type:4	*stack_alloc@ECPGdump_a_type[i8** %ind_name.addr]
</home/yz489/egg-smol-benchmark-pointer-analysis/benchmarks/postgresql-9.5.2/ecpg.bc>:ECPGdump_a_type:5	*stack_alloc@ECPGdump_a_type[%struct.ECPGtype** %ind_type.addr]
</home/yz489/egg-smol-benchmark-pointer-analysis/benchmarks/postgresql-9.5.2/ecpg.bc>:ECPGdump_a_type:6	*stack_alloc@ECPGdump_a_type[i32* %ind_brace_level.addr]
</home/yz489/egg-smol-benchmark-pointer-analysis/benchmarks/postgresql-9.5.2/ecpg.bc>:ECPGdump_a_type:7	*stack_alloc@ECPGdump_a_type[i8** %prefix.addr]
</home/yz489/egg-smol-benchmark-pointer-analysis/benchmarks/postgresql-9.5.2/ecpg.bc>:ECPGdump_a_type:8	*stack_alloc@ECPGdump_a_type[i8** %ind_prefix.addr]
</home/yz489/egg-smol-benchmark-pointer-analysis/benchmarks/postgresql-9.5.2/ecpg.bc>:ECPGdump_a_type:9	*stack_alloc@ECPGdump_a_type[i8** %arr_str_siz.addr]
</home/yz489/egg-smol-benchmark-pointer-analysis/benchmarks/postgresql-9.5.2/ecpg.bc>:ECPGdump_a_type:10	*stack_alloc@ECPGdump_a_type[i8** %struct_sizeof.addr]
</home/yz489/egg-smol-benchmark-pointer-analysis/benchmarks/postgresql-9.5.2/ecpg.bc>:ECPGdump_a_type:11	*stack_alloc@ECPGdump_a_type[i8** %ind_struct_sizeof.addr]
</home/yz489/egg-smol-benchmark-pointer-analysis/benchmarks/postgresql-9.5.2/ecpg.bc>:ECPGdump_a_type:12	*stack_alloc@ECPGdump_a_type[%struct.variable** %var]
</home/yz489/egg-smol-benchmark-pointer-analysis/benchmarks/postgresql-9.5.2/ecpg.bc>:ECPGdump_a_type:13	*stack_alloc@ECPGdump_a_type[i8** %str]
</home/yz489/egg-smol-benchmark-pointer-analysis/benchmarks/postgresql-9.5.2/ecpg.bc>:ECPGdump_a_type:14	*stack_alloc@ECPGdump_a_type[i8** %str_neg_one]
</home/yz489/egg-smol-benchmark-pointer-analysis/benchmarks/postgresql-9.5.2/ecpg.bc>:ECPGdump_a_type:15	*stack_alloc@ECPGdump_a_type[i8** %str_one]
</home/yz489/egg-smol-benchmark-pointer-analysis/benchmarks/postgresql-9.5.2/ecpg.bc>:ECPGdump_a_type:16	*stack_alloc@ECPGdump_a_type[i8** %str_varchar_one]
</home/yz489/egg-smol-benchmark-pointer-analysis/benchmarks/postgresql-9.5.2/ecpg.bc>:ECPGdump_a_type:17	*stack_alloc@ECPGdump_a_type[i8** %str_arr_one]
</home/yz489/egg-smol-benchmark-pointer-analysis/benchmarks/postgresql-9.5.2/ecpg.bc>:ECPGdump_a_type:18	*stack_alloc@ECPGdump_a_type[i8** %str_neg_one184]
</home/yz489/egg-smol-benchmark-pointer-analysis/benchmarks/postgresql-9.5.2/ecpg.bc>:ECPGdump_a_type:19	*stack_alloc@ECPGdump_a_type[i8** %str_neg_one221]
</home/yz489/egg-smol-benchmark-pointer-analysis/benchmarks/postgresql-9.5.2/ecpg.bc>:ECPGdump_a_type:20	*stack_alloc@ECPGdump_a_type[i8** %ind_type_neg_one]
</home/yz489/egg-smol-benchmark-pointer-analysis/benchmarks/postgresql-9.5.2/ecpg.bc>:ECPGdump_a_type:21	*stack_alloc@ECPGdump_a_type[i8** %str_neg_one243]
</home/yz489/egg-smol-benchmark-pointer-analysis/benchmarks/postgresql-9.5.2/ecpg.bc>:ECPGdump_a_type:22	*stack_alloc@ECPGdump_a_type[i8** %ind_type_neg_one245]
</home/yz489/egg-smol-benchmark-pointer-analysis/benchmarks/postgresql-9.5.2/ecpg.bc>:ECPGfree_struct_member:0	*stack_alloc@ECPGfree_struct_member[%struct.ECPGstruct_member** %rm.addr]
</home/yz489/egg-smol-benchmark-pointer-analysis/benchmarks/postgresql-9.5.2/ecpg.bc>:ECPGfree_struct_member:1	*stack_alloc@ECPGfree_struct_member[%struct.ECPGstruct_member** %p]
</home/yz489/egg-smol-benchmark-pointer-analysis/benchmarks/postgresql-9.5.2/ecpg.bc>:ECPGfree_type:0	*stack_alloc@ECPGfree_type[%struct.ECPGtype** %type.addr]
</home/yz489/egg-smol-benchmark-pointer-analysis/benchmarks/postgresql-9.5.2/ecpg.bc>:get_dtype:0	*stack_alloc@get_dtype[i8** %retval]
</home/yz489/egg-smol-benchmark-pointer-analysis/benchmarks/postgresql-9.5.2/ecpg.bc>:get_dtype:1	*stack_alloc@get_dtype[i32* %type.addr]
</home/yz489/egg-smol-benchmark-pointer-analysis/benchmarks/postgresql-9.5.2/ecpg.bc>:ECPGdump_a_struct:0	*stack_alloc@ECPGdump_a_struct[%struct._IO_FILE** %o.addr]
</home/yz489/egg-smol-benchmark-pointer-analysis/benchmarks/postgresql-9.5.2/ecpg.bc>:ECPGdump_a_struct:1	*stack_alloc@ECPGdump_a_struct[i8** %name.addr]
</home/yz489/egg-smol-benchmark-pointer-analysis/benchmarks/postgresql-9.5.2/ecpg.bc>:ECPGdump_a_struct:2	*stack_alloc@ECPGdump_a_struct[i8** %ind_name.addr]
</home/yz489/egg-smol-benchmark-pointer-analysis/benchmarks/postgresql-9.5.2/ecpg.bc>:ECPGdump_a_struct:3	*stack_alloc@ECPGdump_a_struct[i8** %arrsiz.addr]
</home/yz489/egg-smol-benchmark-pointer-analysis/benchmarks/postgresql-9.5.2/ecpg.bc>:ECPGdump_a_struct:4	*stack_alloc@ECPGdump_a_struct[%struct.ECPGtype** %type.addr]
</home/yz489/egg-smol-benchmark-pointer-analysis/benchmarks/postgresql-9.5.2/ecpg.bc>:ECPGdump_a_struct:5	*stack_alloc@ECPGdump_a_struct[%struct.ECPGtype** %ind_type.addr]
</home/yz489/egg-smol-benchmark-pointer-analysis/benchmarks/postgresql-9.5.2/ecpg.bc>:ECPGdump_a_struct:6	*stack_alloc@ECPGdump_a_struct[i8** %prefix.addr]
</home/yz489/egg-smol-benchmark-pointer-analysis/benchmarks/postgresql-9.5.2/ecpg.bc>:ECPGdump_a_struct:7	*stack_alloc@ECPGdump_a_struct[i8** %ind_prefix.addr]
</home/yz489/egg-smol-benchmark-pointer-analysis/benchmarks/postgresql-9.5.2/ecpg.bc>:ECPGdump_a_struct:8	*stack_alloc@ECPGdump_a_struct[%struct.ECPGstruct_member** %p]
</home/yz489/egg-smol-benchmark-pointer-analysis/benchmarks/postgresql-9.5.2/ecpg.bc>:ECPGdump_a_struct:9	*stack_alloc@ECPGdump_a_struct[%struct.ECPGstruct_member** %ind_p]
</home/yz489/egg-smol-benchmark-pointer-analysis/benchmarks/postgresql-9.5.2/ecpg.bc>:ECPGdump_a_struct:10	*stack_alloc@ECPGdump_a_struct[i8** %pbuf]
</home/yz489/egg-smol-benchmark-pointer-analysis/benchmarks/postgresql-9.5.2/ecpg.bc>:ECPGdump_a_struct:11	*stack_alloc@ECPGdump_a_struct[i8** %ind_pbuf]
</home/yz489/egg-smol-benchmark-pointer-analysis/benchmarks/postgresql-9.5.2/ecpg.bc>:ECPGdump_a_simple:0	*stack_alloc@ECPGdump_a_simple[%struct._IO_FILE** %o.addr]
</home/yz489/egg-smol-benchmark-pointer-analysis/benchmarks/postgresql-9.5.2/ecpg.bc>:ECPGdump_a_simple:1	*stack_alloc@ECPGdump_a_simple[i8** %name.addr]
</home/yz489/egg-smol-benchmark-pointer-analysis/benchmarks/postgresql-9.5.2/ecpg.bc>:ECPGdump_a_simple:2	*stack_alloc@ECPGdump_a_simple[i32* %type.addr]
</home/yz489/egg-smol-benchmark-pointer-analysis/benchmarks/postgresql-9.5.2/ecpg.bc>:ECPGdump_a_simple:3	*stack_alloc@ECPGdump_a_simple[i8** %varcharsize.addr]
</home/yz489/egg-smol-benchmark-pointer-analysis/benchmarks/postgresql-9.5.2/ecpg.bc>:ECPGdump_a_simple:4	*stack_alloc@ECPGdump_a_simple[i8** %arrsize.addr]
</home/yz489/egg-smol-benchmark-pointer-analysis/benchmarks/postgresql-9.5.2/ecpg.bc>:ECPGdump_a_simple:5	*stack_alloc@ECPGdump_a_simple[i8** %siz.addr]
</home/yz489/egg-smol-benchmark-pointer-analysis/benchmarks/postgresql-9.5.2/ecpg.bc>:ECPGdump_a_simple:6	*stack_alloc@ECPGdump_a_simple[i8** %prefix.addr]
</home/yz489/egg-smol-benchmark-pointer-analysis/benchmarks/postgresql-9.5.2/ecpg.bc>:ECPGdump_a_simple:7	*stack_alloc@ECPGdump_a_simple[i32* %counter.addr]
</home/yz489/egg-smol-benchmark-pointer-analysis/benchmarks/postgresql-9.5.2/ecpg.bc>:ECPGdump_a_simple:8	*stack_alloc@ECPGdump_a_simple[i8** %variable]
</home/yz489/egg-smol-benchmark-pointer-analysis/benchmarks/postgresql-9.5.2/ecpg.bc>:ECPGdump_a_simple:9	*stack_alloc@ECPGdump_a_simple[i8** %offset]
</home/yz489/egg-smol-benchmark-pointer-analysis/benchmarks/postgresql-9.5.2/ecpg.bc>:ECPGdump_a_simple:10	*stack_alloc@ECPGdump_a_simple[i8** %sizeof_name]
</home/yz489/egg-smol-benchmark-pointer-analysis/benchmarks/postgresql-9.5.2/ecpg.bc>:get_type:0	*stack_alloc@get_type[i8** %retval]
</home/yz489/egg-smol-benchmark-pointer-analysis/benchmarks/postgresql-9.5.2/ecpg.bc>:get_type:1	*stack_alloc@get_type[i32* %type.addr]
</home/yz489/egg-smol-benchmark-pointer-analysis/benchmarks/postgresql-9.5.2/ecpg.bc>:main:0	*stack_alloc@main[i32* %retval]
</home/yz489/egg-smol-benchmark-pointer-analysis/benchmarks/postgresql-9.5.2/ecpg.bc>:main:1	*stack_alloc@main[i32* %argc.addr]
</home/yz489/egg-smol-benchmark-pointer-analysis/benchmarks/postgresql-9.5.2/ecpg.bc>:main:2	*stack_alloc@main[i8*** %argv.addr]
</home/yz489/egg-smol-benchmark-pointer-analysis/benchmarks/postgresql-9.5.2/ecpg.bc>:main:3	*stack_alloc@main[i32* %fnr]
</home/yz489/egg-smol-benchmark-pointer-analysis/benchmarks/postgresql-9.5.2/ecpg.bc>:main:4	*stack_alloc@main[i32* %c]
</home/yz489/egg-smol-benchmark-pointer-analysis/benchmarks/postgresql-9.5.2/ecpg.bc>:main:5	*stack_alloc@main[i32* %out_option]
</home/yz489/egg-smol-benchmark-pointer-analysis/benchmarks/postgresql-9.5.2/ecpg.bc>:main:6	*stack_alloc@main[i8* %verbose]
</home/yz489/egg-smol-benchmark-pointer-analysis/benchmarks/postgresql-9.5.2/ecpg.bc>:main:7	*stack_alloc@main[i8* %header_mode]
</home/yz489/egg-smol-benchmark-pointer-analysis/benchmarks/postgresql-9.5.2/ecpg.bc>:main:8	*stack_alloc@main[%struct._include_path** %ip]
</home/yz489/egg-smol-benchmark-pointer-analysis/benchmarks/postgresql-9.5.2/ecpg.bc>:main:9	*stack_alloc@main[i8** %progname]
</home/yz489/egg-smol-benchmark-pointer-analysis/benchmarks/postgresql-9.5.2/ecpg.bc>:main:10	*stack_alloc@main[[1024 x i8]* %my_exec_path]
</home/yz489/egg-smol-benchmark-pointer-analysis/benchmarks/postgresql-9.5.2/ecpg.bc>:main:11	*stack_alloc@main[[1024 x i8]* %include_path]
</home/yz489/egg-smol-benchmark-pointer-analysis/benchmarks/postgresql-9.5.2/ecpg.bc>:main:12	*stack_alloc@main[[1024 x i8]* %pkginclude_path]
</home/yz489/egg-smol-benchmark-pointer-analysis/benchmarks/postgresql-9.5.2/ecpg.bc>:main:13	*stack_alloc@main[[1024 x i8]* %informix_path]
</home/yz489/egg-smol-benchmark-pointer-analysis/benchmarks/postgresql-9.5.2/ecpg.bc>:main:14	*stack_alloc@main[i8** %ptr2ext]
</home/yz489/egg-smol-benchmark-pointer-analysis/benchmarks/postgresql-9.5.2/ecpg.bc>:main:15	*stack_alloc@main[%struct.cursor** %ptr]
</home/yz489/egg-smol-benchmark-pointer-analysis/benchmarks/postgresql-9.5.2/ecpg.bc>:main:16	*stack_alloc@main[%struct._defines** %defptr]
</home/yz489/egg-smol-benchmark-pointer-analysis/benchmarks/postgresql-9.5.2/ecpg.bc>:main:17	*stack_alloc@main[%struct.typedefs** %typeptr]
</home/yz489/egg-smol-benchmark-pointer-analysis/benchmarks/postgresql-9.5.2/ecpg.bc>:main:18	*stack_alloc@main[%struct.cursor** %this]
</home/yz489/egg-smol-benchmark-pointer-analysis/benchmarks/postgresql-9.5.2/ecpg.bc>:main:19	*stack_alloc@main[%struct.arguments** %l1]
</home/yz489/egg-smol-benchmark-pointer-analysis/benchmarks/postgresql-9.5.2/ecpg.bc>:main:20	*stack_alloc@main[%struct.arguments** %l2]
</home/yz489/egg-smol-benchmark-pointer-analysis/benchmarks/postgresql-9.5.2/ecpg.bc>:main:21	*stack_alloc@main[%struct._defines** %this191]
</home/yz489/egg-smol-benchmark-pointer-analysis/benchmarks/postgresql-9.5.2/ecpg.bc>:main:22	*stack_alloc@main[%struct.typedefs** %this209]
</home/yz489/egg-smol-benchmark-pointer-analysis/benchmarks/postgresql-9.5.2/ecpg.bc>:help:0	*stack_alloc@help[i8** %progname.addr]
</home/yz489/egg-smol-benchmark-pointer-analysis/benchmarks/postgresql-9.5.2/ecpg.bc>:add_include_path:0	*stack_alloc@add_include_path[i8** %path.addr]
</home/yz489/egg-smol-benchmark-pointer-analysis/benchmarks/postgresql-9.5.2/ecpg.bc>:add_include_path:1	*stack_alloc@add_include_path[%struct._include_path** %ip]
</home/yz489/egg-smol-benchmark-pointer-analysis/benchmarks/postgresql-9.5.2/ecpg.bc>:add_include_path:2	*stack_alloc@add_include_path[%struct._include_path** %new]
</home/yz489/egg-smol-benchmark-pointer-analysis/benchmarks/postgresql-9.5.2/ecpg.bc>:add_preprocessor_define:0	*stack_alloc@add_preprocessor_define[i8** %define.addr]
</home/yz489/egg-smol-benchmark-pointer-analysis/benchmarks/postgresql-9.5.2/ecpg.bc>:add_preprocessor_define:1	*stack_alloc@add_preprocessor_define[%struct._defines** %pd]
</home/yz489/egg-smol-benchmark-pointer-analysis/benchmarks/postgresql-9.5.2/ecpg.bc>:add_preprocessor_define:2	*stack_alloc@add_preprocessor_define[i8** %ptr]
</home/yz489/egg-smol-benchmark-pointer-analysis/benchmarks/postgresql-9.5.2/ecpg.bc>:add_preprocessor_define:3	*stack_alloc@add_preprocessor_define[i8** %define_copy]
</home/yz489/egg-smol-benchmark-pointer-analysis/benchmarks/postgresql-9.5.2/ecpg.bc>:add_preprocessor_define:4	*stack_alloc@add_preprocessor_define[i8** %tmp]
</home/yz489/egg-smol-benchmark-pointer-analysis/benchmarks/postgresql-9.5.2/ecpg.bc>:output_line_number:0	*stack_alloc@output_line_number[i8** %line]
</home/yz489/egg-smol-benchmark-pointer-analysis/benchmarks/postgresql-9.5.2/ecpg.bc>:hashline_number:0	*stack_alloc@hashline_number[i8** %retval]
</home/yz489/egg-smol-benchmark-pointer-analysis/benchmarks/postgresql-9.5.2/ecpg.bc>:hashline_number:1	*stack_alloc@hashline_number[i8** %line]
</home/yz489/egg-smol-benchmark-pointer-analysis/benchmarks/postgresql-9.5.2/ecpg.bc>:hashline_number:2	*stack_alloc@hashline_number[i8** %src]
</home/yz489/egg-smol-benchmark-pointer-analysis/benchmarks/postgresql-9.5.2/ecpg.bc>:hashline_number:3	*stack_alloc@hashline_number[i8** %dest]
</home/yz489/egg-smol-benchmark-pointer-analysis/benchmarks/postgresql-9.5.2/ecpg.bc>:output_simple_statement:0	*stack_alloc@output_simple_statement[i8** %stmt.addr]
</home/yz489/egg-smol-benchmark-pointer-analysis/benchmarks/postgresql-9.5.2/ecpg.bc>:whenever_action:0	*stack_alloc@whenever_action[i32* %mode.addr]
</home/yz489/egg-smol-benchmark-pointer-analysis/benchmarks/postgresql-9.5.2/ecpg.bc>:output_statement:0	*stack_alloc@output_statement[i8** %stmt.addr]
</home/yz489/egg-smol-benchmark-pointer-analysis/benchmarks/postgresql-9.5.2/ecpg.bc>:output_statement:1	*stack_alloc@output_statement[i32* %whenever_mode.addr]
</home/yz489/egg-smol-benchmark-pointer-analysis/benchmarks/postgresql-9.5.2/ecpg.bc>:output_statement:2	*stack_alloc@output_statement[i32* %st.addr]
</home/yz489/egg-smol-benchmark-pointer-analysis/benchmarks/postgresql-9.5.2/ecpg.bc>:output_prepare_statement:0	*stack_alloc@output_prepare_statement[i8** %name.addr]
</home/yz489/egg-smol-benchmark-pointer-analysis/benchmarks/postgresql-9.5.2/ecpg.bc>:output_prepare_statement:1	*stack_alloc@output_prepare_statement[i8** %stmt.addr]
</home/yz489/egg-smol-benchmark-pointer-analysis/benchmarks/postgresql-9.5.2/ecpg.bc>:output_deallocate_prepare_statement:0	*stack_alloc@output_deallocate_prepare_statement[i8** %name.addr]
</home/yz489/egg-smol-benchmark-pointer-analysis/benchmarks/postgresql-9.5.2/ecpg.bc>:output_deallocate_prepare_statement:1	*stack_alloc@output_deallocate_prepare_statement[i8** %con]
</home/yz489/egg-smol-benchmark-pointer-analysis/benchmarks/postgresql-9.5.2/ecpg.bc>:output_escaped_str:0	*stack_alloc@output_escaped_str[i8** %str.addr]
</home/yz489/egg-smol-benchmark-pointer-analysis/benchmarks/postgresql-9.5.2/ecpg.bc>:output_escaped_str:1	*stack_alloc@output_escaped_str[i8* %quoted.addr]
</home/yz489/egg-smol-benchmark-pointer-analysis/benchmarks/postgresql-9.5.2/ecpg.bc>:output_escaped_str:2	*stack_alloc@output_escaped_str[i32* %i]
</home/yz489/egg-smol-benchmark-pointer-analysis/benchmarks/postgresql-9.5.2/ecpg.bc>:output_escaped_str:3	*stack_alloc@output_escaped_str[i32* %len]
</home/yz489/egg-smol-benchmark-pointer-analysis/benchmarks/postgresql-9.5.2/ecpg.bc>:output_escaped_str:4	*stack_alloc@output_escaped_str[i32* %j]
</home/yz489/egg-smol-benchmark-pointer-analysis/benchmarks/postgresql-9.5.2/ecpg.bc>:print_action:0	*stack_alloc@print_action[%struct.when** %w.addr]
</home/yz489/egg-smol-benchmark-pointer-analysis/benchmarks/postgresql-9.5.2/ecpg.bc>:filtered_base_yylex:0	*stack_alloc@filtered_base_yylex[i32* %retval]
</home/yz489/egg-smol-benchmark-pointer-analysis/benchmarks/postgresql-9.5.2/ecpg.bc>:filtered_base_yylex:1	*stack_alloc@filtered_base_yylex[i32* %cur_token]
</home/yz489/egg-smol-benchmark-pointer-analysis/benchmarks/postgresql-9.5.2/ecpg.bc>:filtered_base_yylex:2	*stack_alloc@filtered_base_yylex[i32* %next_token]
</home/yz489/egg-smol-benchmark-pointer-analysis/benchmarks/postgresql-9.5.2/ecpg.bc>:filtered_base_yylex:3	*stack_alloc@filtered_base_yylex[i32* %cur_token_length]
</home/yz489/egg-smol-benchmark-pointer-analysis/benchmarks/postgresql-9.5.2/ecpg.bc>:filtered_base_yylex:4	*stack_alloc@filtered_base_yylex[%union.YYSTYPE* %cur_yylval]
</home/yz489/egg-smol-benchmark-pointer-analysis/benchmarks/postgresql-9.5.2/ecpg.bc>:filtered_base_yylex:5	*stack_alloc@filtered_base_yylex[%struct.YYLTYPE* %cur_yylloc]
</home/yz489/egg-smol-benchmark-pointer-analysis/benchmarks/postgresql-9.5.2/ecpg.bc>:filtered_base_yylex:6	*stack_alloc@filtered_base_yylex[i8** %cur_yytext]
</home/yz489/egg-smol-benchmark-pointer-analysis/benchmarks/postgresql-9.5.2/ecpg.bc>:ScanCKeywordLookup:0	*stack_alloc@ScanCKeywordLookup[%struct.ScanKeyword** %retval]
</home/yz489/egg-smol-benchmark-pointer-analysis/benchmarks/postgresql-9.5.2/ecpg.bc>:ScanCKeywordLookup:1	*stack_alloc@ScanCKeywordLookup[i8** %text.addr]
</home/yz489/egg-smol-benchmark-pointer-analysis/benchmarks/postgresql-9.5.2/ecpg.bc>:ScanCKeywordLookup:2	*stack_alloc@ScanCKeywordLookup[%struct.ScanKeyword** %low]
</home/yz489/egg-smol-benchmark-pointer-analysis/benchmarks/postgresql-9.5.2/ecpg.bc>:ScanCKeywordLookup:3	*stack_alloc@ScanCKeywordLookup[%struct.ScanKeyword** %high]
</home/yz489/egg-smol-benchmark-pointer-analysis/benchmarks/postgresql-9.5.2/ecpg.bc>:ScanCKeywordLookup:4	*stack_alloc@ScanCKeywordLookup[%struct.ScanKeyword** %middle]
</home/yz489/egg-smol-benchmark-pointer-analysis/benchmarks/postgresql-9.5.2/ecpg.bc>:ScanCKeywordLookup:5	*stack_alloc@ScanCKeywordLookup[i32* %difference]
</home/yz489/egg-smol-benchmark-pointer-analysis/benchmarks/postgresql-9.5.2/ecpg.bc>:ScanECPGKeywordLookup:0	*stack_alloc@ScanECPGKeywordLookup[%struct.ScanKeyword** %retval]
</home/yz489/egg-smol-benchmark-pointer-analysis/benchmarks/postgresql-9.5.2/ecpg.bc>:ScanECPGKeywordLookup:1	*stack_alloc@ScanECPGKeywordLookup[i8** %text.addr]
</home/yz489/egg-smol-benchmark-pointer-analysis/benchmarks/postgresql-9.5.2/ecpg.bc>:ScanECPGKeywordLookup:2	*stack_alloc@ScanECPGKeywordLookup[%struct.ScanKeyword** %res]
</home/yz489/egg-smol-benchmark-pointer-analysis/benchmarks/postgresql-9.5.2/ecpg.bc>:ScanKeywordLookup:0	*stack_alloc@ScanKeywordLookup[%struct.ScanKeyword** %retval]
</home/yz489/egg-smol-benchmark-pointer-analysis/benchmarks/postgresql-9.5.2/ecpg.bc>:ScanKeywordLookup:1	*stack_alloc@ScanKeywordLookup[i8** %text.addr]
</home/yz489/egg-smol-benchmark-pointer-analysis/benchmarks/postgresql-9.5.2/ecpg.bc>:ScanKeywordLookup:2	*stack_alloc@ScanKeywordLookup[%struct.ScanKeyword** %keywords.addr]
</home/yz489/egg-smol-benchmark-pointer-analysis/benchmarks/postgresql-9.5.2/ecpg.bc>:ScanKeywordLookup:3	*stack_alloc@ScanKeywordLookup[i32* %num_keywords.addr]
</home/yz489/egg-smol-benchmark-pointer-analysis/benchmarks/postgresql-9.5.2/ecpg.bc>:ScanKeywordLookup:4	*stack_alloc@ScanKeywordLookup[i32* %len]
</home/yz489/egg-smol-benchmark-pointer-analysis/benchmarks/postgresql-9.5.2/ecpg.bc>:ScanKeywordLookup:5	*stack_alloc@ScanKeywordLookup[i32* %i]
</home/yz489/egg-smol-benchmark-pointer-analysis/benchmarks/postgresql-9.5.2/ecpg.bc>:ScanKeywordLookup:6	*stack_alloc@ScanKeywordLookup[[64 x i8]* %word]
</home/yz489/egg-smol-benchmark-pointer-analysis/benchmarks/postgresql-9.5.2/ecpg.bc>:ScanKeywordLookup:7	*stack_alloc@ScanKeywordLookup[%struct.ScanKeyword** %low]
</home/yz489/egg-smol-benchmark-pointer-analysis/benchmarks/postgresql-9.5.2/ecpg.bc>:ScanKeywordLookup:8	*stack_alloc@ScanKeywordLookup[%struct.ScanKeyword** %high]
</home/yz489/egg-smol-benchmark-pointer-analysis/benchmarks/postgresql-9.5.2/ecpg.bc>:ScanKeywordLookup:9	*stack_alloc@ScanKeywordLookup[i8* %ch]
</home/yz489/egg-smol-benchmark-pointer-analysis/benchmarks/postgresql-9.5.2/ecpg.bc>:ScanKeywordLookup:10	*stack_alloc@ScanKeywordLookup[%struct.ScanKeyword** %middle]
</home/yz489/egg-smol-benchmark-pointer-analysis/benchmarks/postgresql-9.5.2/ecpg.bc>:ScanKeywordLookup:11	*stack_alloc@ScanKeywordLookup[i32* %difference]
</home/yz489/egg-smol-benchmark-pointer-analysis/benchmarks/postgresql-9.5.2/ecpg.bc>:ecpg_type_name:0	*stack_alloc@ecpg_type_name[i8** %retval]
</home/yz489/egg-smol-benchmark-pointer-analysis/benchmarks/postgresql-9.5.2/ecpg.bc>:ecpg_type_name:1	*stack_alloc@ecpg_type_name[i32* %typ.addr]
</home/yz489/egg-smol-benchmark-pointer-analysis/benchmarks/postgresql-9.5.2/ecpg.bc>:push_assignment:0	*stack_alloc@push_assignment[i8** %var.addr]
</home/yz489/egg-smol-benchmark-pointer-analysis/benchmarks/postgresql-9.5.2/ecpg.bc>:push_assignment:1	*stack_alloc@push_assignment[i32* %value.addr]
</home/yz489/egg-smol-benchmark-pointer-analysis/benchmarks/postgresql-9.5.2/ecpg.bc>:push_assignment:2	*stack_alloc@push_assignment[%struct.assignment** %new]
</home/yz489/egg-smol-benchmark-pointer-analysis/benchmarks/postgresql-9.5.2/ecpg.bc>:add_descriptor:0	*stack_alloc@add_descriptor[i8** %name.addr]
</home/yz489/egg-smol-benchmark-pointer-analysis/benchmarks/postgresql-9.5.2/ecpg.bc>:add_descriptor:1	*stack_alloc@add_descriptor[i8** %connection.addr]
</home/yz489/egg-smol-benchmark-pointer-analysis/benchmarks/postgresql-9.5.2/ecpg.bc>:add_descriptor:2	*stack_alloc@add_descriptor[%struct.descriptor** %new]
</home/yz489/egg-smol-benchmark-pointer-analysis/benchmarks/postgresql-9.5.2/ecpg.bc>:drop_descriptor:0	*stack_alloc@drop_descriptor[i8** %name.addr]
</home/yz489/egg-smol-benchmark-pointer-analysis/benchmarks/postgresql-9.5.2/ecpg.bc>:drop_descriptor:1	*stack_alloc@drop_descriptor[i8** %connection.addr]
</home/yz489/egg-smol-benchmark-pointer-analysis/benchmarks/postgresql-9.5.2/ecpg.bc>:drop_descriptor:2	*stack_alloc@drop_descriptor[%struct.descriptor** %i]
</home/yz489/egg-smol-benchmark-pointer-analysis/benchmarks/postgresql-9.5.2/ecpg.bc>:drop_descriptor:3	*stack_alloc@drop_descriptor[%struct.descriptor*** %lastptr]
</home/yz489/egg-smol-benchmark-pointer-analysis/benchmarks/postgresql-9.5.2/ecpg.bc>:lookup_descriptor:0	*stack_alloc@lookup_descriptor[%struct.descriptor** %retval]
</home/yz489/egg-smol-benchmark-pointer-analysis/benchmarks/postgresql-9.5.2/ecpg.bc>:lookup_descriptor:1	*stack_alloc@lookup_descriptor[i8** %name.addr]
</home/yz489/egg-smol-benchmark-pointer-analysis/benchmarks/postgresql-9.5.2/ecpg.bc>:lookup_descriptor:2	*stack_alloc@lookup_descriptor[i8** %connection.addr]
</home/yz489/egg-smol-benchmark-pointer-analysis/benchmarks/postgresql-9.5.2/ecpg.bc>:lookup_descriptor:3	*stack_alloc@lookup_descriptor[%struct.descriptor** %i]
</home/yz489/egg-smol-benchmark-pointer-analysis/benchmarks/postgresql-9.5.2/ecpg.bc>:output_get_descr_header:0	*stack_alloc@output_get_descr_header[i8** %desc_name.addr]
</home/yz489/egg-smol-benchmark-pointer-analysis/benchmarks/postgresql-9.5.2/ecpg.bc>:output_get_descr_header:1	*stack_alloc@output_get_descr_header[%struct.assignment** %results]
</home/yz489/egg-smol-benchmark-pointer-analysis/benchmarks/postgresql-9.5.2/ecpg.bc>:output_get_descr:0	*stack_alloc@output_get_descr[i8** %desc_name.addr]
</home/yz489/egg-smol-benchmark-pointer-analysis/benchmarks/postgresql-9.5.2/ecpg.bc>:output_get_descr:1	*stack_alloc@output_get_descr[i8** %index.addr]
</home/yz489/egg-smol-benchmark-pointer-analysis/benchmarks/postgresql-9.5.2/ecpg.bc>:output_get_descr:2	*stack_alloc@output_get_descr[%struct.assignment** %results]
</home/yz489/egg-smol-benchmark-pointer-analysis/benchmarks/postgresql-9.5.2/ecpg.bc>:output_get_descr:3	*stack_alloc@output_get_descr[%struct.variable** %v]
</home/yz489/egg-smol-benchmark-pointer-analysis/benchmarks/postgresql-9.5.2/ecpg.bc>:output_get_descr:4	*stack_alloc@output_get_descr[i8** %str_zero]
</home/yz489/egg-smol-benchmark-pointer-analysis/benchmarks/postgresql-9.5.2/ecpg.bc>:output_set_descr_header:0	*stack_alloc@output_set_descr_header[i8** %desc_name.addr]
</home/yz489/egg-smol-benchmark-pointer-analysis/benchmarks/postgresql-9.5.2/ecpg.bc>:output_set_descr_header:1	*stack_alloc@output_set_descr_header[%struct.assignment** %results]
</home/yz489/egg-smol-benchmark-pointer-analysis/benchmarks/postgresql-9.5.2/ecpg.bc>:output_set_descr:0	*stack_alloc@output_set_descr[i8** %desc_name.addr]
</home/yz489/egg-smol-benchmark-pointer-analysis/benchmarks/postgresql-9.5.2/ecpg.bc>:output_set_descr:1	*stack_alloc@output_set_descr[i8** %index.addr]
</home/yz489/egg-smol-benchmark-pointer-analysis/benchmarks/postgresql-9.5.2/ecpg.bc>:output_set_descr:2	*stack_alloc@output_set_descr[%struct.assignment** %results]
</home/yz489/egg-smol-benchmark-pointer-analysis/benchmarks/postgresql-9.5.2/ecpg.bc>:output_set_descr:3	*stack_alloc@output_set_descr[%struct.variable** %v]
</home/yz489/egg-smol-benchmark-pointer-analysis/benchmarks/postgresql-9.5.2/ecpg.bc>:output_set_descr:4	*stack_alloc@output_set_descr[i8** %str_zero]
</home/yz489/egg-smol-benchmark-pointer-analysis/benchmarks/postgresql-9.5.2/ecpg.bc>:descriptor_variable:0	*stack_alloc@descriptor_variable[i8** %name.addr]
</home/yz489/egg-smol-benchmark-pointer-analysis/benchmarks/postgresql-9.5.2/ecpg.bc>:descriptor_variable:1	*stack_alloc@descriptor_variable[i32* %input.addr]
</home/yz489/egg-smol-benchmark-pointer-analysis/benchmarks/postgresql-9.5.2/ecpg.bc>:sqlda_variable:0	*stack_alloc@sqlda_variable[i8** %name.addr]
</home/yz489/egg-smol-benchmark-pointer-analysis/benchmarks/postgresql-9.5.2/ecpg.bc>:sqlda_variable:1	*stack_alloc@sqlda_variable[%struct.variable** %p]
</home/yz489/egg-smol-benchmark-pointer-analysis/benchmarks/postgresql-9.5.2/ecpg.bc>:ECPGnumeric_lvalue:0	*stack_alloc@ECPGnumeric_lvalue[i8** %name.addr]
</home/yz489/egg-smol-benchmark-pointer-analysis/benchmarks/postgresql-9.5.2/ecpg.bc>:ECPGnumeric_lvalue:1	*stack_alloc@ECPGnumeric_lvalue[%struct.variable** %v]
</home/yz489/egg-smol-benchmark-pointer-analysis/benchmarks/postgresql-9.5.2/ecpg.bc>:drop_assignments:0	*stack_alloc@drop_assignments[%struct.assignment** %old_head]
</home/yz489/egg-smol-benchmark-pointer-analysis/benchmarks/postgresql-9.5.2/ecpg.bc>:descriptor_item_name:0	*stack_alloc@descriptor_item_name[i8** %retval]
</home/yz489/egg-smol-benchmark-pointer-analysis/benchmarks/postgresql-9.5.2/ecpg.bc>:descriptor_item_name:1	*stack_alloc@descriptor_item_name[i32* %itemcode.addr]
</home/yz489/egg-smol-benchmark-pointer-analysis/benchmarks/postgresql-9.5.2/ecpg.bc>:new_variable:0	*stack_alloc@new_variable[i8** %name.addr]
</home/yz489/egg-smol-benchmark-pointer-analysis/benchmarks/postgresql-9.5.2/ecpg.bc>:new_variable:1	*stack_alloc@new_variable[%struct.ECPGtype** %type.addr]
</home/yz489/egg-smol-benchmark-pointer-analysis/benchmarks/postgresql-9.5.2/ecpg.bc>:new_variable:2	*stack_alloc@new_variable[i32* %brace_level.addr]
</home/yz489/egg-smol-benchmark-pointer-analysis/benchmarks/postgresql-9.5.2/ecpg.bc>:new_variable:3	*stack_alloc@new_variable[%struct.variable** %p]
</home/yz489/egg-smol-benchmark-pointer-analysis/benchmarks/postgresql-9.5.2/ecpg.bc>:find_variable:0	*stack_alloc@find_variable[%struct.variable** %retval]
</home/yz489/egg-smol-benchmark-pointer-analysis/benchmarks/postgresql-9.5.2/ecpg.bc>:find_variable:1	*stack_alloc@find_variable[i8** %name.addr]
</home/yz489/egg-smol-benchmark-pointer-analysis/benchmarks/postgresql-9.5.2/ecpg.bc>:find_variable:2	*stack_alloc@find_variable[i8** %next]
</home/yz489/egg-smol-benchmark-pointer-analysis/benchmarks/postgresql-9.5.2/ecpg.bc>:find_variable:3	*stack_alloc@find_variable[i8** %end]
</home/yz489/egg-smol-benchmark-pointer-analysis/benchmarks/postgresql-9.5.2/ecpg.bc>:find_variable:4	*stack_alloc@find_variable[%struct.variable** %p]
</home/yz489/egg-smol-benchmark-pointer-analysis/benchmarks/postgresql-9.5.2/ecpg.bc>:find_variable:5	*stack_alloc@find_variable[i32* %count]
</home/yz489/egg-smol-benchmark-pointer-analysis/benchmarks/postgresql-9.5.2/ecpg.bc>:find_variable:6	*stack_alloc@find_variable[i8* %c]
</home/yz489/egg-smol-benchmark-pointer-analysis/benchmarks/postgresql-9.5.2/ecpg.bc>:remove_typedefs:0	*stack_alloc@remove_typedefs[i32* %brace_level.addr]
</home/yz489/egg-smol-benchmark-pointer-analysis/benchmarks/postgresql-9.5.2/ecpg.bc>:remove_typedefs:1	*stack_alloc@remove_typedefs[%struct.typedefs** %p]
</home/yz489/egg-smol-benchmark-pointer-analysis/benchmarks/postgresql-9.5.2/ecpg.bc>:remove_typedefs:2	*stack_alloc@remove_typedefs[%struct.typedefs** %prev]
</home/yz489/egg-smol-benchmark-pointer-analysis/benchmarks/postgresql-9.5.2/ecpg.bc>:remove_variables:0	*stack_alloc@remove_variables[i32* %brace_level.addr]
</home/yz489/egg-smol-benchmark-pointer-analysis/benchmarks/postgresql-9.5.2/ecpg.bc>:remove_variables:1	*stack_alloc@remove_variables[%struct.variable** %p]
</home/yz489/egg-smol-benchmark-pointer-analysis/benchmarks/postgresql-9.5.2/ecpg.bc>:remove_variables:2	*stack_alloc@remove_variables[%struct.variable** %prev]
</home/yz489/egg-smol-benchmark-pointer-analysis/benchmarks/postgresql-9.5.2/ecpg.bc>:remove_variables:3	*stack_alloc@remove_variables[%struct.cursor** %ptr]
</home/yz489/egg-smol-benchmark-pointer-analysis/benchmarks/postgresql-9.5.2/ecpg.bc>:remove_variables:4	*stack_alloc@remove_variables[%struct.arguments** %varptr]
</home/yz489/egg-smol-benchmark-pointer-analysis/benchmarks/postgresql-9.5.2/ecpg.bc>:remove_variables:5	*stack_alloc@remove_variables[%struct.arguments** %prevvar]
</home/yz489/egg-smol-benchmark-pointer-analysis/benchmarks/postgresql-9.5.2/ecpg.bc>:add_variable_to_head:0	*stack_alloc@add_variable_to_head[%struct.arguments*** %list.addr]
</home/yz489/egg-smol-benchmark-pointer-analysis/benchmarks/postgresql-9.5.2/ecpg.bc>:add_variable_to_head:1	*stack_alloc@add_variable_to_head[%struct.variable** %var.addr]
</home/yz489/egg-smol-benchmark-pointer-analysis/benchmarks/postgresql-9.5.2/ecpg.bc>:add_variable_to_head:2	*stack_alloc@add_variable_to_head[%struct.variable** %ind.addr]
</home/yz489/egg-smol-benchmark-pointer-analysis/benchmarks/postgresql-9.5.2/ecpg.bc>:add_variable_to_head:3	*stack_alloc@add_variable_to_head[%struct.arguments** %p]
</home/yz489/egg-smol-benchmark-pointer-analysis/benchmarks/postgresql-9.5.2/ecpg.bc>:add_variable_to_tail:0	*stack_alloc@add_variable_to_tail[%struct.arguments*** %list.addr]
</home/yz489/egg-smol-benchmark-pointer-analysis/benchmarks/postgresql-9.5.2/ecpg.bc>:add_variable_to_tail:1	*stack_alloc@add_variable_to_tail[%struct.variable** %var.addr]
</home/yz489/egg-smol-benchmark-pointer-analysis/benchmarks/postgresql-9.5.2/ecpg.bc>:add_variable_to_tail:2	*stack_alloc@add_variable_to_tail[%struct.variable** %ind.addr]
</home/yz489/egg-smol-benchmark-pointer-analysis/benchmarks/postgresql-9.5.2/ecpg.bc>:add_variable_to_tail:3	*stack_alloc@add_variable_to_tail[%struct.arguments** %p]
</home/yz489/egg-smol-benchmark-pointer-analysis/benchmarks/postgresql-9.5.2/ecpg.bc>:add_variable_to_tail:4	*stack_alloc@add_variable_to_tail[%struct.arguments** %new]
</home/yz489/egg-smol-benchmark-pointer-analysis/benchmarks/postgresql-9.5.2/ecpg.bc>:remove_variable_from_list:0	*stack_alloc@remove_variable_from_list[%struct.arguments*** %list.addr]
</home/yz489/egg-smol-benchmark-pointer-analysis/benchmarks/postgresql-9.5.2/ecpg.bc>:remove_variable_from_list:1	*stack_alloc@remove_variable_from_list[%struct.variable** %var.addr]
</home/yz489/egg-smol-benchmark-pointer-analysis/benchmarks/postgresql-9.5.2/ecpg.bc>:remove_variable_from_list:2	*stack_alloc@remove_variable_from_list[%struct.arguments** %p]
</home/yz489/egg-smol-benchmark-pointer-analysis/benchmarks/postgresql-9.5.2/ecpg.bc>:remove_variable_from_list:3	*stack_alloc@remove_variable_from_list[%struct.arguments** %prev]
</home/yz489/egg-smol-benchmark-pointer-analysis/benchmarks/postgresql-9.5.2/ecpg.bc>:remove_variable_from_list:4	*stack_alloc@remove_variable_from_list[i8* %found]
</home/yz489/egg-smol-benchmark-pointer-analysis/benchmarks/postgresql-9.5.2/ecpg.bc>:dump_variables:0	*stack_alloc@dump_variables[%struct.arguments** %list.addr]
</home/yz489/egg-smol-benchmark-pointer-analysis/benchmarks/postgresql-9.5.2/ecpg.bc>:dump_variables:1	*stack_alloc@dump_variables[i32* %mode.addr]
</home/yz489/egg-smol-benchmark-pointer-analysis/benchmarks/postgresql-9.5.2/ecpg.bc>:dump_variables:2	*stack_alloc@dump_variables[i8** %str_zero]
</home/yz489/egg-smol-benchmark-pointer-analysis/benchmarks/postgresql-9.5.2/ecpg.bc>:check_indicator:0	*stack_alloc@check_indicator[%struct.ECPGtype** %var.addr]
</home/yz489/egg-smol-benchmark-pointer-analysis/benchmarks/postgresql-9.5.2/ecpg.bc>:check_indicator:1	*stack_alloc@check_indicator[%struct.ECPGstruct_member** %p]
</home/yz489/egg-smol-benchmark-pointer-analysis/benchmarks/postgresql-9.5.2/ecpg.bc>:get_typedef:0	*stack_alloc@get_typedef[i8** %name.addr]
</home/yz489/egg-smol-benchmark-pointer-analysis/benchmarks/postgresql-9.5.2/ecpg.bc>:get_typedef:1	*stack_alloc@get_typedef[%struct.typedefs** %this]
</home/yz489/egg-smol-benchmark-pointer-analysis/benchmarks/postgresql-9.5.2/ecpg.bc>:adjust_array:0	*stack_alloc@adjust_array[i32* %type_enum.addr]
</home/yz489/egg-smol-benchmark-pointer-analysis/benchmarks/postgresql-9.5.2/ecpg.bc>:adjust_array:1	*stack_alloc@adjust_array[i8*** %dimension.addr]
</home/yz489/egg-smol-benchmark-pointer-analysis/benchmarks/postgresql-9.5.2/ecpg.bc>:adjust_array:2	*stack_alloc@adjust_array[i8*** %length.addr]
</home/yz489/egg-smol-benchmark-pointer-analysis/benchmarks/postgresql-9.5.2/ecpg.bc>:adjust_array:3	*stack_alloc@adjust_array[i8** %type_dimension.addr]
</home/yz489/egg-smol-benchmark-pointer-analysis/benchmarks/postgresql-9.5.2/ecpg.bc>:adjust_array:4	*stack_alloc@adjust_array[i8** %type_index.addr]
</home/yz489/egg-smol-benchmark-pointer-analysis/benchmarks/postgresql-9.5.2/ecpg.bc>:adjust_array:5	*stack_alloc@adjust_array[i32* %pointer_len.addr]
</home/yz489/egg-smol-benchmark-pointer-analysis/benchmarks/postgresql-9.5.2/ecpg.bc>:adjust_array:6	*stack_alloc@adjust_array[i8* %type_definition.addr]
</home/yz489/egg-smol-benchmark-pointer-analysis/benchmarks/postgresql-9.5.2/ecpg.bc>:find_struct:0	*stack_alloc@find_struct[%struct.variable** %retval]
</home/yz489/egg-smol-benchmark-pointer-analysis/benchmarks/postgresql-9.5.2/ecpg.bc>:find_struct:1	*stack_alloc@find_struct[i8** %name.addr]
</home/yz489/egg-smol-benchmark-pointer-analysis/benchmarks/postgresql-9.5.2/ecpg.bc>:find_struct:2	*stack_alloc@find_struct[i8** %next.addr]
</home/yz489/egg-smol-benchmark-pointer-analysis/benchmarks/postgresql-9.5.2/ecpg.bc>:find_struct:3	*stack_alloc@find_struct[i8** %end.addr]
</home/yz489/egg-smol-benchmark-pointer-analysis/benchmarks/postgresql-9.5.2/ecpg.bc>:find_struct:4	*stack_alloc@find_struct[%struct.variable** %p]
</home/yz489/egg-smol-benchmark-pointer-analysis/benchmarks/postgresql-9.5.2/ecpg.bc>:find_struct:5	*stack_alloc@find_struct[i8* %c]
</home/yz489/egg-smol-benchmark-pointer-analysis/benchmarks/postgresql-9.5.2/ecpg.bc>:find_simple:0	*stack_alloc@find_simple[%struct.variable** %retval]
</home/yz489/egg-smol-benchmark-pointer-analysis/benchmarks/postgresql-9.5.2/ecpg.bc>:find_simple:1	*stack_alloc@find_simple[i8** %name.addr]
</home/yz489/egg-smol-benchmark-pointer-analysis/benchmarks/postgresql-9.5.2/ecpg.bc>:find_simple:2	*stack_alloc@find_simple[%struct.variable** %p]
</home/yz489/egg-smol-benchmark-pointer-analysis/benchmarks/postgresql-9.5.2/ecpg.bc>:find_struct_member:0	*stack_alloc@find_struct_member[%struct.variable** %retval]
</home/yz489/egg-smol-benchmark-pointer-analysis/benchmarks/postgresql-9.5.2/ecpg.bc>:find_struct_member:1	*stack_alloc@find_struct_member[i8** %name.addr]
</home/yz489/egg-smol-benchmark-pointer-analysis/benchmarks/postgresql-9.5.2/ecpg.bc>:find_struct_member:2	*stack_alloc@find_struct_member[i8** %str.addr]
</home/yz489/egg-smol-benchmark-pointer-analysis/benchmarks/postgresql-9.5.2/ecpg.bc>:find_struct_member:3	*stack_alloc@find_struct_member[%struct.ECPGstruct_member** %members.addr]
</home/yz489/egg-smol-benchmark-pointer-analysis/benchmarks/postgresql-9.5.2/ecpg.bc>:find_struct_member:4	*stack_alloc@find_struct_member[i32* %brace_level.addr]
</home/yz489/egg-smol-benchmark-pointer-analysis/benchmarks/postgresql-9.5.2/ecpg.bc>:find_struct_member:5	*stack_alloc@find_struct_member[i8** %next]
</home/yz489/egg-smol-benchmark-pointer-analysis/benchmarks/postgresql-9.5.2/ecpg.bc>:find_struct_member:6	*stack_alloc@find_struct_member[i8** %end]
</home/yz489/egg-smol-benchmark-pointer-analysis/benchmarks/postgresql-9.5.2/ecpg.bc>:find_struct_member:7	*stack_alloc@find_struct_member[i8* %c]
</home/yz489/egg-smol-benchmark-pointer-analysis/benchmarks/postgresql-9.5.2/ecpg.bc>:find_struct_member:8	*stack_alloc@find_struct_member[i32* %count]
</home/yz489/egg-smol-benchmark-pointer-analysis/benchmarks/postgresql-9.5.2/ecpg.bc>:base_yyparse:155	*heap_alloc@base_yyparse[i8* %call]
</home/yz489/egg-smol-benchmark-pointer-analysis/benchmarks/postgresql-9.5.2/ecpg.bc>:yyalloc:3	*heap_alloc@yyalloc[i8* %call]
</home/yz489/egg-smol-benchmark-pointer-analysis/benchmarks/postgresql-9.5.2/ecpg.bc>:yyrealloc:6	*heap_alloc@yyrealloc[i8* %call]
</home/yz489/egg-smol-benchmark-pointer-analysis/benchmarks/postgresql-9.5.2/ecpg.bc>:lex_init:23	*heap_alloc@lex_init[i8* %call]
</home/yz489/egg-smol-benchmark-pointer-analysis/benchmarks/postgresql-9.5.2/ecpg.bc>:addlitchar:13	*heap_alloc@addlitchar[i8* %call]
</home/yz489/egg-smol-benchmark-pointer-analysis/benchmarks/postgresql-9.5.2/ecpg.bc>:addlit:24	*heap_alloc@addlit[i8* %call]
</home/yz489/egg-smol-benchmark-pointer-analysis/benchmarks/postgresql-9.5.2/ecpg.bc>:mm_alloc:4	*heap_alloc@mm_alloc[i8* %call]
