</home/yz489/egg-smol-benchmark-pointer-analysis/benchmarks/postgresql-9.5.2/ecpg.bc>:mmerror	0	</home/yz489/egg-smol-benchmark-pointer-analysis/benchmarks/postgresql-9.5.2/ecpg.bc>:mmerror:%error_code
</home/yz489/egg-smol-benchmark-pointer-analysis/benchmarks/postgresql-9.5.2/ecpg.bc>:mmerror	1	</home/yz489/egg-smol-benchmark-pointer-analysis/benchmarks/postgresql-9.5.2/ecpg.bc>:mmerror:%type
</home/yz489/egg-smol-benchmark-pointer-analysis/benchmarks/postgresql-9.5.2/ecpg.bc>:mmerror	2	</home/yz489/egg-smol-benchmark-pointer-analysis/benchmarks/postgresql-9.5.2/ecpg.bc>:mmerror:%error
</home/yz489/egg-smol-benchmark-pointer-analysis/benchmarks/postgresql-9.5.2/ecpg.bc>:mmfatal	0	</home/yz489/egg-smol-benchmark-pointer-analysis/benchmarks/postgresql-9.5.2/ecpg.bc>:mmfatal:%error_code
</home/yz489/egg-smol-benchmark-pointer-analysis/benchmarks/postgresql-9.5.2/ecpg.bc>:mmfatal	1	</home/yz489/egg-smol-benchmark-pointer-analysis/benchmarks/postgresql-9.5.2/ecpg.bc>:mmfatal:%error
</home/yz489/egg-smol-benchmark-pointer-analysis/benchmarks/postgresql-9.5.2/ecpg.bc>:base_yyerror	0	</home/yz489/egg-smol-benchmark-pointer-analysis/benchmarks/postgresql-9.5.2/ecpg.bc>:base_yyerror:%error
</home/yz489/egg-smol-benchmark-pointer-analysis/benchmarks/postgresql-9.5.2/ecpg.bc>:yy_create_buffer	0	</home/yz489/egg-smol-benchmark-pointer-analysis/benchmarks/postgresql-9.5.2/ecpg.bc>:yy_create_buffer:%file
</home/yz489/egg-smol-benchmark-pointer-analysis/benchmarks/postgresql-9.5.2/ecpg.bc>:yy_create_buffer	1	</home/yz489/egg-smol-benchmark-pointer-analysis/benchmarks/postgresql-9.5.2/ecpg.bc>:yy_create_buffer:%size
</home/yz489/egg-smol-benchmark-pointer-analysis/benchmarks/postgresql-9.5.2/ecpg.bc>:yy_delete_buffer	0	</home/yz489/egg-smol-benchmark-pointer-analysis/benchmarks/postgresql-9.5.2/ecpg.bc>:yy_delete_buffer:%b
</home/yz489/egg-smol-benchmark-pointer-analysis/benchmarks/postgresql-9.5.2/ecpg.bc>:yy_switch_to_buffer	0	</home/yz489/egg-smol-benchmark-pointer-analysis/benchmarks/postgresql-9.5.2/ecpg.bc>:yy_switch_to_buffer:%new_buffer
</home/yz489/egg-smol-benchmark-pointer-analysis/benchmarks/postgresql-9.5.2/ecpg.bc>:yyrestart	0	</home/yz489/egg-smol-benchmark-pointer-analysis/benchmarks/postgresql-9.5.2/ecpg.bc>:yyrestart:%input_file
</home/yz489/egg-smol-benchmark-pointer-analysis/benchmarks/postgresql-9.5.2/ecpg.bc>:yyalloc	0	</home/yz489/egg-smol-benchmark-pointer-analysis/benchmarks/postgresql-9.5.2/ecpg.bc>:yyalloc:%size
</home/yz489/egg-smol-benchmark-pointer-analysis/benchmarks/postgresql-9.5.2/ecpg.bc>:yyfree	0	</home/yz489/egg-smol-benchmark-pointer-analysis/benchmarks/postgresql-9.5.2/ecpg.bc>:yyfree:%ptr
</home/yz489/egg-smol-benchmark-pointer-analysis/benchmarks/postgresql-9.5.2/ecpg.bc>:yy_flush_buffer	0	</home/yz489/egg-smol-benchmark-pointer-analysis/benchmarks/postgresql-9.5.2/ecpg.bc>:yy_flush_buffer:%b
</home/yz489/egg-smol-benchmark-pointer-analysis/benchmarks/postgresql-9.5.2/ecpg.bc>:yypush_buffer_state	0	</home/yz489/egg-smol-benchmark-pointer-analysis/benchmarks/postgresql-9.5.2/ecpg.bc>:yypush_buffer_state:%new_buffer
</home/yz489/egg-smol-benchmark-pointer-analysis/benchmarks/postgresql-9.5.2/ecpg.bc>:yy_scan_buffer	0	</home/yz489/egg-smol-benchmark-pointer-analysis/benchmarks/postgresql-9.5.2/ecpg.bc>:yy_scan_buffer:%base
</home/yz489/egg-smol-benchmark-pointer-analysis/benchmarks/postgresql-9.5.2/ecpg.bc>:yy_scan_buffer	1	</home/yz489/egg-smol-benchmark-pointer-analysis/benchmarks/postgresql-9.5.2/ecpg.bc>:yy_scan_buffer:%size
</home/yz489/egg-smol-benchmark-pointer-analysis/benchmarks/postgresql-9.5.2/ecpg.bc>:yy_scan_string	0	</home/yz489/egg-smol-benchmark-pointer-analysis/benchmarks/postgresql-9.5.2/ecpg.bc>:yy_scan_string:%yystr
</home/yz489/egg-smol-benchmark-pointer-analysis/benchmarks/postgresql-9.5.2/ecpg.bc>:yy_scan_bytes	0	</home/yz489/egg-smol-benchmark-pointer-analysis/benchmarks/postgresql-9.5.2/ecpg.bc>:yy_scan_bytes:%yybytes
</home/yz489/egg-smol-benchmark-pointer-analysis/benchmarks/postgresql-9.5.2/ecpg.bc>:yy_scan_bytes	1	</home/yz489/egg-smol-benchmark-pointer-analysis/benchmarks/postgresql-9.5.2/ecpg.bc>:yy_scan_bytes:%_yybytes_len
</home/yz489/egg-smol-benchmark-pointer-analysis/benchmarks/postgresql-9.5.2/ecpg.bc>:yyset_lineno	0	</home/yz489/egg-smol-benchmark-pointer-analysis/benchmarks/postgresql-9.5.2/ecpg.bc>:yyset_lineno:%line_number
</home/yz489/egg-smol-benchmark-pointer-analysis/benchmarks/postgresql-9.5.2/ecpg.bc>:yyset_in	0	</home/yz489/egg-smol-benchmark-pointer-analysis/benchmarks/postgresql-9.5.2/ecpg.bc>:yyset_in:%in_str
</home/yz489/egg-smol-benchmark-pointer-analysis/benchmarks/postgresql-9.5.2/ecpg.bc>:yyset_out	0	</home/yz489/egg-smol-benchmark-pointer-analysis/benchmarks/postgresql-9.5.2/ecpg.bc>:yyset_out:%out_str
</home/yz489/egg-smol-benchmark-pointer-analysis/benchmarks/postgresql-9.5.2/ecpg.bc>:yyset_debug	0	</home/yz489/egg-smol-benchmark-pointer-analysis/benchmarks/postgresql-9.5.2/ecpg.bc>:yyset_debug:%bdebug
</home/yz489/egg-smol-benchmark-pointer-analysis/benchmarks/postgresql-9.5.2/ecpg.bc>:yyrealloc	0	</home/yz489/egg-smol-benchmark-pointer-analysis/benchmarks/postgresql-9.5.2/ecpg.bc>:yyrealloc:%ptr
</home/yz489/egg-smol-benchmark-pointer-analysis/benchmarks/postgresql-9.5.2/ecpg.bc>:yyrealloc	1	</home/yz489/egg-smol-benchmark-pointer-analysis/benchmarks/postgresql-9.5.2/ecpg.bc>:yyrealloc:%size
</home/yz489/egg-smol-benchmark-pointer-analysis/benchmarks/postgresql-9.5.2/ecpg.bc>:scanner_init	0	</home/yz489/egg-smol-benchmark-pointer-analysis/benchmarks/postgresql-9.5.2/ecpg.bc>:scanner_init:%str
</home/yz489/egg-smol-benchmark-pointer-analysis/benchmarks/postgresql-9.5.2/ecpg.bc>:vmmerror	0	</home/yz489/egg-smol-benchmark-pointer-analysis/benchmarks/postgresql-9.5.2/ecpg.bc>:vmmerror:%error_code
</home/yz489/egg-smol-benchmark-pointer-analysis/benchmarks/postgresql-9.5.2/ecpg.bc>:vmmerror	1	</home/yz489/egg-smol-benchmark-pointer-analysis/benchmarks/postgresql-9.5.2/ecpg.bc>:vmmerror:%type
</home/yz489/egg-smol-benchmark-pointer-analysis/benchmarks/postgresql-9.5.2/ecpg.bc>:vmmerror	2	</home/yz489/egg-smol-benchmark-pointer-analysis/benchmarks/postgresql-9.5.2/ecpg.bc>:vmmerror:%error
</home/yz489/egg-smol-benchmark-pointer-analysis/benchmarks/postgresql-9.5.2/ecpg.bc>:vmmerror	3	</home/yz489/egg-smol-benchmark-pointer-analysis/benchmarks/postgresql-9.5.2/ecpg.bc>:vmmerror:%ap
</home/yz489/egg-smol-benchmark-pointer-analysis/benchmarks/postgresql-9.5.2/ecpg.bc>:cat_str	0	</home/yz489/egg-smol-benchmark-pointer-analysis/benchmarks/postgresql-9.5.2/ecpg.bc>:cat_str:%count
</home/yz489/egg-smol-benchmark-pointer-analysis/benchmarks/postgresql-9.5.2/ecpg.bc>:add_additional_variables	0	</home/yz489/egg-smol-benchmark-pointer-analysis/benchmarks/postgresql-9.5.2/ecpg.bc>:add_additional_variables:%name
</home/yz489/egg-smol-benchmark-pointer-analysis/benchmarks/postgresql-9.5.2/ecpg.bc>:add_additional_variables	1	</home/yz489/egg-smol-benchmark-pointer-analysis/benchmarks/postgresql-9.5.2/ecpg.bc>:add_additional_variables:%insert
</home/yz489/egg-smol-benchmark-pointer-analysis/benchmarks/postgresql-9.5.2/ecpg.bc>:cat2_str	0	</home/yz489/egg-smol-benchmark-pointer-analysis/benchmarks/postgresql-9.5.2/ecpg.bc>:cat2_str:%str1
</home/yz489/egg-smol-benchmark-pointer-analysis/benchmarks/postgresql-9.5.2/ecpg.bc>:cat2_str	1	</home/yz489/egg-smol-benchmark-pointer-analysis/benchmarks/postgresql-9.5.2/ecpg.bc>:cat2_str:%str2
</home/yz489/egg-smol-benchmark-pointer-analysis/benchmarks/postgresql-9.5.2/ecpg.bc>:adjust_outofscope_cursor_vars	0	</home/yz489/egg-smol-benchmark-pointer-analysis/benchmarks/postgresql-9.5.2/ecpg.bc>:adjust_outofscope_cursor_vars:%cur
</home/yz489/egg-smol-benchmark-pointer-analysis/benchmarks/postgresql-9.5.2/ecpg.bc>:make3_str	0	</home/yz489/egg-smol-benchmark-pointer-analysis/benchmarks/postgresql-9.5.2/ecpg.bc>:make3_str:%str1
</home/yz489/egg-smol-benchmark-pointer-analysis/benchmarks/postgresql-9.5.2/ecpg.bc>:make3_str	1	</home/yz489/egg-smol-benchmark-pointer-analysis/benchmarks/postgresql-9.5.2/ecpg.bc>:make3_str:%str2
</home/yz489/egg-smol-benchmark-pointer-analysis/benchmarks/postgresql-9.5.2/ecpg.bc>:make3_str	2	</home/yz489/egg-smol-benchmark-pointer-analysis/benchmarks/postgresql-9.5.2/ecpg.bc>:make3_str:%str3
</home/yz489/egg-smol-benchmark-pointer-analysis/benchmarks/postgresql-9.5.2/ecpg.bc>:make2_str	0	</home/yz489/egg-smol-benchmark-pointer-analysis/benchmarks/postgresql-9.5.2/ecpg.bc>:make2_str:%str1
</home/yz489/egg-smol-benchmark-pointer-analysis/benchmarks/postgresql-9.5.2/ecpg.bc>:make2_str	1	</home/yz489/egg-smol-benchmark-pointer-analysis/benchmarks/postgresql-9.5.2/ecpg.bc>:make2_str:%str2
</home/yz489/egg-smol-benchmark-pointer-analysis/benchmarks/postgresql-9.5.2/ecpg.bc>:add_typedef	0	</home/yz489/egg-smol-benchmark-pointer-analysis/benchmarks/postgresql-9.5.2/ecpg.bc>:add_typedef:%name
</home/yz489/egg-smol-benchmark-pointer-analysis/benchmarks/postgresql-9.5.2/ecpg.bc>:add_typedef	1	</home/yz489/egg-smol-benchmark-pointer-analysis/benchmarks/postgresql-9.5.2/ecpg.bc>:add_typedef:%dimension
</home/yz489/egg-smol-benchmark-pointer-analysis/benchmarks/postgresql-9.5.2/ecpg.bc>:add_typedef	2	</home/yz489/egg-smol-benchmark-pointer-analysis/benchmarks/postgresql-9.5.2/ecpg.bc>:add_typedef:%length
</home/yz489/egg-smol-benchmark-pointer-analysis/benchmarks/postgresql-9.5.2/ecpg.bc>:add_typedef	3	</home/yz489/egg-smol-benchmark-pointer-analysis/benchmarks/postgresql-9.5.2/ecpg.bc>:add_typedef:%type_enum
</home/yz489/egg-smol-benchmark-pointer-analysis/benchmarks/postgresql-9.5.2/ecpg.bc>:add_typedef	4	</home/yz489/egg-smol-benchmark-pointer-analysis/benchmarks/postgresql-9.5.2/ecpg.bc>:add_typedef:%type_dimension
</home/yz489/egg-smol-benchmark-pointer-analysis/benchmarks/postgresql-9.5.2/ecpg.bc>:add_typedef	5	</home/yz489/egg-smol-benchmark-pointer-analysis/benchmarks/postgresql-9.5.2/ecpg.bc>:add_typedef:%type_index
</home/yz489/egg-smol-benchmark-pointer-analysis/benchmarks/postgresql-9.5.2/ecpg.bc>:add_typedef	6	</home/yz489/egg-smol-benchmark-pointer-analysis/benchmarks/postgresql-9.5.2/ecpg.bc>:add_typedef:%initializer
</home/yz489/egg-smol-benchmark-pointer-analysis/benchmarks/postgresql-9.5.2/ecpg.bc>:add_typedef	7	</home/yz489/egg-smol-benchmark-pointer-analysis/benchmarks/postgresql-9.5.2/ecpg.bc>:add_typedef:%array
</home/yz489/egg-smol-benchmark-pointer-analysis/benchmarks/postgresql-9.5.2/ecpg.bc>:create_questionmarks	0	</home/yz489/egg-smol-benchmark-pointer-analysis/benchmarks/postgresql-9.5.2/ecpg.bc>:create_questionmarks:%name
</home/yz489/egg-smol-benchmark-pointer-analysis/benchmarks/postgresql-9.5.2/ecpg.bc>:create_questionmarks	1	</home/yz489/egg-smol-benchmark-pointer-analysis/benchmarks/postgresql-9.5.2/ecpg.bc>:create_questionmarks:%array
</home/yz489/egg-smol-benchmark-pointer-analysis/benchmarks/postgresql-9.5.2/ecpg.bc>:yydestruct	0	</home/yz489/egg-smol-benchmark-pointer-analysis/benchmarks/postgresql-9.5.2/ecpg.bc>:yydestruct:%yymsg
</home/yz489/egg-smol-benchmark-pointer-analysis/benchmarks/postgresql-9.5.2/ecpg.bc>:yydestruct	1	</home/yz489/egg-smol-benchmark-pointer-analysis/benchmarks/postgresql-9.5.2/ecpg.bc>:yydestruct:%yytype
</home/yz489/egg-smol-benchmark-pointer-analysis/benchmarks/postgresql-9.5.2/ecpg.bc>:yydestruct	2	</home/yz489/egg-smol-benchmark-pointer-analysis/benchmarks/postgresql-9.5.2/ecpg.bc>:yydestruct:%yyvaluep
</home/yz489/egg-smol-benchmark-pointer-analysis/benchmarks/postgresql-9.5.2/ecpg.bc>:yydestruct	3	</home/yz489/egg-smol-benchmark-pointer-analysis/benchmarks/postgresql-9.5.2/ecpg.bc>:yydestruct:%yylocationp
</home/yz489/egg-smol-benchmark-pointer-analysis/benchmarks/postgresql-9.5.2/ecpg.bc>:addlitchar	0	</home/yz489/egg-smol-benchmark-pointer-analysis/benchmarks/postgresql-9.5.2/ecpg.bc>:addlitchar:%ychar
</home/yz489/egg-smol-benchmark-pointer-analysis/benchmarks/postgresql-9.5.2/ecpg.bc>:addlit	0	</home/yz489/egg-smol-benchmark-pointer-analysis/benchmarks/postgresql-9.5.2/ecpg.bc>:addlit:%ytext
</home/yz489/egg-smol-benchmark-pointer-analysis/benchmarks/postgresql-9.5.2/ecpg.bc>:addlit	1	</home/yz489/egg-smol-benchmark-pointer-analysis/benchmarks/postgresql-9.5.2/ecpg.bc>:addlit:%yleng
</home/yz489/egg-smol-benchmark-pointer-analysis/benchmarks/postgresql-9.5.2/ecpg.bc>:yyunput	0	</home/yz489/egg-smol-benchmark-pointer-analysis/benchmarks/postgresql-9.5.2/ecpg.bc>:yyunput:%c
</home/yz489/egg-smol-benchmark-pointer-analysis/benchmarks/postgresql-9.5.2/ecpg.bc>:yyunput	1	</home/yz489/egg-smol-benchmark-pointer-analysis/benchmarks/postgresql-9.5.2/ecpg.bc>:yyunput:%yy_bp
</home/yz489/egg-smol-benchmark-pointer-analysis/benchmarks/postgresql-9.5.2/ecpg.bc>:ecpg_isspace	0	</home/yz489/egg-smol-benchmark-pointer-analysis/benchmarks/postgresql-9.5.2/ecpg.bc>:ecpg_isspace:%ch
</home/yz489/egg-smol-benchmark-pointer-analysis/benchmarks/postgresql-9.5.2/ecpg.bc>:yy_fatal_error	0	</home/yz489/egg-smol-benchmark-pointer-analysis/benchmarks/postgresql-9.5.2/ecpg.bc>:yy_fatal_error:%msg
</home/yz489/egg-smol-benchmark-pointer-analysis/benchmarks/postgresql-9.5.2/ecpg.bc>:yy_try_NUL_trans	0	</home/yz489/egg-smol-benchmark-pointer-analysis/benchmarks/postgresql-9.5.2/ecpg.bc>:yy_try_NUL_trans:%yy_current_state
</home/yz489/egg-smol-benchmark-pointer-analysis/benchmarks/postgresql-9.5.2/ecpg.bc>:yy_init_buffer	0	</home/yz489/egg-smol-benchmark-pointer-analysis/benchmarks/postgresql-9.5.2/ecpg.bc>:yy_init_buffer:%b
</home/yz489/egg-smol-benchmark-pointer-analysis/benchmarks/postgresql-9.5.2/ecpg.bc>:yy_init_buffer	1	</home/yz489/egg-smol-benchmark-pointer-analysis/benchmarks/postgresql-9.5.2/ecpg.bc>:yy_init_buffer:%file
</home/yz489/egg-smol-benchmark-pointer-analysis/benchmarks/postgresql-9.5.2/ecpg.bc>:mm_alloc	0	</home/yz489/egg-smol-benchmark-pointer-analysis/benchmarks/postgresql-9.5.2/ecpg.bc>:mm_alloc:%size
</home/yz489/egg-smol-benchmark-pointer-analysis/benchmarks/postgresql-9.5.2/ecpg.bc>:mm_strdup	0	</home/yz489/egg-smol-benchmark-pointer-analysis/benchmarks/postgresql-9.5.2/ecpg.bc>:mm_strdup:%string
</home/yz489/egg-smol-benchmark-pointer-analysis/benchmarks/postgresql-9.5.2/ecpg.bc>:ECPGstruct_member_dup	0	</home/yz489/egg-smol-benchmark-pointer-analysis/benchmarks/postgresql-9.5.2/ecpg.bc>:ECPGstruct_member_dup:%rm
</home/yz489/egg-smol-benchmark-pointer-analysis/benchmarks/postgresql-9.5.2/ecpg.bc>:ECPGmake_struct_type	0	</home/yz489/egg-smol-benchmark-pointer-analysis/benchmarks/postgresql-9.5.2/ecpg.bc>:ECPGmake_struct_type:%rm
</home/yz489/egg-smol-benchmark-pointer-analysis/benchmarks/postgresql-9.5.2/ecpg.bc>:ECPGmake_struct_type	1	</home/yz489/egg-smol-benchmark-pointer-analysis/benchmarks/postgresql-9.5.2/ecpg.bc>:ECPGmake_struct_type:%type
</home/yz489/egg-smol-benchmark-pointer-analysis/benchmarks/postgresql-9.5.2/ecpg.bc>:ECPGmake_struct_type	2	</home/yz489/egg-smol-benchmark-pointer-analysis/benchmarks/postgresql-9.5.2/ecpg.bc>:ECPGmake_struct_type:%type_name
</home/yz489/egg-smol-benchmark-pointer-analysis/benchmarks/postgresql-9.5.2/ecpg.bc>:ECPGmake_struct_type	3	</home/yz489/egg-smol-benchmark-pointer-analysis/benchmarks/postgresql-9.5.2/ecpg.bc>:ECPGmake_struct_type:%struct_sizeof
</home/yz489/egg-smol-benchmark-pointer-analysis/benchmarks/postgresql-9.5.2/ecpg.bc>:ECPGmake_array_type	0	</home/yz489/egg-smol-benchmark-pointer-analysis/benchmarks/postgresql-9.5.2/ecpg.bc>:ECPGmake_array_type:%type
</home/yz489/egg-smol-benchmark-pointer-analysis/benchmarks/postgresql-9.5.2/ecpg.bc>:ECPGmake_array_type	1	</home/yz489/egg-smol-benchmark-pointer-analysis/benchmarks/postgresql-9.5.2/ecpg.bc>:ECPGmake_array_type:%size
</home/yz489/egg-smol-benchmark-pointer-analysis/benchmarks/postgresql-9.5.2/ecpg.bc>:ECPGmake_simple_type	0	</home/yz489/egg-smol-benchmark-pointer-analysis/benchmarks/postgresql-9.5.2/ecpg.bc>:ECPGmake_simple_type:%type
</home/yz489/egg-smol-benchmark-pointer-analysis/benchmarks/postgresql-9.5.2/ecpg.bc>:ECPGmake_simple_type	1	</home/yz489/egg-smol-benchmark-pointer-analysis/benchmarks/postgresql-9.5.2/ecpg.bc>:ECPGmake_simple_type:%size
</home/yz489/egg-smol-benchmark-pointer-analysis/benchmarks/postgresql-9.5.2/ecpg.bc>:ECPGmake_simple_type	2	</home/yz489/egg-smol-benchmark-pointer-analysis/benchmarks/postgresql-9.5.2/ecpg.bc>:ECPGmake_simple_type:%counter
</home/yz489/egg-smol-benchmark-pointer-analysis/benchmarks/postgresql-9.5.2/ecpg.bc>:ECPGmake_struct_member	0	</home/yz489/egg-smol-benchmark-pointer-analysis/benchmarks/postgresql-9.5.2/ecpg.bc>:ECPGmake_struct_member:%name
</home/yz489/egg-smol-benchmark-pointer-analysis/benchmarks/postgresql-9.5.2/ecpg.bc>:ECPGmake_struct_member	1	</home/yz489/egg-smol-benchmark-pointer-analysis/benchmarks/postgresql-9.5.2/ecpg.bc>:ECPGmake_struct_member:%type
</home/yz489/egg-smol-benchmark-pointer-analysis/benchmarks/postgresql-9.5.2/ecpg.bc>:ECPGmake_struct_member	2	</home/yz489/egg-smol-benchmark-pointer-analysis/benchmarks/postgresql-9.5.2/ecpg.bc>:ECPGmake_struct_member:%start
</home/yz489/egg-smol-benchmark-pointer-analysis/benchmarks/postgresql-9.5.2/ecpg.bc>:ECPGdump_a_type	0	</home/yz489/egg-smol-benchmark-pointer-analysis/benchmarks/postgresql-9.5.2/ecpg.bc>:ECPGdump_a_type:%o
</home/yz489/egg-smol-benchmark-pointer-analysis/benchmarks/postgresql-9.5.2/ecpg.bc>:ECPGdump_a_type	1	</home/yz489/egg-smol-benchmark-pointer-analysis/benchmarks/postgresql-9.5.2/ecpg.bc>:ECPGdump_a_type:%name
</home/yz489/egg-smol-benchmark-pointer-analysis/benchmarks/postgresql-9.5.2/ecpg.bc>:ECPGdump_a_type	2	</home/yz489/egg-smol-benchmark-pointer-analysis/benchmarks/postgresql-9.5.2/ecpg.bc>:ECPGdump_a_type:%type
</home/yz489/egg-smol-benchmark-pointer-analysis/benchmarks/postgresql-9.5.2/ecpg.bc>:ECPGdump_a_type	3	</home/yz489/egg-smol-benchmark-pointer-analysis/benchmarks/postgresql-9.5.2/ecpg.bc>:ECPGdump_a_type:%brace_level
</home/yz489/egg-smol-benchmark-pointer-analysis/benchmarks/postgresql-9.5.2/ecpg.bc>:ECPGdump_a_type	4	</home/yz489/egg-smol-benchmark-pointer-analysis/benchmarks/postgresql-9.5.2/ecpg.bc>:ECPGdump_a_type:%ind_name
</home/yz489/egg-smol-benchmark-pointer-analysis/benchmarks/postgresql-9.5.2/ecpg.bc>:ECPGdump_a_type	5	</home/yz489/egg-smol-benchmark-pointer-analysis/benchmarks/postgresql-9.5.2/ecpg.bc>:ECPGdump_a_type:%ind_type
</home/yz489/egg-smol-benchmark-pointer-analysis/benchmarks/postgresql-9.5.2/ecpg.bc>:ECPGdump_a_type	6	</home/yz489/egg-smol-benchmark-pointer-analysis/benchmarks/postgresql-9.5.2/ecpg.bc>:ECPGdump_a_type:%ind_brace_level
</home/yz489/egg-smol-benchmark-pointer-analysis/benchmarks/postgresql-9.5.2/ecpg.bc>:ECPGdump_a_type	7	</home/yz489/egg-smol-benchmark-pointer-analysis/benchmarks/postgresql-9.5.2/ecpg.bc>:ECPGdump_a_type:%prefix
</home/yz489/egg-smol-benchmark-pointer-analysis/benchmarks/postgresql-9.5.2/ecpg.bc>:ECPGdump_a_type	8	</home/yz489/egg-smol-benchmark-pointer-analysis/benchmarks/postgresql-9.5.2/ecpg.bc>:ECPGdump_a_type:%ind_prefix
</home/yz489/egg-smol-benchmark-pointer-analysis/benchmarks/postgresql-9.5.2/ecpg.bc>:ECPGdump_a_type	9	</home/yz489/egg-smol-benchmark-pointer-analysis/benchmarks/postgresql-9.5.2/ecpg.bc>:ECPGdump_a_type:%arr_str_siz
</home/yz489/egg-smol-benchmark-pointer-analysis/benchmarks/postgresql-9.5.2/ecpg.bc>:ECPGdump_a_type	10	</home/yz489/egg-smol-benchmark-pointer-analysis/benchmarks/postgresql-9.5.2/ecpg.bc>:ECPGdump_a_type:%struct_sizeof
</home/yz489/egg-smol-benchmark-pointer-analysis/benchmarks/postgresql-9.5.2/ecpg.bc>:ECPGdump_a_type	11	</home/yz489/egg-smol-benchmark-pointer-analysis/benchmarks/postgresql-9.5.2/ecpg.bc>:ECPGdump_a_type:%ind_struct_sizeof
</home/yz489/egg-smol-benchmark-pointer-analysis/benchmarks/postgresql-9.5.2/ecpg.bc>:ECPGfree_struct_member	0	</home/yz489/egg-smol-benchmark-pointer-analysis/benchmarks/postgresql-9.5.2/ecpg.bc>:ECPGfree_struct_member:%rm
</home/yz489/egg-smol-benchmark-pointer-analysis/benchmarks/postgresql-9.5.2/ecpg.bc>:ECPGfree_type	0	</home/yz489/egg-smol-benchmark-pointer-analysis/benchmarks/postgresql-9.5.2/ecpg.bc>:ECPGfree_type:%type
</home/yz489/egg-smol-benchmark-pointer-analysis/benchmarks/postgresql-9.5.2/ecpg.bc>:get_dtype	0	</home/yz489/egg-smol-benchmark-pointer-analysis/benchmarks/postgresql-9.5.2/ecpg.bc>:get_dtype:%type
</home/yz489/egg-smol-benchmark-pointer-analysis/benchmarks/postgresql-9.5.2/ecpg.bc>:ECPGdump_a_struct	0	</home/yz489/egg-smol-benchmark-pointer-analysis/benchmarks/postgresql-9.5.2/ecpg.bc>:ECPGdump_a_struct:%o
</home/yz489/egg-smol-benchmark-pointer-analysis/benchmarks/postgresql-9.5.2/ecpg.bc>:ECPGdump_a_struct	1	</home/yz489/egg-smol-benchmark-pointer-analysis/benchmarks/postgresql-9.5.2/ecpg.bc>:ECPGdump_a_struct:%name
</home/yz489/egg-smol-benchmark-pointer-analysis/benchmarks/postgresql-9.5.2/ecpg.bc>:ECPGdump_a_struct	2	</home/yz489/egg-smol-benchmark-pointer-analysis/benchmarks/postgresql-9.5.2/ecpg.bc>:ECPGdump_a_struct:%ind_name
</home/yz489/egg-smol-benchmark-pointer-analysis/benchmarks/postgresql-9.5.2/ecpg.bc>:ECPGdump_a_struct	3	</home/yz489/egg-smol-benchmark-pointer-analysis/benchmarks/postgresql-9.5.2/ecpg.bc>:ECPGdump_a_struct:%arrsiz
</home/yz489/egg-smol-benchmark-pointer-analysis/benchmarks/postgresql-9.5.2/ecpg.bc>:ECPGdump_a_struct	4	</home/yz489/egg-smol-benchmark-pointer-analysis/benchmarks/postgresql-9.5.2/ecpg.bc>:ECPGdump_a_struct:%type
</home/yz489/egg-smol-benchmark-pointer-analysis/benchmarks/postgresql-9.5.2/ecpg.bc>:ECPGdump_a_struct	5	</home/yz489/egg-smol-benchmark-pointer-analysis/benchmarks/postgresql-9.5.2/ecpg.bc>:ECPGdump_a_struct:%ind_type
</home/yz489/egg-smol-benchmark-pointer-analysis/benchmarks/postgresql-9.5.2/ecpg.bc>:ECPGdump_a_struct	6	</home/yz489/egg-smol-benchmark-pointer-analysis/benchmarks/postgresql-9.5.2/ecpg.bc>:ECPGdump_a_struct:%prefix
</home/yz489/egg-smol-benchmark-pointer-analysis/benchmarks/postgresql-9.5.2/ecpg.bc>:ECPGdump_a_struct	7	</home/yz489/egg-smol-benchmark-pointer-analysis/benchmarks/postgresql-9.5.2/ecpg.bc>:ECPGdump_a_struct:%ind_prefix
</home/yz489/egg-smol-benchmark-pointer-analysis/benchmarks/postgresql-9.5.2/ecpg.bc>:ECPGdump_a_simple	0	</home/yz489/egg-smol-benchmark-pointer-analysis/benchmarks/postgresql-9.5.2/ecpg.bc>:ECPGdump_a_simple:%o
</home/yz489/egg-smol-benchmark-pointer-analysis/benchmarks/postgresql-9.5.2/ecpg.bc>:ECPGdump_a_simple	1	</home/yz489/egg-smol-benchmark-pointer-analysis/benchmarks/postgresql-9.5.2/ecpg.bc>:ECPGdump_a_simple:%name
</home/yz489/egg-smol-benchmark-pointer-analysis/benchmarks/postgresql-9.5.2/ecpg.bc>:ECPGdump_a_simple	2	</home/yz489/egg-smol-benchmark-pointer-analysis/benchmarks/postgresql-9.5.2/ecpg.bc>:ECPGdump_a_simple:%type
</home/yz489/egg-smol-benchmark-pointer-analysis/benchmarks/postgresql-9.5.2/ecpg.bc>:ECPGdump_a_simple	3	</home/yz489/egg-smol-benchmark-pointer-analysis/benchmarks/postgresql-9.5.2/ecpg.bc>:ECPGdump_a_simple:%varcharsize
</home/yz489/egg-smol-benchmark-pointer-analysis/benchmarks/postgresql-9.5.2/ecpg.bc>:ECPGdump_a_simple	4	</home/yz489/egg-smol-benchmark-pointer-analysis/benchmarks/postgresql-9.5.2/ecpg.bc>:ECPGdump_a_simple:%arrsize
</home/yz489/egg-smol-benchmark-pointer-analysis/benchmarks/postgresql-9.5.2/ecpg.bc>:ECPGdump_a_simple	5	</home/yz489/egg-smol-benchmark-pointer-analysis/benchmarks/postgresql-9.5.2/ecpg.bc>:ECPGdump_a_simple:%siz
</home/yz489/egg-smol-benchmark-pointer-analysis/benchmarks/postgresql-9.5.2/ecpg.bc>:ECPGdump_a_simple	6	</home/yz489/egg-smol-benchmark-pointer-analysis/benchmarks/postgresql-9.5.2/ecpg.bc>:ECPGdump_a_simple:%prefix
</home/yz489/egg-smol-benchmark-pointer-analysis/benchmarks/postgresql-9.5.2/ecpg.bc>:ECPGdump_a_simple	7	</home/yz489/egg-smol-benchmark-pointer-analysis/benchmarks/postgresql-9.5.2/ecpg.bc>:ECPGdump_a_simple:%counter
</home/yz489/egg-smol-benchmark-pointer-analysis/benchmarks/postgresql-9.5.2/ecpg.bc>:get_type	0	</home/yz489/egg-smol-benchmark-pointer-analysis/benchmarks/postgresql-9.5.2/ecpg.bc>:get_type:%type
</home/yz489/egg-smol-benchmark-pointer-analysis/benchmarks/postgresql-9.5.2/ecpg.bc>:main	0	</home/yz489/egg-smol-benchmark-pointer-analysis/benchmarks/postgresql-9.5.2/ecpg.bc>:main:%argc
</home/yz489/egg-smol-benchmark-pointer-analysis/benchmarks/postgresql-9.5.2/ecpg.bc>:main	1	</home/yz489/egg-smol-benchmark-pointer-analysis/benchmarks/postgresql-9.5.2/ecpg.bc>:main:%argv
</home/yz489/egg-smol-benchmark-pointer-analysis/benchmarks/postgresql-9.5.2/ecpg.bc>:help	0	</home/yz489/egg-smol-benchmark-pointer-analysis/benchmarks/postgresql-9.5.2/ecpg.bc>:help:%progname
</home/yz489/egg-smol-benchmark-pointer-analysis/benchmarks/postgresql-9.5.2/ecpg.bc>:add_include_path	0	</home/yz489/egg-smol-benchmark-pointer-analysis/benchmarks/postgresql-9.5.2/ecpg.bc>:add_include_path:%path
</home/yz489/egg-smol-benchmark-pointer-analysis/benchmarks/postgresql-9.5.2/ecpg.bc>:add_preprocessor_define	0	</home/yz489/egg-smol-benchmark-pointer-analysis/benchmarks/postgresql-9.5.2/ecpg.bc>:add_preprocessor_define:%define
</home/yz489/egg-smol-benchmark-pointer-analysis/benchmarks/postgresql-9.5.2/ecpg.bc>:output_simple_statement	0	</home/yz489/egg-smol-benchmark-pointer-analysis/benchmarks/postgresql-9.5.2/ecpg.bc>:output_simple_statement:%stmt
</home/yz489/egg-smol-benchmark-pointer-analysis/benchmarks/postgresql-9.5.2/ecpg.bc>:whenever_action	0	</home/yz489/egg-smol-benchmark-pointer-analysis/benchmarks/postgresql-9.5.2/ecpg.bc>:whenever_action:%mode
</home/yz489/egg-smol-benchmark-pointer-analysis/benchmarks/postgresql-9.5.2/ecpg.bc>:output_statement	0	</home/yz489/egg-smol-benchmark-pointer-analysis/benchmarks/postgresql-9.5.2/ecpg.bc>:output_statement:%stmt
</home/yz489/egg-smol-benchmark-pointer-analysis/benchmarks/postgresql-9.5.2/ecpg.bc>:output_statement	1	</home/yz489/egg-smol-benchmark-pointer-analysis/benchmarks/postgresql-9.5.2/ecpg.bc>:output_statement:%whenever_mode
</home/yz489/egg-smol-benchmark-pointer-analysis/benchmarks/postgresql-9.5.2/ecpg.bc>:output_statement	2	</home/yz489/egg-smol-benchmark-pointer-analysis/benchmarks/postgresql-9.5.2/ecpg.bc>:output_statement:%st
</home/yz489/egg-smol-benchmark-pointer-analysis/benchmarks/postgresql-9.5.2/ecpg.bc>:output_prepare_statement	0	</home/yz489/egg-smol-benchmark-pointer-analysis/benchmarks/postgresql-9.5.2/ecpg.bc>:output_prepare_statement:%name
</home/yz489/egg-smol-benchmark-pointer-analysis/benchmarks/postgresql-9.5.2/ecpg.bc>:output_prepare_statement	1	</home/yz489/egg-smol-benchmark-pointer-analysis/benchmarks/postgresql-9.5.2/ecpg.bc>:output_prepare_statement:%stmt
</home/yz489/egg-smol-benchmark-pointer-analysis/benchmarks/postgresql-9.5.2/ecpg.bc>:output_deallocate_prepare_statement	0	</home/yz489/egg-smol-benchmark-pointer-analysis/benchmarks/postgresql-9.5.2/ecpg.bc>:output_deallocate_prepare_statement:%name
</home/yz489/egg-smol-benchmark-pointer-analysis/benchmarks/postgresql-9.5.2/ecpg.bc>:output_escaped_str	0	</home/yz489/egg-smol-benchmark-pointer-analysis/benchmarks/postgresql-9.5.2/ecpg.bc>:output_escaped_str:%str
</home/yz489/egg-smol-benchmark-pointer-analysis/benchmarks/postgresql-9.5.2/ecpg.bc>:output_escaped_str	1	</home/yz489/egg-smol-benchmark-pointer-analysis/benchmarks/postgresql-9.5.2/ecpg.bc>:output_escaped_str:%quoted
</home/yz489/egg-smol-benchmark-pointer-analysis/benchmarks/postgresql-9.5.2/ecpg.bc>:print_action	0	</home/yz489/egg-smol-benchmark-pointer-analysis/benchmarks/postgresql-9.5.2/ecpg.bc>:print_action:%w
</home/yz489/egg-smol-benchmark-pointer-analysis/benchmarks/postgresql-9.5.2/ecpg.bc>:ScanCKeywordLookup	0	</home/yz489/egg-smol-benchmark-pointer-analysis/benchmarks/postgresql-9.5.2/ecpg.bc>:ScanCKeywordLookup:%text
</home/yz489/egg-smol-benchmark-pointer-analysis/benchmarks/postgresql-9.5.2/ecpg.bc>:ScanECPGKeywordLookup	0	</home/yz489/egg-smol-benchmark-pointer-analysis/benchmarks/postgresql-9.5.2/ecpg.bc>:ScanECPGKeywordLookup:%text
</home/yz489/egg-smol-benchmark-pointer-analysis/benchmarks/postgresql-9.5.2/ecpg.bc>:ScanKeywordLookup	0	</home/yz489/egg-smol-benchmark-pointer-analysis/benchmarks/postgresql-9.5.2/ecpg.bc>:ScanKeywordLookup:%text
</home/yz489/egg-smol-benchmark-pointer-analysis/benchmarks/postgresql-9.5.2/ecpg.bc>:ScanKeywordLookup	1	</home/yz489/egg-smol-benchmark-pointer-analysis/benchmarks/postgresql-9.5.2/ecpg.bc>:ScanKeywordLookup:%keywords
</home/yz489/egg-smol-benchmark-pointer-analysis/benchmarks/postgresql-9.5.2/ecpg.bc>:ScanKeywordLookup	2	</home/yz489/egg-smol-benchmark-pointer-analysis/benchmarks/postgresql-9.5.2/ecpg.bc>:ScanKeywordLookup:%num_keywords
</home/yz489/egg-smol-benchmark-pointer-analysis/benchmarks/postgresql-9.5.2/ecpg.bc>:ecpg_type_name	0	</home/yz489/egg-smol-benchmark-pointer-analysis/benchmarks/postgresql-9.5.2/ecpg.bc>:ecpg_type_name:%typ
</home/yz489/egg-smol-benchmark-pointer-analysis/benchmarks/postgresql-9.5.2/ecpg.bc>:ecpg_dynamic_type	0	</home/yz489/egg-smol-benchmark-pointer-analysis/benchmarks/postgresql-9.5.2/ecpg.bc>:ecpg_dynamic_type:%type
</home/yz489/egg-smol-benchmark-pointer-analysis/benchmarks/postgresql-9.5.2/ecpg.bc>:sqlda_dynamic_type	0	</home/yz489/egg-smol-benchmark-pointer-analysis/benchmarks/postgresql-9.5.2/ecpg.bc>:sqlda_dynamic_type:%type
</home/yz489/egg-smol-benchmark-pointer-analysis/benchmarks/postgresql-9.5.2/ecpg.bc>:sqlda_dynamic_type	1	</home/yz489/egg-smol-benchmark-pointer-analysis/benchmarks/postgresql-9.5.2/ecpg.bc>:sqlda_dynamic_type:%compat
</home/yz489/egg-smol-benchmark-pointer-analysis/benchmarks/postgresql-9.5.2/ecpg.bc>:push_assignment	0	</home/yz489/egg-smol-benchmark-pointer-analysis/benchmarks/postgresql-9.5.2/ecpg.bc>:push_assignment:%var
</home/yz489/egg-smol-benchmark-pointer-analysis/benchmarks/postgresql-9.5.2/ecpg.bc>:push_assignment	1	</home/yz489/egg-smol-benchmark-pointer-analysis/benchmarks/postgresql-9.5.2/ecpg.bc>:push_assignment:%value
</home/yz489/egg-smol-benchmark-pointer-analysis/benchmarks/postgresql-9.5.2/ecpg.bc>:add_descriptor	0	</home/yz489/egg-smol-benchmark-pointer-analysis/benchmarks/postgresql-9.5.2/ecpg.bc>:add_descriptor:%name
</home/yz489/egg-smol-benchmark-pointer-analysis/benchmarks/postgresql-9.5.2/ecpg.bc>:add_descriptor	1	</home/yz489/egg-smol-benchmark-pointer-analysis/benchmarks/postgresql-9.5.2/ecpg.bc>:add_descriptor:%connection
</home/yz489/egg-smol-benchmark-pointer-analysis/benchmarks/postgresql-9.5.2/ecpg.bc>:drop_descriptor	0	</home/yz489/egg-smol-benchmark-pointer-analysis/benchmarks/postgresql-9.5.2/ecpg.bc>:drop_descriptor:%name
</home/yz489/egg-smol-benchmark-pointer-analysis/benchmarks/postgresql-9.5.2/ecpg.bc>:drop_descriptor	1	</home/yz489/egg-smol-benchmark-pointer-analysis/benchmarks/postgresql-9.5.2/ecpg.bc>:drop_descriptor:%connection
</home/yz489/egg-smol-benchmark-pointer-analysis/benchmarks/postgresql-9.5.2/ecpg.bc>:lookup_descriptor	0	</home/yz489/egg-smol-benchmark-pointer-analysis/benchmarks/postgresql-9.5.2/ecpg.bc>:lookup_descriptor:%name
</home/yz489/egg-smol-benchmark-pointer-analysis/benchmarks/postgresql-9.5.2/ecpg.bc>:lookup_descriptor	1	</home/yz489/egg-smol-benchmark-pointer-analysis/benchmarks/postgresql-9.5.2/ecpg.bc>:lookup_descriptor:%connection
</home/yz489/egg-smol-benchmark-pointer-analysis/benchmarks/postgresql-9.5.2/ecpg.bc>:output_get_descr_header	0	</home/yz489/egg-smol-benchmark-pointer-analysis/benchmarks/postgresql-9.5.2/ecpg.bc>:output_get_descr_header:%desc_name
</home/yz489/egg-smol-benchmark-pointer-analysis/benchmarks/postgresql-9.5.2/ecpg.bc>:output_get_descr	0	</home/yz489/egg-smol-benchmark-pointer-analysis/benchmarks/postgresql-9.5.2/ecpg.bc>:output_get_descr:%desc_name
</home/yz489/egg-smol-benchmark-pointer-analysis/benchmarks/postgresql-9.5.2/ecpg.bc>:output_get_descr	1	</home/yz489/egg-smol-benchmark-pointer-analysis/benchmarks/postgresql-9.5.2/ecpg.bc>:output_get_descr:%index
</home/yz489/egg-smol-benchmark-pointer-analysis/benchmarks/postgresql-9.5.2/ecpg.bc>:output_set_descr_header	0	</home/yz489/egg-smol-benchmark-pointer-analysis/benchmarks/postgresql-9.5.2/ecpg.bc>:output_set_descr_header:%desc_name
</home/yz489/egg-smol-benchmark-pointer-analysis/benchmarks/postgresql-9.5.2/ecpg.bc>:output_set_descr	0	</home/yz489/egg-smol-benchmark-pointer-analysis/benchmarks/postgresql-9.5.2/ecpg.bc>:output_set_descr:%desc_name
</home/yz489/egg-smol-benchmark-pointer-analysis/benchmarks/postgresql-9.5.2/ecpg.bc>:output_set_descr	1	</home/yz489/egg-smol-benchmark-pointer-analysis/benchmarks/postgresql-9.5.2/ecpg.bc>:output_set_descr:%index
</home/yz489/egg-smol-benchmark-pointer-analysis/benchmarks/postgresql-9.5.2/ecpg.bc>:descriptor_variable	0	</home/yz489/egg-smol-benchmark-pointer-analysis/benchmarks/postgresql-9.5.2/ecpg.bc>:descriptor_variable:%name
</home/yz489/egg-smol-benchmark-pointer-analysis/benchmarks/postgresql-9.5.2/ecpg.bc>:descriptor_variable	1	</home/yz489/egg-smol-benchmark-pointer-analysis/benchmarks/postgresql-9.5.2/ecpg.bc>:descriptor_variable:%input
</home/yz489/egg-smol-benchmark-pointer-analysis/benchmarks/postgresql-9.5.2/ecpg.bc>:sqlda_variable	0	</home/yz489/egg-smol-benchmark-pointer-analysis/benchmarks/postgresql-9.5.2/ecpg.bc>:sqlda_variable:%name
</home/yz489/egg-smol-benchmark-pointer-analysis/benchmarks/postgresql-9.5.2/ecpg.bc>:ECPGnumeric_lvalue	0	</home/yz489/egg-smol-benchmark-pointer-analysis/benchmarks/postgresql-9.5.2/ecpg.bc>:ECPGnumeric_lvalue:%name
</home/yz489/egg-smol-benchmark-pointer-analysis/benchmarks/postgresql-9.5.2/ecpg.bc>:descriptor_item_name	0	</home/yz489/egg-smol-benchmark-pointer-analysis/benchmarks/postgresql-9.5.2/ecpg.bc>:descriptor_item_name:%itemcode
</home/yz489/egg-smol-benchmark-pointer-analysis/benchmarks/postgresql-9.5.2/ecpg.bc>:new_variable	0	</home/yz489/egg-smol-benchmark-pointer-analysis/benchmarks/postgresql-9.5.2/ecpg.bc>:new_variable:%name
</home/yz489/egg-smol-benchmark-pointer-analysis/benchmarks/postgresql-9.5.2/ecpg.bc>:new_variable	1	</home/yz489/egg-smol-benchmark-pointer-analysis/benchmarks/postgresql-9.5.2/ecpg.bc>:new_variable:%type
</home/yz489/egg-smol-benchmark-pointer-analysis/benchmarks/postgresql-9.5.2/ecpg.bc>:new_variable	2	</home/yz489/egg-smol-benchmark-pointer-analysis/benchmarks/postgresql-9.5.2/ecpg.bc>:new_variable:%brace_level
</home/yz489/egg-smol-benchmark-pointer-analysis/benchmarks/postgresql-9.5.2/ecpg.bc>:find_variable	0	</home/yz489/egg-smol-benchmark-pointer-analysis/benchmarks/postgresql-9.5.2/ecpg.bc>:find_variable:%name
</home/yz489/egg-smol-benchmark-pointer-analysis/benchmarks/postgresql-9.5.2/ecpg.bc>:remove_typedefs	0	</home/yz489/egg-smol-benchmark-pointer-analysis/benchmarks/postgresql-9.5.2/ecpg.bc>:remove_typedefs:%brace_level
</home/yz489/egg-smol-benchmark-pointer-analysis/benchmarks/postgresql-9.5.2/ecpg.bc>:remove_variables	0	</home/yz489/egg-smol-benchmark-pointer-analysis/benchmarks/postgresql-9.5.2/ecpg.bc>:remove_variables:%brace_level
</home/yz489/egg-smol-benchmark-pointer-analysis/benchmarks/postgresql-9.5.2/ecpg.bc>:add_variable_to_head	0	</home/yz489/egg-smol-benchmark-pointer-analysis/benchmarks/postgresql-9.5.2/ecpg.bc>:add_variable_to_head:%list
</home/yz489/egg-smol-benchmark-pointer-analysis/benchmarks/postgresql-9.5.2/ecpg.bc>:add_variable_to_head	1	</home/yz489/egg-smol-benchmark-pointer-analysis/benchmarks/postgresql-9.5.2/ecpg.bc>:add_variable_to_head:%var
</home/yz489/egg-smol-benchmark-pointer-analysis/benchmarks/postgresql-9.5.2/ecpg.bc>:add_variable_to_head	2	</home/yz489/egg-smol-benchmark-pointer-analysis/benchmarks/postgresql-9.5.2/ecpg.bc>:add_variable_to_head:%ind
</home/yz489/egg-smol-benchmark-pointer-analysis/benchmarks/postgresql-9.5.2/ecpg.bc>:add_variable_to_tail	0	</home/yz489/egg-smol-benchmark-pointer-analysis/benchmarks/postgresql-9.5.2/ecpg.bc>:add_variable_to_tail:%list
</home/yz489/egg-smol-benchmark-pointer-analysis/benchmarks/postgresql-9.5.2/ecpg.bc>:add_variable_to_tail	1	</home/yz489/egg-smol-benchmark-pointer-analysis/benchmarks/postgresql-9.5.2/ecpg.bc>:add_variable_to_tail:%var
</home/yz489/egg-smol-benchmark-pointer-analysis/benchmarks/postgresql-9.5.2/ecpg.bc>:add_variable_to_tail	2	</home/yz489/egg-smol-benchmark-pointer-analysis/benchmarks/postgresql-9.5.2/ecpg.bc>:add_variable_to_tail:%ind
</home/yz489/egg-smol-benchmark-pointer-analysis/benchmarks/postgresql-9.5.2/ecpg.bc>:remove_variable_from_list	0	</home/yz489/egg-smol-benchmark-pointer-analysis/benchmarks/postgresql-9.5.2/ecpg.bc>:remove_variable_from_list:%list
</home/yz489/egg-smol-benchmark-pointer-analysis/benchmarks/postgresql-9.5.2/ecpg.bc>:remove_variable_from_list	1	</home/yz489/egg-smol-benchmark-pointer-analysis/benchmarks/postgresql-9.5.2/ecpg.bc>:remove_variable_from_list:%var
</home/yz489/egg-smol-benchmark-pointer-analysis/benchmarks/postgresql-9.5.2/ecpg.bc>:dump_variables	0	</home/yz489/egg-smol-benchmark-pointer-analysis/benchmarks/postgresql-9.5.2/ecpg.bc>:dump_variables:%list
</home/yz489/egg-smol-benchmark-pointer-analysis/benchmarks/postgresql-9.5.2/ecpg.bc>:dump_variables	1	</home/yz489/egg-smol-benchmark-pointer-analysis/benchmarks/postgresql-9.5.2/ecpg.bc>:dump_variables:%mode
</home/yz489/egg-smol-benchmark-pointer-analysis/benchmarks/postgresql-9.5.2/ecpg.bc>:check_indicator	0	</home/yz489/egg-smol-benchmark-pointer-analysis/benchmarks/postgresql-9.5.2/ecpg.bc>:check_indicator:%var
</home/yz489/egg-smol-benchmark-pointer-analysis/benchmarks/postgresql-9.5.2/ecpg.bc>:get_typedef	0	</home/yz489/egg-smol-benchmark-pointer-analysis/benchmarks/postgresql-9.5.2/ecpg.bc>:get_typedef:%name
</home/yz489/egg-smol-benchmark-pointer-analysis/benchmarks/postgresql-9.5.2/ecpg.bc>:adjust_array	0	</home/yz489/egg-smol-benchmark-pointer-analysis/benchmarks/postgresql-9.5.2/ecpg.bc>:adjust_array:%type_enum
</home/yz489/egg-smol-benchmark-pointer-analysis/benchmarks/postgresql-9.5.2/ecpg.bc>:adjust_array	1	</home/yz489/egg-smol-benchmark-pointer-analysis/benchmarks/postgresql-9.5.2/ecpg.bc>:adjust_array:%dimension
</home/yz489/egg-smol-benchmark-pointer-analysis/benchmarks/postgresql-9.5.2/ecpg.bc>:adjust_array	2	</home/yz489/egg-smol-benchmark-pointer-analysis/benchmarks/postgresql-9.5.2/ecpg.bc>:adjust_array:%length
</home/yz489/egg-smol-benchmark-pointer-analysis/benchmarks/postgresql-9.5.2/ecpg.bc>:adjust_array	3	</home/yz489/egg-smol-benchmark-pointer-analysis/benchmarks/postgresql-9.5.2/ecpg.bc>:adjust_array:%type_dimension
</home/yz489/egg-smol-benchmark-pointer-analysis/benchmarks/postgresql-9.5.2/ecpg.bc>:adjust_array	4	</home/yz489/egg-smol-benchmark-pointer-analysis/benchmarks/postgresql-9.5.2/ecpg.bc>:adjust_array:%type_index
</home/yz489/egg-smol-benchmark-pointer-analysis/benchmarks/postgresql-9.5.2/ecpg.bc>:adjust_array	5	</home/yz489/egg-smol-benchmark-pointer-analysis/benchmarks/postgresql-9.5.2/ecpg.bc>:adjust_array:%pointer_len
</home/yz489/egg-smol-benchmark-pointer-analysis/benchmarks/postgresql-9.5.2/ecpg.bc>:adjust_array	6	</home/yz489/egg-smol-benchmark-pointer-analysis/benchmarks/postgresql-9.5.2/ecpg.bc>:adjust_array:%type_definition
</home/yz489/egg-smol-benchmark-pointer-analysis/benchmarks/postgresql-9.5.2/ecpg.bc>:find_struct	0	</home/yz489/egg-smol-benchmark-pointer-analysis/benchmarks/postgresql-9.5.2/ecpg.bc>:find_struct:%name
</home/yz489/egg-smol-benchmark-pointer-analysis/benchmarks/postgresql-9.5.2/ecpg.bc>:find_struct	1	</home/yz489/egg-smol-benchmark-pointer-analysis/benchmarks/postgresql-9.5.2/ecpg.bc>:find_struct:%next
</home/yz489/egg-smol-benchmark-pointer-analysis/benchmarks/postgresql-9.5.2/ecpg.bc>:find_struct	2	</home/yz489/egg-smol-benchmark-pointer-analysis/benchmarks/postgresql-9.5.2/ecpg.bc>:find_struct:%end
</home/yz489/egg-smol-benchmark-pointer-analysis/benchmarks/postgresql-9.5.2/ecpg.bc>:find_simple	0	</home/yz489/egg-smol-benchmark-pointer-analysis/benchmarks/postgresql-9.5.2/ecpg.bc>:find_simple:%name
</home/yz489/egg-smol-benchmark-pointer-analysis/benchmarks/postgresql-9.5.2/ecpg.bc>:find_struct_member	0	</home/yz489/egg-smol-benchmark-pointer-analysis/benchmarks/postgresql-9.5.2/ecpg.bc>:find_struct_member:%name
</home/yz489/egg-smol-benchmark-pointer-analysis/benchmarks/postgresql-9.5.2/ecpg.bc>:find_struct_member	1	</home/yz489/egg-smol-benchmark-pointer-analysis/benchmarks/postgresql-9.5.2/ecpg.bc>:find_struct_member:%str
</home/yz489/egg-smol-benchmark-pointer-analysis/benchmarks/postgresql-9.5.2/ecpg.bc>:find_struct_member	2	</home/yz489/egg-smol-benchmark-pointer-analysis/benchmarks/postgresql-9.5.2/ecpg.bc>:find_struct_member:%members
</home/yz489/egg-smol-benchmark-pointer-analysis/benchmarks/postgresql-9.5.2/ecpg.bc>:find_struct_member	3	</home/yz489/egg-smol-benchmark-pointer-analysis/benchmarks/postgresql-9.5.2/ecpg.bc>:find_struct_member:%brace_level
