</home/yz489/egg-smol-benchmark-pointer-analysis/benchmarks/postgresql-9.5.2/ecpg.bc>:base_yyparse:29859	</home/yz489/egg-smol-benchmark-pointer-analysis/benchmarks/postgresql-9.5.2/ecpg.bc>:base_yyparse:%7522
</home/yz489/egg-smol-benchmark-pointer-analysis/benchmarks/postgresql-9.5.2/ecpg.bc>:base_yylex:3171	</home/yz489/egg-smol-benchmark-pointer-analysis/benchmarks/postgresql-9.5.2/ecpg.bc>:base_yylex:%921
</home/yz489/egg-smol-benchmark-pointer-analysis/benchmarks/postgresql-9.5.2/ecpg.bc>:yy_create_buffer:40	</home/yz489/egg-smol-benchmark-pointer-analysis/benchmarks/postgresql-9.5.2/ecpg.bc>:yy_create_buffer:%12
</home/yz489/egg-smol-benchmark-pointer-analysis/benchmarks/postgresql-9.5.2/ecpg.bc>:yyalloc:4	</home/yz489/egg-smol-benchmark-pointer-analysis/benchmarks/postgresql-9.5.2/ecpg.bc>:yyalloc:%call
</home/yz489/egg-smol-benchmark-pointer-analysis/benchmarks/postgresql-9.5.2/ecpg.bc>:yy_scan_buffer:77	</home/yz489/egg-smol-benchmark-pointer-analysis/benchmarks/postgresql-9.5.2/ecpg.bc>:yy_scan_buffer:%25
</home/yz489/egg-smol-benchmark-pointer-analysis/benchmarks/postgresql-9.5.2/ecpg.bc>:yy_scan_string:6	</home/yz489/egg-smol-benchmark-pointer-analysis/benchmarks/postgresql-9.5.2/ecpg.bc>:yy_scan_string:%call1
</home/yz489/egg-smol-benchmark-pointer-analysis/benchmarks/postgresql-9.5.2/ecpg.bc>:yy_scan_bytes:60	</home/yz489/egg-smol-benchmark-pointer-analysis/benchmarks/postgresql-9.5.2/ecpg.bc>:yy_scan_bytes:%19
</home/yz489/egg-smol-benchmark-pointer-analysis/benchmarks/postgresql-9.5.2/ecpg.bc>:yyget_lineno:1	</home/yz489/egg-smol-benchmark-pointer-analysis/benchmarks/postgresql-9.5.2/ecpg.bc>:yyget_lineno:%0
</home/yz489/egg-smol-benchmark-pointer-analysis/benchmarks/postgresql-9.5.2/ecpg.bc>:yyget_in:1	</home/yz489/egg-smol-benchmark-pointer-analysis/benchmarks/postgresql-9.5.2/ecpg.bc>:yyget_in:%0
</home/yz489/egg-smol-benchmark-pointer-analysis/benchmarks/postgresql-9.5.2/ecpg.bc>:yyget_out:1	</home/yz489/egg-smol-benchmark-pointer-analysis/benchmarks/postgresql-9.5.2/ecpg.bc>:yyget_out:%0
</home/yz489/egg-smol-benchmark-pointer-analysis/benchmarks/postgresql-9.5.2/ecpg.bc>:yyget_leng:1	</home/yz489/egg-smol-benchmark-pointer-analysis/benchmarks/postgresql-9.5.2/ecpg.bc>:yyget_leng:%0
</home/yz489/egg-smol-benchmark-pointer-analysis/benchmarks/postgresql-9.5.2/ecpg.bc>:yyget_text:1	</home/yz489/egg-smol-benchmark-pointer-analysis/benchmarks/postgresql-9.5.2/ecpg.bc>:yyget_text:%0
</home/yz489/egg-smol-benchmark-pointer-analysis/benchmarks/postgresql-9.5.2/ecpg.bc>:yyget_debug:1	</home/yz489/egg-smol-benchmark-pointer-analysis/benchmarks/postgresql-9.5.2/ecpg.bc>:yyget_debug:%0
</home/yz489/egg-smol-benchmark-pointer-analysis/benchmarks/postgresql-9.5.2/ecpg.bc>:yylex_destroy:35	</home/yz489/egg-smol-benchmark-pointer-analysis/benchmarks/postgresql-9.5.2/ecpg.bc>:yylex_destroy:35:0:0
</home/yz489/egg-smol-benchmark-pointer-analysis/benchmarks/postgresql-9.5.2/ecpg.bc>:yyrealloc:7	</home/yz489/egg-smol-benchmark-pointer-analysis/benchmarks/postgresql-9.5.2/ecpg.bc>:yyrealloc:%call
</home/yz489/egg-smol-benchmark-pointer-analysis/benchmarks/postgresql-9.5.2/ecpg.bc>:cat_str:67	</home/yz489/egg-smol-benchmark-pointer-analysis/benchmarks/postgresql-9.5.2/ecpg.bc>:cat_str:%16
</home/yz489/egg-smol-benchmark-pointer-analysis/benchmarks/postgresql-9.5.2/ecpg.bc>:add_additional_variables:147	</home/yz489/egg-smol-benchmark-pointer-analysis/benchmarks/postgresql-9.5.2/ecpg.bc>:add_additional_variables:%53
</home/yz489/egg-smol-benchmark-pointer-analysis/benchmarks/postgresql-9.5.2/ecpg.bc>:cat2_str:35	</home/yz489/egg-smol-benchmark-pointer-analysis/benchmarks/postgresql-9.5.2/ecpg.bc>:cat2_str:%11
</home/yz489/egg-smol-benchmark-pointer-analysis/benchmarks/postgresql-9.5.2/ecpg.bc>:adjust_outofscope_cursor_vars:956	</home/yz489/egg-smol-benchmark-pointer-analysis/benchmarks/postgresql-9.5.2/ecpg.bc>:adjust_outofscope_cursor_vars:%370
</home/yz489/egg-smol-benchmark-pointer-analysis/benchmarks/postgresql-9.5.2/ecpg.bc>:make_name:2	</home/yz489/egg-smol-benchmark-pointer-analysis/benchmarks/postgresql-9.5.2/ecpg.bc>:make_name:%call
</home/yz489/egg-smol-benchmark-pointer-analysis/benchmarks/postgresql-9.5.2/ecpg.bc>:make3_str:34	</home/yz489/egg-smol-benchmark-pointer-analysis/benchmarks/postgresql-9.5.2/ecpg.bc>:make3_str:%12
</home/yz489/egg-smol-benchmark-pointer-analysis/benchmarks/postgresql-9.5.2/ecpg.bc>:make2_str:24	</home/yz489/egg-smol-benchmark-pointer-analysis/benchmarks/postgresql-9.5.2/ecpg.bc>:make2_str:%8
</home/yz489/egg-smol-benchmark-pointer-analysis/benchmarks/postgresql-9.5.2/ecpg.bc>:create_questionmarks:109	</home/yz489/egg-smol-benchmark-pointer-analysis/benchmarks/postgresql-9.5.2/ecpg.bc>:create_questionmarks:%32
</home/yz489/egg-smol-benchmark-pointer-analysis/benchmarks/postgresql-9.5.2/ecpg.bc>:isdefine:72	</home/yz489/egg-smol-benchmark-pointer-analysis/benchmarks/postgresql-9.5.2/ecpg.bc>:isdefine:%26
</home/yz489/egg-smol-benchmark-pointer-analysis/benchmarks/postgresql-9.5.2/ecpg.bc>:isinformixdefine:66	</home/yz489/egg-smol-benchmark-pointer-analysis/benchmarks/postgresql-9.5.2/ecpg.bc>:isinformixdefine:%18
</home/yz489/egg-smol-benchmark-pointer-analysis/benchmarks/postgresql-9.5.2/ecpg.bc>:ecpg_isspace:28	</home/yz489/egg-smol-benchmark-pointer-analysis/benchmarks/postgresql-9.5.2/ecpg.bc>:ecpg_isspace:%5
</home/yz489/egg-smol-benchmark-pointer-analysis/benchmarks/postgresql-9.5.2/ecpg.bc>:yy_get_previous_state:93	</home/yz489/egg-smol-benchmark-pointer-analysis/benchmarks/postgresql-9.5.2/ecpg.bc>:yy_get_previous_state:%28
</home/yz489/egg-smol-benchmark-pointer-analysis/benchmarks/postgresql-9.5.2/ecpg.bc>:yy_try_NUL_trans:77	</home/yz489/egg-smol-benchmark-pointer-analysis/benchmarks/postgresql-9.5.2/ecpg.bc>:yy_try_NUL_trans:%cond
</home/yz489/egg-smol-benchmark-pointer-analysis/benchmarks/postgresql-9.5.2/ecpg.bc>:yy_get_next_buffer:426	</home/yz489/egg-smol-benchmark-pointer-analysis/benchmarks/postgresql-9.5.2/ecpg.bc>:yy_get_next_buffer:%159
</home/yz489/egg-smol-benchmark-pointer-analysis/benchmarks/postgresql-9.5.2/ecpg.bc>:yy_init_globals:9	</home/yz489/egg-smol-benchmark-pointer-analysis/benchmarks/postgresql-9.5.2/ecpg.bc>:yy_init_globals:9:0:0
</home/yz489/egg-smol-benchmark-pointer-analysis/benchmarks/postgresql-9.5.2/ecpg.bc>:mm_alloc:12	</home/yz489/egg-smol-benchmark-pointer-analysis/benchmarks/postgresql-9.5.2/ecpg.bc>:mm_alloc:%2
</home/yz489/egg-smol-benchmark-pointer-analysis/benchmarks/postgresql-9.5.2/ecpg.bc>:mm_strdup:12	</home/yz489/egg-smol-benchmark-pointer-analysis/benchmarks/postgresql-9.5.2/ecpg.bc>:mm_strdup:%2
</home/yz489/egg-smol-benchmark-pointer-analysis/benchmarks/postgresql-9.5.2/ecpg.bc>:ECPGstruct_member_dup:158	</home/yz489/egg-smol-benchmark-pointer-analysis/benchmarks/postgresql-9.5.2/ecpg.bc>:ECPGstruct_member_dup:%69
</home/yz489/egg-smol-benchmark-pointer-analysis/benchmarks/postgresql-9.5.2/ecpg.bc>:ECPGmake_struct_type:29	</home/yz489/egg-smol-benchmark-pointer-analysis/benchmarks/postgresql-9.5.2/ecpg.bc>:ECPGmake_struct_type:%7
</home/yz489/egg-smol-benchmark-pointer-analysis/benchmarks/postgresql-9.5.2/ecpg.bc>:ECPGmake_array_type:14	</home/yz489/egg-smol-benchmark-pointer-analysis/benchmarks/postgresql-9.5.2/ecpg.bc>:ECPGmake_array_type:%3
</home/yz489/egg-smol-benchmark-pointer-analysis/benchmarks/postgresql-9.5.2/ecpg.bc>:ECPGmake_simple_type:33	</home/yz489/egg-smol-benchmark-pointer-analysis/benchmarks/postgresql-9.5.2/ecpg.bc>:ECPGmake_simple_type:%10
</home/yz489/egg-smol-benchmark-pointer-analysis/benchmarks/postgresql-9.5.2/ecpg.bc>:get_dtype:43	</home/yz489/egg-smol-benchmark-pointer-analysis/benchmarks/postgresql-9.5.2/ecpg.bc>:get_dtype:%2
</home/yz489/egg-smol-benchmark-pointer-analysis/benchmarks/postgresql-9.5.2/ecpg.bc>:get_type:61	</home/yz489/egg-smol-benchmark-pointer-analysis/benchmarks/postgresql-9.5.2/ecpg.bc>:get_type:%2
</home/yz489/egg-smol-benchmark-pointer-analysis/benchmarks/postgresql-9.5.2/ecpg.bc>:main:679	</home/yz489/egg-smol-benchmark-pointer-analysis/benchmarks/postgresql-9.5.2/ecpg.bc>:main:%225
</home/yz489/egg-smol-benchmark-pointer-analysis/benchmarks/postgresql-9.5.2/ecpg.bc>:hashline_number:63	</home/yz489/egg-smol-benchmark-pointer-analysis/benchmarks/postgresql-9.5.2/ecpg.bc>:hashline_number:%20
</home/yz489/egg-smol-benchmark-pointer-analysis/benchmarks/postgresql-9.5.2/ecpg.bc>:filtered_base_yylex:87	</home/yz489/egg-smol-benchmark-pointer-analysis/benchmarks/postgresql-9.5.2/ecpg.bc>:filtered_base_yylex:%25
</home/yz489/egg-smol-benchmark-pointer-analysis/benchmarks/postgresql-9.5.2/ecpg.bc>:ScanCKeywordLookup:52	</home/yz489/egg-smol-benchmark-pointer-analysis/benchmarks/postgresql-9.5.2/ecpg.bc>:ScanCKeywordLookup:%13
</home/yz489/egg-smol-benchmark-pointer-analysis/benchmarks/postgresql-9.5.2/ecpg.bc>:ScanECPGKeywordLookup:26	</home/yz489/egg-smol-benchmark-pointer-analysis/benchmarks/postgresql-9.5.2/ecpg.bc>:ScanECPGKeywordLookup:%7
</home/yz489/egg-smol-benchmark-pointer-analysis/benchmarks/postgresql-9.5.2/ecpg.bc>:ScanKeywordLookup:115	</home/yz489/egg-smol-benchmark-pointer-analysis/benchmarks/postgresql-9.5.2/ecpg.bc>:ScanKeywordLookup:%29
</home/yz489/egg-smol-benchmark-pointer-analysis/benchmarks/postgresql-9.5.2/ecpg.bc>:ecpg_type_name:50	</home/yz489/egg-smol-benchmark-pointer-analysis/benchmarks/postgresql-9.5.2/ecpg.bc>:ecpg_type_name:%1
</home/yz489/egg-smol-benchmark-pointer-analysis/benchmarks/postgresql-9.5.2/ecpg.bc>:ecpg_dynamic_type:32	</home/yz489/egg-smol-benchmark-pointer-analysis/benchmarks/postgresql-9.5.2/ecpg.bc>:ecpg_dynamic_type:%1
</home/yz489/egg-smol-benchmark-pointer-analysis/benchmarks/postgresql-9.5.2/ecpg.bc>:sqlda_dynamic_type:38	</home/yz489/egg-smol-benchmark-pointer-analysis/benchmarks/postgresql-9.5.2/ecpg.bc>:sqlda_dynamic_type:%4
</home/yz489/egg-smol-benchmark-pointer-analysis/benchmarks/postgresql-9.5.2/ecpg.bc>:lookup_descriptor:65	</home/yz489/egg-smol-benchmark-pointer-analysis/benchmarks/postgresql-9.5.2/ecpg.bc>:lookup_descriptor:%20
</home/yz489/egg-smol-benchmark-pointer-analysis/benchmarks/postgresql-9.5.2/ecpg.bc>:descriptor_variable:13	</home/yz489/egg-smol-benchmark-pointer-analysis/benchmarks/postgresql-9.5.2/ecpg.bc>:descriptor_variable:%arrayidx2
</home/yz489/egg-smol-benchmark-pointer-analysis/benchmarks/postgresql-9.5.2/ecpg.bc>:sqlda_variable:49	</home/yz489/egg-smol-benchmark-pointer-analysis/benchmarks/postgresql-9.5.2/ecpg.bc>:sqlda_variable:%17
</home/yz489/egg-smol-benchmark-pointer-analysis/benchmarks/postgresql-9.5.2/ecpg.bc>:descriptor_item_name:40	</home/yz489/egg-smol-benchmark-pointer-analysis/benchmarks/postgresql-9.5.2/ecpg.bc>:descriptor_item_name:%1
</home/yz489/egg-smol-benchmark-pointer-analysis/benchmarks/postgresql-9.5.2/ecpg.bc>:new_variable:30	</home/yz489/egg-smol-benchmark-pointer-analysis/benchmarks/postgresql-9.5.2/ecpg.bc>:new_variable:%10
</home/yz489/egg-smol-benchmark-pointer-analysis/benchmarks/postgresql-9.5.2/ecpg.bc>:find_variable:227	</home/yz489/egg-smol-benchmark-pointer-analysis/benchmarks/postgresql-9.5.2/ecpg.bc>:find_variable:%91
</home/yz489/egg-smol-benchmark-pointer-analysis/benchmarks/postgresql-9.5.2/ecpg.bc>:get_typedef:31	</home/yz489/egg-smol-benchmark-pointer-analysis/benchmarks/postgresql-9.5.2/ecpg.bc>:get_typedef:%10
</home/yz489/egg-smol-benchmark-pointer-analysis/benchmarks/postgresql-9.5.2/ecpg.bc>:find_struct:168	</home/yz489/egg-smol-benchmark-pointer-analysis/benchmarks/postgresql-9.5.2/ecpg.bc>:find_struct:%69
</home/yz489/egg-smol-benchmark-pointer-analysis/benchmarks/postgresql-9.5.2/ecpg.bc>:find_simple:29	</home/yz489/egg-smol-benchmark-pointer-analysis/benchmarks/postgresql-9.5.2/ecpg.bc>:find_simple:%8
</home/yz489/egg-smol-benchmark-pointer-analysis/benchmarks/postgresql-9.5.2/ecpg.bc>:find_struct_member:393	</home/yz489/egg-smol-benchmark-pointer-analysis/benchmarks/postgresql-9.5.2/ecpg.bc>:find_struct_member:%164
