</home/yz489/egg-smol-benchmark-pointer-analysis/benchmarks/postgresql-9.5.2/dict_snowball.so.bc>:Pg_magic_func	0
</home/yz489/egg-smol-benchmark-pointer-analysis/benchmarks/postgresql-9.5.2/dict_snowball.so.bc>:pg_finfo_dsnowball_init	0
</home/yz489/egg-smol-benchmark-pointer-analysis/benchmarks/postgresql-9.5.2/dict_snowball.so.bc>:pg_finfo_dsnowball_lexize	0
</home/yz489/egg-smol-benchmark-pointer-analysis/benchmarks/postgresql-9.5.2/dict_snowball.so.bc>:dsnowball_init	1
</home/yz489/egg-smol-benchmark-pointer-analysis/benchmarks/postgresql-9.5.2/dict_snowball.so.bc>:dsnowball_lexize	1
</home/yz489/egg-smol-benchmark-pointer-analysis/benchmarks/postgresql-9.5.2/dict_snowball.so.bc>:list_head	1
</home/yz489/egg-smol-benchmark-pointer-analysis/benchmarks/postgresql-9.5.2/dict_snowball.so.bc>:locate_stem_module	2
</home/yz489/egg-smol-benchmark-pointer-analysis/benchmarks/postgresql-9.5.2/dict_snowball.so.bc>:MemoryContextSwitchTo	1
</home/yz489/egg-smol-benchmark-pointer-analysis/benchmarks/postgresql-9.5.2/dict_snowball.so.bc>:SN_create_env	3
</home/yz489/egg-smol-benchmark-pointer-analysis/benchmarks/postgresql-9.5.2/dict_snowball.so.bc>:SN_close_env	2
</home/yz489/egg-smol-benchmark-pointer-analysis/benchmarks/postgresql-9.5.2/dict_snowball.so.bc>:SN_set_current	3
</home/yz489/egg-smol-benchmark-pointer-analysis/benchmarks/postgresql-9.5.2/dict_snowball.so.bc>:create_s	0
</home/yz489/egg-smol-benchmark-pointer-analysis/benchmarks/postgresql-9.5.2/dict_snowball.so.bc>:lose_s	1
</home/yz489/egg-smol-benchmark-pointer-analysis/benchmarks/postgresql-9.5.2/dict_snowball.so.bc>:skip_utf8	5
</home/yz489/egg-smol-benchmark-pointer-analysis/benchmarks/postgresql-9.5.2/dict_snowball.so.bc>:in_grouping_U	5
</home/yz489/egg-smol-benchmark-pointer-analysis/benchmarks/postgresql-9.5.2/dict_snowball.so.bc>:in_grouping_b_U	5
</home/yz489/egg-smol-benchmark-pointer-analysis/benchmarks/postgresql-9.5.2/dict_snowball.so.bc>:out_grouping_U	5
</home/yz489/egg-smol-benchmark-pointer-analysis/benchmarks/postgresql-9.5.2/dict_snowball.so.bc>:out_grouping_b_U	5
</home/yz489/egg-smol-benchmark-pointer-analysis/benchmarks/postgresql-9.5.2/dict_snowball.so.bc>:in_grouping	5
</home/yz489/egg-smol-benchmark-pointer-analysis/benchmarks/postgresql-9.5.2/dict_snowball.so.bc>:in_grouping_b	5
</home/yz489/egg-smol-benchmark-pointer-analysis/benchmarks/postgresql-9.5.2/dict_snowball.so.bc>:out_grouping	5
</home/yz489/egg-smol-benchmark-pointer-analysis/benchmarks/postgresql-9.5.2/dict_snowball.so.bc>:out_grouping_b	5
</home/yz489/egg-smol-benchmark-pointer-analysis/benchmarks/postgresql-9.5.2/dict_snowball.so.bc>:eq_s	3
</home/yz489/egg-smol-benchmark-pointer-analysis/benchmarks/postgresql-9.5.2/dict_snowball.so.bc>:eq_s_b	3
</home/yz489/egg-smol-benchmark-pointer-analysis/benchmarks/postgresql-9.5.2/dict_snowball.so.bc>:eq_v	2
</home/yz489/egg-smol-benchmark-pointer-analysis/benchmarks/postgresql-9.5.2/dict_snowball.so.bc>:eq_v_b	2
</home/yz489/egg-smol-benchmark-pointer-analysis/benchmarks/postgresql-9.5.2/dict_snowball.so.bc>:find_among	3
</home/yz489/egg-smol-benchmark-pointer-analysis/benchmarks/postgresql-9.5.2/dict_snowball.so.bc>:find_among_b	3
</home/yz489/egg-smol-benchmark-pointer-analysis/benchmarks/postgresql-9.5.2/dict_snowball.so.bc>:replace_s	6
</home/yz489/egg-smol-benchmark-pointer-analysis/benchmarks/postgresql-9.5.2/dict_snowball.so.bc>:slice_from_s	3
</home/yz489/egg-smol-benchmark-pointer-analysis/benchmarks/postgresql-9.5.2/dict_snowball.so.bc>:slice_from_v	2
</home/yz489/egg-smol-benchmark-pointer-analysis/benchmarks/postgresql-9.5.2/dict_snowball.so.bc>:slice_del	1
</home/yz489/egg-smol-benchmark-pointer-analysis/benchmarks/postgresql-9.5.2/dict_snowball.so.bc>:insert_s	5
</home/yz489/egg-smol-benchmark-pointer-analysis/benchmarks/postgresql-9.5.2/dict_snowball.so.bc>:insert_v	4
</home/yz489/egg-smol-benchmark-pointer-analysis/benchmarks/postgresql-9.5.2/dict_snowball.so.bc>:slice_to	2
</home/yz489/egg-smol-benchmark-pointer-analysis/benchmarks/postgresql-9.5.2/dict_snowball.so.bc>:assign_to	2
</home/yz489/egg-smol-benchmark-pointer-analysis/benchmarks/postgresql-9.5.2/dict_snowball.so.bc>:get_utf8	4
</home/yz489/egg-smol-benchmark-pointer-analysis/benchmarks/postgresql-9.5.2/dict_snowball.so.bc>:get_b_utf8	4
</home/yz489/egg-smol-benchmark-pointer-analysis/benchmarks/postgresql-9.5.2/dict_snowball.so.bc>:increase_size	2
</home/yz489/egg-smol-benchmark-pointer-analysis/benchmarks/postgresql-9.5.2/dict_snowball.so.bc>:slice_check	1
</home/yz489/egg-smol-benchmark-pointer-analysis/benchmarks/postgresql-9.5.2/dict_snowball.so.bc>:danish_ISO_8859_1_stem	1
</home/yz489/egg-smol-benchmark-pointer-analysis/benchmarks/postgresql-9.5.2/dict_snowball.so.bc>:danish_ISO_8859_1_create_env	0
</home/yz489/egg-smol-benchmark-pointer-analysis/benchmarks/postgresql-9.5.2/dict_snowball.so.bc>:danish_ISO_8859_1_close_env	1
</home/yz489/egg-smol-benchmark-pointer-analysis/benchmarks/postgresql-9.5.2/dict_snowball.so.bc>:r_mark_regions	1
</home/yz489/egg-smol-benchmark-pointer-analysis/benchmarks/postgresql-9.5.2/dict_snowball.so.bc>:r_main_suffix	1
</home/yz489/egg-smol-benchmark-pointer-analysis/benchmarks/postgresql-9.5.2/dict_snowball.so.bc>:r_consonant_pair	1
</home/yz489/egg-smol-benchmark-pointer-analysis/benchmarks/postgresql-9.5.2/dict_snowball.so.bc>:r_other_suffix	1
</home/yz489/egg-smol-benchmark-pointer-analysis/benchmarks/postgresql-9.5.2/dict_snowball.so.bc>:r_undouble	1
</home/yz489/egg-smol-benchmark-pointer-analysis/benchmarks/postgresql-9.5.2/dict_snowball.so.bc>:dutch_ISO_8859_1_stem	1
</home/yz489/egg-smol-benchmark-pointer-analysis/benchmarks/postgresql-9.5.2/dict_snowball.so.bc>:dutch_ISO_8859_1_create_env	0
</home/yz489/egg-smol-benchmark-pointer-analysis/benchmarks/postgresql-9.5.2/dict_snowball.so.bc>:dutch_ISO_8859_1_close_env	1
</home/yz489/egg-smol-benchmark-pointer-analysis/benchmarks/postgresql-9.5.2/dict_snowball.so.bc>:r_prelude	1
</home/yz489/egg-smol-benchmark-pointer-analysis/benchmarks/postgresql-9.5.2/dict_snowball.so.bc>:r_mark_regions.21	1
</home/yz489/egg-smol-benchmark-pointer-analysis/benchmarks/postgresql-9.5.2/dict_snowball.so.bc>:r_standard_suffix	1
</home/yz489/egg-smol-benchmark-pointer-analysis/benchmarks/postgresql-9.5.2/dict_snowball.so.bc>:r_postlude	1
</home/yz489/egg-smol-benchmark-pointer-analysis/benchmarks/postgresql-9.5.2/dict_snowball.so.bc>:r_R1	1
</home/yz489/egg-smol-benchmark-pointer-analysis/benchmarks/postgresql-9.5.2/dict_snowball.so.bc>:r_en_ending	1
</home/yz489/egg-smol-benchmark-pointer-analysis/benchmarks/postgresql-9.5.2/dict_snowball.so.bc>:r_e_ending	1
</home/yz489/egg-smol-benchmark-pointer-analysis/benchmarks/postgresql-9.5.2/dict_snowball.so.bc>:r_R2	1
</home/yz489/egg-smol-benchmark-pointer-analysis/benchmarks/postgresql-9.5.2/dict_snowball.so.bc>:r_undouble.25	1
</home/yz489/egg-smol-benchmark-pointer-analysis/benchmarks/postgresql-9.5.2/dict_snowball.so.bc>:english_ISO_8859_1_stem	1
</home/yz489/egg-smol-benchmark-pointer-analysis/benchmarks/postgresql-9.5.2/dict_snowball.so.bc>:english_ISO_8859_1_create_env	0
</home/yz489/egg-smol-benchmark-pointer-analysis/benchmarks/postgresql-9.5.2/dict_snowball.so.bc>:english_ISO_8859_1_close_env	1
</home/yz489/egg-smol-benchmark-pointer-analysis/benchmarks/postgresql-9.5.2/dict_snowball.so.bc>:r_exception1	1
</home/yz489/egg-smol-benchmark-pointer-analysis/benchmarks/postgresql-9.5.2/dict_snowball.so.bc>:r_prelude.51	1
</home/yz489/egg-smol-benchmark-pointer-analysis/benchmarks/postgresql-9.5.2/dict_snowball.so.bc>:r_mark_regions.52	1
</home/yz489/egg-smol-benchmark-pointer-analysis/benchmarks/postgresql-9.5.2/dict_snowball.so.bc>:r_Step_1a	1
</home/yz489/egg-smol-benchmark-pointer-analysis/benchmarks/postgresql-9.5.2/dict_snowball.so.bc>:r_exception2	1
</home/yz489/egg-smol-benchmark-pointer-analysis/benchmarks/postgresql-9.5.2/dict_snowball.so.bc>:r_Step_1b	1
</home/yz489/egg-smol-benchmark-pointer-analysis/benchmarks/postgresql-9.5.2/dict_snowball.so.bc>:r_Step_1c	1
</home/yz489/egg-smol-benchmark-pointer-analysis/benchmarks/postgresql-9.5.2/dict_snowball.so.bc>:r_Step_2	1
</home/yz489/egg-smol-benchmark-pointer-analysis/benchmarks/postgresql-9.5.2/dict_snowball.so.bc>:r_Step_3	1
</home/yz489/egg-smol-benchmark-pointer-analysis/benchmarks/postgresql-9.5.2/dict_snowball.so.bc>:r_Step_4	1
</home/yz489/egg-smol-benchmark-pointer-analysis/benchmarks/postgresql-9.5.2/dict_snowball.so.bc>:r_Step_5	1
</home/yz489/egg-smol-benchmark-pointer-analysis/benchmarks/postgresql-9.5.2/dict_snowball.so.bc>:r_postlude.53	1
</home/yz489/egg-smol-benchmark-pointer-analysis/benchmarks/postgresql-9.5.2/dict_snowball.so.bc>:r_R2.54	1
</home/yz489/egg-smol-benchmark-pointer-analysis/benchmarks/postgresql-9.5.2/dict_snowball.so.bc>:r_R1.55	1
</home/yz489/egg-smol-benchmark-pointer-analysis/benchmarks/postgresql-9.5.2/dict_snowball.so.bc>:r_shortv	1
</home/yz489/egg-smol-benchmark-pointer-analysis/benchmarks/postgresql-9.5.2/dict_snowball.so.bc>:finnish_ISO_8859_1_stem	1
</home/yz489/egg-smol-benchmark-pointer-analysis/benchmarks/postgresql-9.5.2/dict_snowball.so.bc>:finnish_ISO_8859_1_create_env	0
</home/yz489/egg-smol-benchmark-pointer-analysis/benchmarks/postgresql-9.5.2/dict_snowball.so.bc>:finnish_ISO_8859_1_close_env	1
</home/yz489/egg-smol-benchmark-pointer-analysis/benchmarks/postgresql-9.5.2/dict_snowball.so.bc>:r_mark_regions.116	1
</home/yz489/egg-smol-benchmark-pointer-analysis/benchmarks/postgresql-9.5.2/dict_snowball.so.bc>:r_particle_etc	1
</home/yz489/egg-smol-benchmark-pointer-analysis/benchmarks/postgresql-9.5.2/dict_snowball.so.bc>:r_possessive	1
</home/yz489/egg-smol-benchmark-pointer-analysis/benchmarks/postgresql-9.5.2/dict_snowball.so.bc>:r_case_ending	1
</home/yz489/egg-smol-benchmark-pointer-analysis/benchmarks/postgresql-9.5.2/dict_snowball.so.bc>:r_other_endings	1
</home/yz489/egg-smol-benchmark-pointer-analysis/benchmarks/postgresql-9.5.2/dict_snowball.so.bc>:r_i_plural	1
</home/yz489/egg-smol-benchmark-pointer-analysis/benchmarks/postgresql-9.5.2/dict_snowball.so.bc>:r_t_plural	1
</home/yz489/egg-smol-benchmark-pointer-analysis/benchmarks/postgresql-9.5.2/dict_snowball.so.bc>:r_tidy	1
</home/yz489/egg-smol-benchmark-pointer-analysis/benchmarks/postgresql-9.5.2/dict_snowball.so.bc>:r_LONG	1
</home/yz489/egg-smol-benchmark-pointer-analysis/benchmarks/postgresql-9.5.2/dict_snowball.so.bc>:r_VI	1
</home/yz489/egg-smol-benchmark-pointer-analysis/benchmarks/postgresql-9.5.2/dict_snowball.so.bc>:r_R2.199	1
</home/yz489/egg-smol-benchmark-pointer-analysis/benchmarks/postgresql-9.5.2/dict_snowball.so.bc>:french_ISO_8859_1_stem	1
</home/yz489/egg-smol-benchmark-pointer-analysis/benchmarks/postgresql-9.5.2/dict_snowball.so.bc>:french_ISO_8859_1_create_env	0
</home/yz489/egg-smol-benchmark-pointer-analysis/benchmarks/postgresql-9.5.2/dict_snowball.so.bc>:french_ISO_8859_1_close_env	1
</home/yz489/egg-smol-benchmark-pointer-analysis/benchmarks/postgresql-9.5.2/dict_snowball.so.bc>:r_prelude.216	1
</home/yz489/egg-smol-benchmark-pointer-analysis/benchmarks/postgresql-9.5.2/dict_snowball.so.bc>:r_mark_regions.217	1
</home/yz489/egg-smol-benchmark-pointer-analysis/benchmarks/postgresql-9.5.2/dict_snowball.so.bc>:r_standard_suffix.218	1
</home/yz489/egg-smol-benchmark-pointer-analysis/benchmarks/postgresql-9.5.2/dict_snowball.so.bc>:r_i_verb_suffix	1
</home/yz489/egg-smol-benchmark-pointer-analysis/benchmarks/postgresql-9.5.2/dict_snowball.so.bc>:r_verb_suffix	1
</home/yz489/egg-smol-benchmark-pointer-analysis/benchmarks/postgresql-9.5.2/dict_snowball.so.bc>:r_residual_suffix	1
</home/yz489/egg-smol-benchmark-pointer-analysis/benchmarks/postgresql-9.5.2/dict_snowball.so.bc>:r_un_double	1
</home/yz489/egg-smol-benchmark-pointer-analysis/benchmarks/postgresql-9.5.2/dict_snowball.so.bc>:r_un_accent	1
</home/yz489/egg-smol-benchmark-pointer-analysis/benchmarks/postgresql-9.5.2/dict_snowball.so.bc>:r_postlude.223	1
</home/yz489/egg-smol-benchmark-pointer-analysis/benchmarks/postgresql-9.5.2/dict_snowball.so.bc>:r_R2.240	1
</home/yz489/egg-smol-benchmark-pointer-analysis/benchmarks/postgresql-9.5.2/dict_snowball.so.bc>:r_RV	1
</home/yz489/egg-smol-benchmark-pointer-analysis/benchmarks/postgresql-9.5.2/dict_snowball.so.bc>:r_R1.317	1
</home/yz489/egg-smol-benchmark-pointer-analysis/benchmarks/postgresql-9.5.2/dict_snowball.so.bc>:german_ISO_8859_1_stem	1
</home/yz489/egg-smol-benchmark-pointer-analysis/benchmarks/postgresql-9.5.2/dict_snowball.so.bc>:german_ISO_8859_1_create_env	0
</home/yz489/egg-smol-benchmark-pointer-analysis/benchmarks/postgresql-9.5.2/dict_snowball.so.bc>:german_ISO_8859_1_close_env	1
</home/yz489/egg-smol-benchmark-pointer-analysis/benchmarks/postgresql-9.5.2/dict_snowball.so.bc>:r_prelude.370	1
</home/yz489/egg-smol-benchmark-pointer-analysis/benchmarks/postgresql-9.5.2/dict_snowball.so.bc>:r_mark_regions.371	1
</home/yz489/egg-smol-benchmark-pointer-analysis/benchmarks/postgresql-9.5.2/dict_snowball.so.bc>:r_standard_suffix.372	1
</home/yz489/egg-smol-benchmark-pointer-analysis/benchmarks/postgresql-9.5.2/dict_snowball.so.bc>:r_postlude.373	1
</home/yz489/egg-smol-benchmark-pointer-analysis/benchmarks/postgresql-9.5.2/dict_snowball.so.bc>:r_R1.386	1
</home/yz489/egg-smol-benchmark-pointer-analysis/benchmarks/postgresql-9.5.2/dict_snowball.so.bc>:r_R2.390	1
</home/yz489/egg-smol-benchmark-pointer-analysis/benchmarks/postgresql-9.5.2/dict_snowball.so.bc>:hungarian_ISO_8859_1_stem	1
</home/yz489/egg-smol-benchmark-pointer-analysis/benchmarks/postgresql-9.5.2/dict_snowball.so.bc>:hungarian_ISO_8859_1_create_env	0
</home/yz489/egg-smol-benchmark-pointer-analysis/benchmarks/postgresql-9.5.2/dict_snowball.so.bc>:hungarian_ISO_8859_1_close_env	1
</home/yz489/egg-smol-benchmark-pointer-analysis/benchmarks/postgresql-9.5.2/dict_snowball.so.bc>:r_mark_regions.430	1
</home/yz489/egg-smol-benchmark-pointer-analysis/benchmarks/postgresql-9.5.2/dict_snowball.so.bc>:r_instrum	1
</home/yz489/egg-smol-benchmark-pointer-analysis/benchmarks/postgresql-9.5.2/dict_snowball.so.bc>:r_case	1
</home/yz489/egg-smol-benchmark-pointer-analysis/benchmarks/postgresql-9.5.2/dict_snowball.so.bc>:r_case_special	1
</home/yz489/egg-smol-benchmark-pointer-analysis/benchmarks/postgresql-9.5.2/dict_snowball.so.bc>:r_case_other	1
</home/yz489/egg-smol-benchmark-pointer-analysis/benchmarks/postgresql-9.5.2/dict_snowball.so.bc>:r_factive	1
</home/yz489/egg-smol-benchmark-pointer-analysis/benchmarks/postgresql-9.5.2/dict_snowball.so.bc>:r_owned	1
</home/yz489/egg-smol-benchmark-pointer-analysis/benchmarks/postgresql-9.5.2/dict_snowball.so.bc>:r_sing_owner	1
</home/yz489/egg-smol-benchmark-pointer-analysis/benchmarks/postgresql-9.5.2/dict_snowball.so.bc>:r_plur_owner	1
</home/yz489/egg-smol-benchmark-pointer-analysis/benchmarks/postgresql-9.5.2/dict_snowball.so.bc>:r_plural	1
</home/yz489/egg-smol-benchmark-pointer-analysis/benchmarks/postgresql-9.5.2/dict_snowball.so.bc>:r_R1.432	1
</home/yz489/egg-smol-benchmark-pointer-analysis/benchmarks/postgresql-9.5.2/dict_snowball.so.bc>:r_double	1
</home/yz489/egg-smol-benchmark-pointer-analysis/benchmarks/postgresql-9.5.2/dict_snowball.so.bc>:r_undouble.496	1
</home/yz489/egg-smol-benchmark-pointer-analysis/benchmarks/postgresql-9.5.2/dict_snowball.so.bc>:r_v_ending	1
</home/yz489/egg-smol-benchmark-pointer-analysis/benchmarks/postgresql-9.5.2/dict_snowball.so.bc>:italian_ISO_8859_1_stem	1
</home/yz489/egg-smol-benchmark-pointer-analysis/benchmarks/postgresql-9.5.2/dict_snowball.so.bc>:italian_ISO_8859_1_create_env	0
</home/yz489/egg-smol-benchmark-pointer-analysis/benchmarks/postgresql-9.5.2/dict_snowball.so.bc>:italian_ISO_8859_1_close_env	1
</home/yz489/egg-smol-benchmark-pointer-analysis/benchmarks/postgresql-9.5.2/dict_snowball.so.bc>:r_prelude.590	1
</home/yz489/egg-smol-benchmark-pointer-analysis/benchmarks/postgresql-9.5.2/dict_snowball.so.bc>:r_mark_regions.591	1
</home/yz489/egg-smol-benchmark-pointer-analysis/benchmarks/postgresql-9.5.2/dict_snowball.so.bc>:r_attached_pronoun	1
</home/yz489/egg-smol-benchmark-pointer-analysis/benchmarks/postgresql-9.5.2/dict_snowball.so.bc>:r_standard_suffix.592	1
</home/yz489/egg-smol-benchmark-pointer-analysis/benchmarks/postgresql-9.5.2/dict_snowball.so.bc>:r_verb_suffix.593	1
</home/yz489/egg-smol-benchmark-pointer-analysis/benchmarks/postgresql-9.5.2/dict_snowball.so.bc>:r_vowel_suffix	1
</home/yz489/egg-smol-benchmark-pointer-analysis/benchmarks/postgresql-9.5.2/dict_snowball.so.bc>:r_postlude.594	1
</home/yz489/egg-smol-benchmark-pointer-analysis/benchmarks/postgresql-9.5.2/dict_snowball.so.bc>:r_RV.600	1
</home/yz489/egg-smol-benchmark-pointer-analysis/benchmarks/postgresql-9.5.2/dict_snowball.so.bc>:r_R2.623	1
</home/yz489/egg-smol-benchmark-pointer-analysis/benchmarks/postgresql-9.5.2/dict_snowball.so.bc>:r_R1.628	1
</home/yz489/egg-smol-benchmark-pointer-analysis/benchmarks/postgresql-9.5.2/dict_snowball.so.bc>:norwegian_ISO_8859_1_stem	1
</home/yz489/egg-smol-benchmark-pointer-analysis/benchmarks/postgresql-9.5.2/dict_snowball.so.bc>:norwegian_ISO_8859_1_create_env	0
</home/yz489/egg-smol-benchmark-pointer-analysis/benchmarks/postgresql-9.5.2/dict_snowball.so.bc>:norwegian_ISO_8859_1_close_env	1
</home/yz489/egg-smol-benchmark-pointer-analysis/benchmarks/postgresql-9.5.2/dict_snowball.so.bc>:r_mark_regions.734	1
</home/yz489/egg-smol-benchmark-pointer-analysis/benchmarks/postgresql-9.5.2/dict_snowball.so.bc>:r_main_suffix.735	1
</home/yz489/egg-smol-benchmark-pointer-analysis/benchmarks/postgresql-9.5.2/dict_snowball.so.bc>:r_consonant_pair.736	1
</home/yz489/egg-smol-benchmark-pointer-analysis/benchmarks/postgresql-9.5.2/dict_snowball.so.bc>:r_other_suffix.737	1
</home/yz489/egg-smol-benchmark-pointer-analysis/benchmarks/postgresql-9.5.2/dict_snowball.so.bc>:porter_ISO_8859_1_stem	1
</home/yz489/egg-smol-benchmark-pointer-analysis/benchmarks/postgresql-9.5.2/dict_snowball.so.bc>:porter_ISO_8859_1_create_env	0
</home/yz489/egg-smol-benchmark-pointer-analysis/benchmarks/postgresql-9.5.2/dict_snowball.so.bc>:porter_ISO_8859_1_close_env	1
</home/yz489/egg-smol-benchmark-pointer-analysis/benchmarks/postgresql-9.5.2/dict_snowball.so.bc>:r_Step_1a.798	1
</home/yz489/egg-smol-benchmark-pointer-analysis/benchmarks/postgresql-9.5.2/dict_snowball.so.bc>:r_Step_1b.799	1
</home/yz489/egg-smol-benchmark-pointer-analysis/benchmarks/postgresql-9.5.2/dict_snowball.so.bc>:r_Step_1c.800	1
</home/yz489/egg-smol-benchmark-pointer-analysis/benchmarks/postgresql-9.5.2/dict_snowball.so.bc>:r_Step_2.801	1
</home/yz489/egg-smol-benchmark-pointer-analysis/benchmarks/postgresql-9.5.2/dict_snowball.so.bc>:r_Step_3.802	1
</home/yz489/egg-smol-benchmark-pointer-analysis/benchmarks/postgresql-9.5.2/dict_snowball.so.bc>:r_Step_4.803	1
</home/yz489/egg-smol-benchmark-pointer-analysis/benchmarks/postgresql-9.5.2/dict_snowball.so.bc>:r_Step_5a	1
</home/yz489/egg-smol-benchmark-pointer-analysis/benchmarks/postgresql-9.5.2/dict_snowball.so.bc>:r_Step_5b	1
</home/yz489/egg-smol-benchmark-pointer-analysis/benchmarks/postgresql-9.5.2/dict_snowball.so.bc>:r_R2.807	1
</home/yz489/egg-smol-benchmark-pointer-analysis/benchmarks/postgresql-9.5.2/dict_snowball.so.bc>:r_R1.810	1
</home/yz489/egg-smol-benchmark-pointer-analysis/benchmarks/postgresql-9.5.2/dict_snowball.so.bc>:r_shortv.811	1
</home/yz489/egg-smol-benchmark-pointer-analysis/benchmarks/postgresql-9.5.2/dict_snowball.so.bc>:portuguese_ISO_8859_1_stem	1
</home/yz489/egg-smol-benchmark-pointer-analysis/benchmarks/postgresql-9.5.2/dict_snowball.so.bc>:portuguese_ISO_8859_1_create_env	0
</home/yz489/egg-smol-benchmark-pointer-analysis/benchmarks/postgresql-9.5.2/dict_snowball.so.bc>:portuguese_ISO_8859_1_close_env	1
</home/yz489/egg-smol-benchmark-pointer-analysis/benchmarks/postgresql-9.5.2/dict_snowball.so.bc>:r_prelude.903	1
</home/yz489/egg-smol-benchmark-pointer-analysis/benchmarks/postgresql-9.5.2/dict_snowball.so.bc>:r_mark_regions.904	1
</home/yz489/egg-smol-benchmark-pointer-analysis/benchmarks/postgresql-9.5.2/dict_snowball.so.bc>:r_standard_suffix.905	1
</home/yz489/egg-smol-benchmark-pointer-analysis/benchmarks/postgresql-9.5.2/dict_snowball.so.bc>:r_verb_suffix.906	1
</home/yz489/egg-smol-benchmark-pointer-analysis/benchmarks/postgresql-9.5.2/dict_snowball.so.bc>:r_RV.909	1
</home/yz489/egg-smol-benchmark-pointer-analysis/benchmarks/postgresql-9.5.2/dict_snowball.so.bc>:r_residual_suffix.910	1
</home/yz489/egg-smol-benchmark-pointer-analysis/benchmarks/postgresql-9.5.2/dict_snowball.so.bc>:r_residual_form	1
</home/yz489/egg-smol-benchmark-pointer-analysis/benchmarks/postgresql-9.5.2/dict_snowball.so.bc>:r_postlude.911	1
</home/yz489/egg-smol-benchmark-pointer-analysis/benchmarks/postgresql-9.5.2/dict_snowball.so.bc>:r_R2.988	1
</home/yz489/egg-smol-benchmark-pointer-analysis/benchmarks/postgresql-9.5.2/dict_snowball.so.bc>:r_R1.992	1
</home/yz489/egg-smol-benchmark-pointer-analysis/benchmarks/postgresql-9.5.2/dict_snowball.so.bc>:spanish_ISO_8859_1_stem	1
</home/yz489/egg-smol-benchmark-pointer-analysis/benchmarks/postgresql-9.5.2/dict_snowball.so.bc>:spanish_ISO_8859_1_create_env	0
</home/yz489/egg-smol-benchmark-pointer-analysis/benchmarks/postgresql-9.5.2/dict_snowball.so.bc>:spanish_ISO_8859_1_close_env	1
</home/yz489/egg-smol-benchmark-pointer-analysis/benchmarks/postgresql-9.5.2/dict_snowball.so.bc>:r_mark_regions.1057	1
</home/yz489/egg-smol-benchmark-pointer-analysis/benchmarks/postgresql-9.5.2/dict_snowball.so.bc>:r_attached_pronoun.1058	1
</home/yz489/egg-smol-benchmark-pointer-analysis/benchmarks/postgresql-9.5.2/dict_snowball.so.bc>:r_standard_suffix.1059	1
</home/yz489/egg-smol-benchmark-pointer-analysis/benchmarks/postgresql-9.5.2/dict_snowball.so.bc>:r_y_verb_suffix	1
</home/yz489/egg-smol-benchmark-pointer-analysis/benchmarks/postgresql-9.5.2/dict_snowball.so.bc>:r_verb_suffix.1060	1
</home/yz489/egg-smol-benchmark-pointer-analysis/benchmarks/postgresql-9.5.2/dict_snowball.so.bc>:r_residual_suffix.1061	1
</home/yz489/egg-smol-benchmark-pointer-analysis/benchmarks/postgresql-9.5.2/dict_snowball.so.bc>:r_postlude.1062	1
</home/yz489/egg-smol-benchmark-pointer-analysis/benchmarks/postgresql-9.5.2/dict_snowball.so.bc>:r_RV.1075	1
</home/yz489/egg-smol-benchmark-pointer-analysis/benchmarks/postgresql-9.5.2/dict_snowball.so.bc>:r_R2.1111	1
</home/yz489/egg-smol-benchmark-pointer-analysis/benchmarks/postgresql-9.5.2/dict_snowball.so.bc>:r_R1.1116	1
</home/yz489/egg-smol-benchmark-pointer-analysis/benchmarks/postgresql-9.5.2/dict_snowball.so.bc>:swedish_ISO_8859_1_stem	1
</home/yz489/egg-smol-benchmark-pointer-analysis/benchmarks/postgresql-9.5.2/dict_snowball.so.bc>:swedish_ISO_8859_1_create_env	0
</home/yz489/egg-smol-benchmark-pointer-analysis/benchmarks/postgresql-9.5.2/dict_snowball.so.bc>:swedish_ISO_8859_1_close_env	1
</home/yz489/egg-smol-benchmark-pointer-analysis/benchmarks/postgresql-9.5.2/dict_snowball.so.bc>:r_mark_regions.1217	1
</home/yz489/egg-smol-benchmark-pointer-analysis/benchmarks/postgresql-9.5.2/dict_snowball.so.bc>:r_main_suffix.1218	1
</home/yz489/egg-smol-benchmark-pointer-analysis/benchmarks/postgresql-9.5.2/dict_snowball.so.bc>:r_consonant_pair.1219	1
</home/yz489/egg-smol-benchmark-pointer-analysis/benchmarks/postgresql-9.5.2/dict_snowball.so.bc>:r_other_suffix.1220	1
</home/yz489/egg-smol-benchmark-pointer-analysis/benchmarks/postgresql-9.5.2/dict_snowball.so.bc>:romanian_ISO_8859_2_stem	1
</home/yz489/egg-smol-benchmark-pointer-analysis/benchmarks/postgresql-9.5.2/dict_snowball.so.bc>:romanian_ISO_8859_2_create_env	0
</home/yz489/egg-smol-benchmark-pointer-analysis/benchmarks/postgresql-9.5.2/dict_snowball.so.bc>:romanian_ISO_8859_2_close_env	1
</home/yz489/egg-smol-benchmark-pointer-analysis/benchmarks/postgresql-9.5.2/dict_snowball.so.bc>:r_prelude.1278	1
</home/yz489/egg-smol-benchmark-pointer-analysis/benchmarks/postgresql-9.5.2/dict_snowball.so.bc>:r_mark_regions.1279	1
</home/yz489/egg-smol-benchmark-pointer-analysis/benchmarks/postgresql-9.5.2/dict_snowball.so.bc>:r_step_0	1
</home/yz489/egg-smol-benchmark-pointer-analysis/benchmarks/postgresql-9.5.2/dict_snowball.so.bc>:r_standard_suffix.1280	1
</home/yz489/egg-smol-benchmark-pointer-analysis/benchmarks/postgresql-9.5.2/dict_snowball.so.bc>:r_verb_suffix.1281	1
</home/yz489/egg-smol-benchmark-pointer-analysis/benchmarks/postgresql-9.5.2/dict_snowball.so.bc>:r_vowel_suffix.1282	1
</home/yz489/egg-smol-benchmark-pointer-analysis/benchmarks/postgresql-9.5.2/dict_snowball.so.bc>:r_postlude.1283	1
</home/yz489/egg-smol-benchmark-pointer-analysis/benchmarks/postgresql-9.5.2/dict_snowball.so.bc>:r_RV.1290	1
</home/yz489/egg-smol-benchmark-pointer-analysis/benchmarks/postgresql-9.5.2/dict_snowball.so.bc>:r_combo_suffix	1
</home/yz489/egg-smol-benchmark-pointer-analysis/benchmarks/postgresql-9.5.2/dict_snowball.so.bc>:r_R2.1344	1
</home/yz489/egg-smol-benchmark-pointer-analysis/benchmarks/postgresql-9.5.2/dict_snowball.so.bc>:r_R1.1369	1
</home/yz489/egg-smol-benchmark-pointer-analysis/benchmarks/postgresql-9.5.2/dict_snowball.so.bc>:russian_KOI8_R_stem	1
</home/yz489/egg-smol-benchmark-pointer-analysis/benchmarks/postgresql-9.5.2/dict_snowball.so.bc>:russian_KOI8_R_create_env	0
</home/yz489/egg-smol-benchmark-pointer-analysis/benchmarks/postgresql-9.5.2/dict_snowball.so.bc>:russian_KOI8_R_close_env	1
</home/yz489/egg-smol-benchmark-pointer-analysis/benchmarks/postgresql-9.5.2/dict_snowball.so.bc>:r_mark_regions.1444	1
</home/yz489/egg-smol-benchmark-pointer-analysis/benchmarks/postgresql-9.5.2/dict_snowball.so.bc>:r_perfective_gerund	1
</home/yz489/egg-smol-benchmark-pointer-analysis/benchmarks/postgresql-9.5.2/dict_snowball.so.bc>:r_reflexive	1
</home/yz489/egg-smol-benchmark-pointer-analysis/benchmarks/postgresql-9.5.2/dict_snowball.so.bc>:r_adjectival	1
</home/yz489/egg-smol-benchmark-pointer-analysis/benchmarks/postgresql-9.5.2/dict_snowball.so.bc>:r_verb	1
</home/yz489/egg-smol-benchmark-pointer-analysis/benchmarks/postgresql-9.5.2/dict_snowball.so.bc>:r_noun	1
</home/yz489/egg-smol-benchmark-pointer-analysis/benchmarks/postgresql-9.5.2/dict_snowball.so.bc>:r_derivational	1
</home/yz489/egg-smol-benchmark-pointer-analysis/benchmarks/postgresql-9.5.2/dict_snowball.so.bc>:r_tidy_up	1
</home/yz489/egg-smol-benchmark-pointer-analysis/benchmarks/postgresql-9.5.2/dict_snowball.so.bc>:r_R2.1455	1
</home/yz489/egg-smol-benchmark-pointer-analysis/benchmarks/postgresql-9.5.2/dict_snowball.so.bc>:r_adjective	1
</home/yz489/egg-smol-benchmark-pointer-analysis/benchmarks/postgresql-9.5.2/dict_snowball.so.bc>:danish_UTF_8_stem	1
</home/yz489/egg-smol-benchmark-pointer-analysis/benchmarks/postgresql-9.5.2/dict_snowball.so.bc>:danish_UTF_8_create_env	0
</home/yz489/egg-smol-benchmark-pointer-analysis/benchmarks/postgresql-9.5.2/dict_snowball.so.bc>:danish_UTF_8_close_env	1
</home/yz489/egg-smol-benchmark-pointer-analysis/benchmarks/postgresql-9.5.2/dict_snowball.so.bc>:r_mark_regions.1594	1
</home/yz489/egg-smol-benchmark-pointer-analysis/benchmarks/postgresql-9.5.2/dict_snowball.so.bc>:r_main_suffix.1595	1
</home/yz489/egg-smol-benchmark-pointer-analysis/benchmarks/postgresql-9.5.2/dict_snowball.so.bc>:r_consonant_pair.1596	1
</home/yz489/egg-smol-benchmark-pointer-analysis/benchmarks/postgresql-9.5.2/dict_snowball.so.bc>:r_other_suffix.1597	1
</home/yz489/egg-smol-benchmark-pointer-analysis/benchmarks/postgresql-9.5.2/dict_snowball.so.bc>:r_undouble.1598	1
</home/yz489/egg-smol-benchmark-pointer-analysis/benchmarks/postgresql-9.5.2/dict_snowball.so.bc>:dutch_UTF_8_stem	1
</home/yz489/egg-smol-benchmark-pointer-analysis/benchmarks/postgresql-9.5.2/dict_snowball.so.bc>:dutch_UTF_8_create_env	0
</home/yz489/egg-smol-benchmark-pointer-analysis/benchmarks/postgresql-9.5.2/dict_snowball.so.bc>:dutch_UTF_8_close_env	1
</home/yz489/egg-smol-benchmark-pointer-analysis/benchmarks/postgresql-9.5.2/dict_snowball.so.bc>:r_prelude.1654	1
</home/yz489/egg-smol-benchmark-pointer-analysis/benchmarks/postgresql-9.5.2/dict_snowball.so.bc>:r_mark_regions.1655	1
</home/yz489/egg-smol-benchmark-pointer-analysis/benchmarks/postgresql-9.5.2/dict_snowball.so.bc>:r_standard_suffix.1656	1
</home/yz489/egg-smol-benchmark-pointer-analysis/benchmarks/postgresql-9.5.2/dict_snowball.so.bc>:r_postlude.1657	1
</home/yz489/egg-smol-benchmark-pointer-analysis/benchmarks/postgresql-9.5.2/dict_snowball.so.bc>:r_R1.1664	1
</home/yz489/egg-smol-benchmark-pointer-analysis/benchmarks/postgresql-9.5.2/dict_snowball.so.bc>:r_en_ending.1666	1
</home/yz489/egg-smol-benchmark-pointer-analysis/benchmarks/postgresql-9.5.2/dict_snowball.so.bc>:r_e_ending.1668	1
</home/yz489/egg-smol-benchmark-pointer-analysis/benchmarks/postgresql-9.5.2/dict_snowball.so.bc>:r_R2.1670	1
</home/yz489/egg-smol-benchmark-pointer-analysis/benchmarks/postgresql-9.5.2/dict_snowball.so.bc>:r_undouble.1676	1
</home/yz489/egg-smol-benchmark-pointer-analysis/benchmarks/postgresql-9.5.2/dict_snowball.so.bc>:english_UTF_8_stem	1
</home/yz489/egg-smol-benchmark-pointer-analysis/benchmarks/postgresql-9.5.2/dict_snowball.so.bc>:english_UTF_8_create_env	0
</home/yz489/egg-smol-benchmark-pointer-analysis/benchmarks/postgresql-9.5.2/dict_snowball.so.bc>:english_UTF_8_close_env	1
</home/yz489/egg-smol-benchmark-pointer-analysis/benchmarks/postgresql-9.5.2/dict_snowball.so.bc>:r_exception1.1730	1
</home/yz489/egg-smol-benchmark-pointer-analysis/benchmarks/postgresql-9.5.2/dict_snowball.so.bc>:r_prelude.1731	1
</home/yz489/egg-smol-benchmark-pointer-analysis/benchmarks/postgresql-9.5.2/dict_snowball.so.bc>:r_mark_regions.1732	1
</home/yz489/egg-smol-benchmark-pointer-analysis/benchmarks/postgresql-9.5.2/dict_snowball.so.bc>:r_Step_1a.1733	1
</home/yz489/egg-smol-benchmark-pointer-analysis/benchmarks/postgresql-9.5.2/dict_snowball.so.bc>:r_exception2.1734	1
</home/yz489/egg-smol-benchmark-pointer-analysis/benchmarks/postgresql-9.5.2/dict_snowball.so.bc>:r_Step_1b.1735	1
</home/yz489/egg-smol-benchmark-pointer-analysis/benchmarks/postgresql-9.5.2/dict_snowball.so.bc>:r_Step_1c.1736	1
</home/yz489/egg-smol-benchmark-pointer-analysis/benchmarks/postgresql-9.5.2/dict_snowball.so.bc>:r_Step_2.1737	1
</home/yz489/egg-smol-benchmark-pointer-analysis/benchmarks/postgresql-9.5.2/dict_snowball.so.bc>:r_Step_3.1738	1
</home/yz489/egg-smol-benchmark-pointer-analysis/benchmarks/postgresql-9.5.2/dict_snowball.so.bc>:r_Step_4.1739	1
</home/yz489/egg-smol-benchmark-pointer-analysis/benchmarks/postgresql-9.5.2/dict_snowball.so.bc>:r_Step_5.1740	1
</home/yz489/egg-smol-benchmark-pointer-analysis/benchmarks/postgresql-9.5.2/dict_snowball.so.bc>:r_postlude.1741	1
</home/yz489/egg-smol-benchmark-pointer-analysis/benchmarks/postgresql-9.5.2/dict_snowball.so.bc>:r_R2.1745	1
</home/yz489/egg-smol-benchmark-pointer-analysis/benchmarks/postgresql-9.5.2/dict_snowball.so.bc>:r_R1.1746	1
</home/yz489/egg-smol-benchmark-pointer-analysis/benchmarks/postgresql-9.5.2/dict_snowball.so.bc>:r_shortv.1747	1
</home/yz489/egg-smol-benchmark-pointer-analysis/benchmarks/postgresql-9.5.2/dict_snowball.so.bc>:finnish_UTF_8_stem	1
</home/yz489/egg-smol-benchmark-pointer-analysis/benchmarks/postgresql-9.5.2/dict_snowball.so.bc>:finnish_UTF_8_create_env	0
</home/yz489/egg-smol-benchmark-pointer-analysis/benchmarks/postgresql-9.5.2/dict_snowball.so.bc>:finnish_UTF_8_close_env	1
</home/yz489/egg-smol-benchmark-pointer-analysis/benchmarks/postgresql-9.5.2/dict_snowball.so.bc>:r_mark_regions.1924	1
</home/yz489/egg-smol-benchmark-pointer-analysis/benchmarks/postgresql-9.5.2/dict_snowball.so.bc>:r_particle_etc.1925	1
</home/yz489/egg-smol-benchmark-pointer-analysis/benchmarks/postgresql-9.5.2/dict_snowball.so.bc>:r_possessive.1926	1
</home/yz489/egg-smol-benchmark-pointer-analysis/benchmarks/postgresql-9.5.2/dict_snowball.so.bc>:r_case_ending.1927	1
</home/yz489/egg-smol-benchmark-pointer-analysis/benchmarks/postgresql-9.5.2/dict_snowball.so.bc>:r_other_endings.1928	1
</home/yz489/egg-smol-benchmark-pointer-analysis/benchmarks/postgresql-9.5.2/dict_snowball.so.bc>:r_i_plural.1929	1
</home/yz489/egg-smol-benchmark-pointer-analysis/benchmarks/postgresql-9.5.2/dict_snowball.so.bc>:r_t_plural.1930	1
</home/yz489/egg-smol-benchmark-pointer-analysis/benchmarks/postgresql-9.5.2/dict_snowball.so.bc>:r_tidy.1931	1
</home/yz489/egg-smol-benchmark-pointer-analysis/benchmarks/postgresql-9.5.2/dict_snowball.so.bc>:r_LONG.1932	1
</home/yz489/egg-smol-benchmark-pointer-analysis/benchmarks/postgresql-9.5.2/dict_snowball.so.bc>:r_VI.1995	1
</home/yz489/egg-smol-benchmark-pointer-analysis/benchmarks/postgresql-9.5.2/dict_snowball.so.bc>:r_R2.2046	1
</home/yz489/egg-smol-benchmark-pointer-analysis/benchmarks/postgresql-9.5.2/dict_snowball.so.bc>:french_UTF_8_stem	1
</home/yz489/egg-smol-benchmark-pointer-analysis/benchmarks/postgresql-9.5.2/dict_snowball.so.bc>:french_UTF_8_create_env	0
</home/yz489/egg-smol-benchmark-pointer-analysis/benchmarks/postgresql-9.5.2/dict_snowball.so.bc>:french_UTF_8_close_env	1
</home/yz489/egg-smol-benchmark-pointer-analysis/benchmarks/postgresql-9.5.2/dict_snowball.so.bc>:r_prelude.2063	1
</home/yz489/egg-smol-benchmark-pointer-analysis/benchmarks/postgresql-9.5.2/dict_snowball.so.bc>:r_mark_regions.2064	1
</home/yz489/egg-smol-benchmark-pointer-analysis/benchmarks/postgresql-9.5.2/dict_snowball.so.bc>:r_standard_suffix.2065	1
</home/yz489/egg-smol-benchmark-pointer-analysis/benchmarks/postgresql-9.5.2/dict_snowball.so.bc>:r_i_verb_suffix.2066	1
</home/yz489/egg-smol-benchmark-pointer-analysis/benchmarks/postgresql-9.5.2/dict_snowball.so.bc>:r_verb_suffix.2067	1
</home/yz489/egg-smol-benchmark-pointer-analysis/benchmarks/postgresql-9.5.2/dict_snowball.so.bc>:r_residual_suffix.2072	1
</home/yz489/egg-smol-benchmark-pointer-analysis/benchmarks/postgresql-9.5.2/dict_snowball.so.bc>:r_un_double.2073	1
</home/yz489/egg-smol-benchmark-pointer-analysis/benchmarks/postgresql-9.5.2/dict_snowball.so.bc>:r_un_accent.2074	1
</home/yz489/egg-smol-benchmark-pointer-analysis/benchmarks/postgresql-9.5.2/dict_snowball.so.bc>:r_postlude.2075	1
</home/yz489/egg-smol-benchmark-pointer-analysis/benchmarks/postgresql-9.5.2/dict_snowball.so.bc>:r_R2.2096	1
</home/yz489/egg-smol-benchmark-pointer-analysis/benchmarks/postgresql-9.5.2/dict_snowball.so.bc>:r_RV.2190	1
</home/yz489/egg-smol-benchmark-pointer-analysis/benchmarks/postgresql-9.5.2/dict_snowball.so.bc>:r_R1.2193	1
</home/yz489/egg-smol-benchmark-pointer-analysis/benchmarks/postgresql-9.5.2/dict_snowball.so.bc>:german_UTF_8_stem	1
</home/yz489/egg-smol-benchmark-pointer-analysis/benchmarks/postgresql-9.5.2/dict_snowball.so.bc>:german_UTF_8_create_env	0
</home/yz489/egg-smol-benchmark-pointer-analysis/benchmarks/postgresql-9.5.2/dict_snowball.so.bc>:german_UTF_8_close_env	1
</home/yz489/egg-smol-benchmark-pointer-analysis/benchmarks/postgresql-9.5.2/dict_snowball.so.bc>:r_prelude.2280	1
</home/yz489/egg-smol-benchmark-pointer-analysis/benchmarks/postgresql-9.5.2/dict_snowball.so.bc>:r_mark_regions.2281	1
</home/yz489/egg-smol-benchmark-pointer-analysis/benchmarks/postgresql-9.5.2/dict_snowball.so.bc>:r_standard_suffix.2282	1
</home/yz489/egg-smol-benchmark-pointer-analysis/benchmarks/postgresql-9.5.2/dict_snowball.so.bc>:r_postlude.2283	1
</home/yz489/egg-smol-benchmark-pointer-analysis/benchmarks/postgresql-9.5.2/dict_snowball.so.bc>:r_R1.2296	1
</home/yz489/egg-smol-benchmark-pointer-analysis/benchmarks/postgresql-9.5.2/dict_snowball.so.bc>:r_R2.2301	1
</home/yz489/egg-smol-benchmark-pointer-analysis/benchmarks/postgresql-9.5.2/dict_snowball.so.bc>:hungarian_UTF_8_stem	1
</home/yz489/egg-smol-benchmark-pointer-analysis/benchmarks/postgresql-9.5.2/dict_snowball.so.bc>:hungarian_UTF_8_create_env	0
</home/yz489/egg-smol-benchmark-pointer-analysis/benchmarks/postgresql-9.5.2/dict_snowball.so.bc>:hungarian_UTF_8_close_env	1
</home/yz489/egg-smol-benchmark-pointer-analysis/benchmarks/postgresql-9.5.2/dict_snowball.so.bc>:r_mark_regions.2342	1
</home/yz489/egg-smol-benchmark-pointer-analysis/benchmarks/postgresql-9.5.2/dict_snowball.so.bc>:r_instrum.2343	1
</home/yz489/egg-smol-benchmark-pointer-analysis/benchmarks/postgresql-9.5.2/dict_snowball.so.bc>:r_case.2344	1
</home/yz489/egg-smol-benchmark-pointer-analysis/benchmarks/postgresql-9.5.2/dict_snowball.so.bc>:r_case_special.2345	1
</home/yz489/egg-smol-benchmark-pointer-analysis/benchmarks/postgresql-9.5.2/dict_snowball.so.bc>:r_case_other.2346	1
</home/yz489/egg-smol-benchmark-pointer-analysis/benchmarks/postgresql-9.5.2/dict_snowball.so.bc>:r_factive.2347	1
</home/yz489/egg-smol-benchmark-pointer-analysis/benchmarks/postgresql-9.5.2/dict_snowball.so.bc>:r_owned.2348	1
</home/yz489/egg-smol-benchmark-pointer-analysis/benchmarks/postgresql-9.5.2/dict_snowball.so.bc>:r_sing_owner.2349	1
</home/yz489/egg-smol-benchmark-pointer-analysis/benchmarks/postgresql-9.5.2/dict_snowball.so.bc>:r_plur_owner.2350	1
</home/yz489/egg-smol-benchmark-pointer-analysis/benchmarks/postgresql-9.5.2/dict_snowball.so.bc>:r_plural.2351	1
</home/yz489/egg-smol-benchmark-pointer-analysis/benchmarks/postgresql-9.5.2/dict_snowball.so.bc>:r_R1.2353	1
</home/yz489/egg-smol-benchmark-pointer-analysis/benchmarks/postgresql-9.5.2/dict_snowball.so.bc>:r_double.2479	1
</home/yz489/egg-smol-benchmark-pointer-analysis/benchmarks/postgresql-9.5.2/dict_snowball.so.bc>:r_undouble.2480	1
</home/yz489/egg-smol-benchmark-pointer-analysis/benchmarks/postgresql-9.5.2/dict_snowball.so.bc>:r_v_ending.2524	1
</home/yz489/egg-smol-benchmark-pointer-analysis/benchmarks/postgresql-9.5.2/dict_snowball.so.bc>:italian_UTF_8_stem	1
</home/yz489/egg-smol-benchmark-pointer-analysis/benchmarks/postgresql-9.5.2/dict_snowball.so.bc>:italian_UTF_8_create_env	0
</home/yz489/egg-smol-benchmark-pointer-analysis/benchmarks/postgresql-9.5.2/dict_snowball.so.bc>:italian_UTF_8_close_env	1
</home/yz489/egg-smol-benchmark-pointer-analysis/benchmarks/postgresql-9.5.2/dict_snowball.so.bc>:r_prelude.2593	1
</home/yz489/egg-smol-benchmark-pointer-analysis/benchmarks/postgresql-9.5.2/dict_snowball.so.bc>:r_mark_regions.2594	1
</home/yz489/egg-smol-benchmark-pointer-analysis/benchmarks/postgresql-9.5.2/dict_snowball.so.bc>:r_attached_pronoun.2595	1
</home/yz489/egg-smol-benchmark-pointer-analysis/benchmarks/postgresql-9.5.2/dict_snowball.so.bc>:r_standard_suffix.2596	1
</home/yz489/egg-smol-benchmark-pointer-analysis/benchmarks/postgresql-9.5.2/dict_snowball.so.bc>:r_verb_suffix.2597	1
</home/yz489/egg-smol-benchmark-pointer-analysis/benchmarks/postgresql-9.5.2/dict_snowball.so.bc>:r_vowel_suffix.2598	1
</home/yz489/egg-smol-benchmark-pointer-analysis/benchmarks/postgresql-9.5.2/dict_snowball.so.bc>:r_postlude.2599	1
</home/yz489/egg-smol-benchmark-pointer-analysis/benchmarks/postgresql-9.5.2/dict_snowball.so.bc>:r_RV.2606	1
</home/yz489/egg-smol-benchmark-pointer-analysis/benchmarks/postgresql-9.5.2/dict_snowball.so.bc>:r_R2.2699	1
</home/yz489/egg-smol-benchmark-pointer-analysis/benchmarks/postgresql-9.5.2/dict_snowball.so.bc>:r_R1.2704	1
</home/yz489/egg-smol-benchmark-pointer-analysis/benchmarks/postgresql-9.5.2/dict_snowball.so.bc>:norwegian_UTF_8_stem	1
</home/yz489/egg-smol-benchmark-pointer-analysis/benchmarks/postgresql-9.5.2/dict_snowball.so.bc>:norwegian_UTF_8_create_env	0
</home/yz489/egg-smol-benchmark-pointer-analysis/benchmarks/postgresql-9.5.2/dict_snowball.so.bc>:norwegian_UTF_8_close_env	1
</home/yz489/egg-smol-benchmark-pointer-analysis/benchmarks/postgresql-9.5.2/dict_snowball.so.bc>:r_mark_regions.2837	1
</home/yz489/egg-smol-benchmark-pointer-analysis/benchmarks/postgresql-9.5.2/dict_snowball.so.bc>:r_main_suffix.2838	1
</home/yz489/egg-smol-benchmark-pointer-analysis/benchmarks/postgresql-9.5.2/dict_snowball.so.bc>:r_consonant_pair.2839	1
</home/yz489/egg-smol-benchmark-pointer-analysis/benchmarks/postgresql-9.5.2/dict_snowball.so.bc>:r_other_suffix.2840	1
</home/yz489/egg-smol-benchmark-pointer-analysis/benchmarks/postgresql-9.5.2/dict_snowball.so.bc>:porter_UTF_8_stem	1
</home/yz489/egg-smol-benchmark-pointer-analysis/benchmarks/postgresql-9.5.2/dict_snowball.so.bc>:porter_UTF_8_create_env	0
</home/yz489/egg-smol-benchmark-pointer-analysis/benchmarks/postgresql-9.5.2/dict_snowball.so.bc>:porter_UTF_8_close_env	1
</home/yz489/egg-smol-benchmark-pointer-analysis/benchmarks/postgresql-9.5.2/dict_snowball.so.bc>:r_Step_1a.2901	1
</home/yz489/egg-smol-benchmark-pointer-analysis/benchmarks/postgresql-9.5.2/dict_snowball.so.bc>:r_Step_1b.2902	1
</home/yz489/egg-smol-benchmark-pointer-analysis/benchmarks/postgresql-9.5.2/dict_snowball.so.bc>:r_Step_1c.2903	1
</home/yz489/egg-smol-benchmark-pointer-analysis/benchmarks/postgresql-9.5.2/dict_snowball.so.bc>:r_Step_2.2904	1
</home/yz489/egg-smol-benchmark-pointer-analysis/benchmarks/postgresql-9.5.2/dict_snowball.so.bc>:r_Step_3.2905	1
</home/yz489/egg-smol-benchmark-pointer-analysis/benchmarks/postgresql-9.5.2/dict_snowball.so.bc>:r_Step_4.2906	1
</home/yz489/egg-smol-benchmark-pointer-analysis/benchmarks/postgresql-9.5.2/dict_snowball.so.bc>:r_Step_5a.2907	1
</home/yz489/egg-smol-benchmark-pointer-analysis/benchmarks/postgresql-9.5.2/dict_snowball.so.bc>:r_Step_5b.2908	1
</home/yz489/egg-smol-benchmark-pointer-analysis/benchmarks/postgresql-9.5.2/dict_snowball.so.bc>:r_R2.2912	1
</home/yz489/egg-smol-benchmark-pointer-analysis/benchmarks/postgresql-9.5.2/dict_snowball.so.bc>:r_R1.2915	1
</home/yz489/egg-smol-benchmark-pointer-analysis/benchmarks/postgresql-9.5.2/dict_snowball.so.bc>:r_shortv.2916	1
</home/yz489/egg-smol-benchmark-pointer-analysis/benchmarks/postgresql-9.5.2/dict_snowball.so.bc>:portuguese_UTF_8_stem	1
</home/yz489/egg-smol-benchmark-pointer-analysis/benchmarks/postgresql-9.5.2/dict_snowball.so.bc>:portuguese_UTF_8_create_env	0
</home/yz489/egg-smol-benchmark-pointer-analysis/benchmarks/postgresql-9.5.2/dict_snowball.so.bc>:portuguese_UTF_8_close_env	1
</home/yz489/egg-smol-benchmark-pointer-analysis/benchmarks/postgresql-9.5.2/dict_snowball.so.bc>:r_prelude.3021	1
</home/yz489/egg-smol-benchmark-pointer-analysis/benchmarks/postgresql-9.5.2/dict_snowball.so.bc>:r_mark_regions.3022	1
</home/yz489/egg-smol-benchmark-pointer-analysis/benchmarks/postgresql-9.5.2/dict_snowball.so.bc>:r_standard_suffix.3023	1
</home/yz489/egg-smol-benchmark-pointer-analysis/benchmarks/postgresql-9.5.2/dict_snowball.so.bc>:r_verb_suffix.3024	1
</home/yz489/egg-smol-benchmark-pointer-analysis/benchmarks/postgresql-9.5.2/dict_snowball.so.bc>:r_RV.3027	1
</home/yz489/egg-smol-benchmark-pointer-analysis/benchmarks/postgresql-9.5.2/dict_snowball.so.bc>:r_residual_suffix.3028	1
</home/yz489/egg-smol-benchmark-pointer-analysis/benchmarks/postgresql-9.5.2/dict_snowball.so.bc>:r_residual_form.3029	1
</home/yz489/egg-smol-benchmark-pointer-analysis/benchmarks/postgresql-9.5.2/dict_snowball.so.bc>:r_postlude.3030	1
</home/yz489/egg-smol-benchmark-pointer-analysis/benchmarks/postgresql-9.5.2/dict_snowball.so.bc>:r_R2.3176	1
</home/yz489/egg-smol-benchmark-pointer-analysis/benchmarks/postgresql-9.5.2/dict_snowball.so.bc>:r_R1.3180	1
</home/yz489/egg-smol-benchmark-pointer-analysis/benchmarks/postgresql-9.5.2/dict_snowball.so.bc>:romanian_UTF_8_stem	1
</home/yz489/egg-smol-benchmark-pointer-analysis/benchmarks/postgresql-9.5.2/dict_snowball.so.bc>:romanian_UTF_8_create_env	0
</home/yz489/egg-smol-benchmark-pointer-analysis/benchmarks/postgresql-9.5.2/dict_snowball.so.bc>:romanian_UTF_8_close_env	1
</home/yz489/egg-smol-benchmark-pointer-analysis/benchmarks/postgresql-9.5.2/dict_snowball.so.bc>:r_prelude.3255	1
</home/yz489/egg-smol-benchmark-pointer-analysis/benchmarks/postgresql-9.5.2/dict_snowball.so.bc>:r_mark_regions.3256	1
</home/yz489/egg-smol-benchmark-pointer-analysis/benchmarks/postgresql-9.5.2/dict_snowball.so.bc>:r_step_0.3257	1
</home/yz489/egg-smol-benchmark-pointer-analysis/benchmarks/postgresql-9.5.2/dict_snowball.so.bc>:r_standard_suffix.3258	1
</home/yz489/egg-smol-benchmark-pointer-analysis/benchmarks/postgresql-9.5.2/dict_snowball.so.bc>:r_verb_suffix.3259	1
</home/yz489/egg-smol-benchmark-pointer-analysis/benchmarks/postgresql-9.5.2/dict_snowball.so.bc>:r_vowel_suffix.3260	1
</home/yz489/egg-smol-benchmark-pointer-analysis/benchmarks/postgresql-9.5.2/dict_snowball.so.bc>:r_postlude.3261	1
</home/yz489/egg-smol-benchmark-pointer-analysis/benchmarks/postgresql-9.5.2/dict_snowball.so.bc>:r_RV.3268	1
</home/yz489/egg-smol-benchmark-pointer-analysis/benchmarks/postgresql-9.5.2/dict_snowball.so.bc>:r_combo_suffix.3371	1
</home/yz489/egg-smol-benchmark-pointer-analysis/benchmarks/postgresql-9.5.2/dict_snowball.so.bc>:r_R2.3373	1
</home/yz489/egg-smol-benchmark-pointer-analysis/benchmarks/postgresql-9.5.2/dict_snowball.so.bc>:r_R1.3440	1
</home/yz489/egg-smol-benchmark-pointer-analysis/benchmarks/postgresql-9.5.2/dict_snowball.so.bc>:russian_UTF_8_stem	1
</home/yz489/egg-smol-benchmark-pointer-analysis/benchmarks/postgresql-9.5.2/dict_snowball.so.bc>:russian_UTF_8_create_env	0
</home/yz489/egg-smol-benchmark-pointer-analysis/benchmarks/postgresql-9.5.2/dict_snowball.so.bc>:russian_UTF_8_close_env	1
</home/yz489/egg-smol-benchmark-pointer-analysis/benchmarks/postgresql-9.5.2/dict_snowball.so.bc>:r_mark_regions.3527	1
</home/yz489/egg-smol-benchmark-pointer-analysis/benchmarks/postgresql-9.5.2/dict_snowball.so.bc>:r_perfective_gerund.3528	1
</home/yz489/egg-smol-benchmark-pointer-analysis/benchmarks/postgresql-9.5.2/dict_snowball.so.bc>:r_reflexive.3529	1
</home/yz489/egg-smol-benchmark-pointer-analysis/benchmarks/postgresql-9.5.2/dict_snowball.so.bc>:r_adjectival.3530	1
</home/yz489/egg-smol-benchmark-pointer-analysis/benchmarks/postgresql-9.5.2/dict_snowball.so.bc>:r_verb.3531	1
</home/yz489/egg-smol-benchmark-pointer-analysis/benchmarks/postgresql-9.5.2/dict_snowball.so.bc>:r_noun.3532	1
</home/yz489/egg-smol-benchmark-pointer-analysis/benchmarks/postgresql-9.5.2/dict_snowball.so.bc>:r_derivational.3534	1
</home/yz489/egg-smol-benchmark-pointer-analysis/benchmarks/postgresql-9.5.2/dict_snowball.so.bc>:r_tidy_up.3535	1
</home/yz489/egg-smol-benchmark-pointer-analysis/benchmarks/postgresql-9.5.2/dict_snowball.so.bc>:r_R2.3545	1
</home/yz489/egg-smol-benchmark-pointer-analysis/benchmarks/postgresql-9.5.2/dict_snowball.so.bc>:r_adjective.3634	1
</home/yz489/egg-smol-benchmark-pointer-analysis/benchmarks/postgresql-9.5.2/dict_snowball.so.bc>:spanish_UTF_8_stem	1
</home/yz489/egg-smol-benchmark-pointer-analysis/benchmarks/postgresql-9.5.2/dict_snowball.so.bc>:spanish_UTF_8_create_env	0
</home/yz489/egg-smol-benchmark-pointer-analysis/benchmarks/postgresql-9.5.2/dict_snowball.so.bc>:spanish_UTF_8_close_env	1
</home/yz489/egg-smol-benchmark-pointer-analysis/benchmarks/postgresql-9.5.2/dict_snowball.so.bc>:r_mark_regions.3695	1
</home/yz489/egg-smol-benchmark-pointer-analysis/benchmarks/postgresql-9.5.2/dict_snowball.so.bc>:r_attached_pronoun.3696	1
</home/yz489/egg-smol-benchmark-pointer-analysis/benchmarks/postgresql-9.5.2/dict_snowball.so.bc>:r_standard_suffix.3697	1
</home/yz489/egg-smol-benchmark-pointer-analysis/benchmarks/postgresql-9.5.2/dict_snowball.so.bc>:r_y_verb_suffix.3698	1
</home/yz489/egg-smol-benchmark-pointer-analysis/benchmarks/postgresql-9.5.2/dict_snowball.so.bc>:r_verb_suffix.3699	1
</home/yz489/egg-smol-benchmark-pointer-analysis/benchmarks/postgresql-9.5.2/dict_snowball.so.bc>:r_residual_suffix.3700	1
</home/yz489/egg-smol-benchmark-pointer-analysis/benchmarks/postgresql-9.5.2/dict_snowball.so.bc>:r_postlude.3701	1
</home/yz489/egg-smol-benchmark-pointer-analysis/benchmarks/postgresql-9.5.2/dict_snowball.so.bc>:r_RV.3714	1
</home/yz489/egg-smol-benchmark-pointer-analysis/benchmarks/postgresql-9.5.2/dict_snowball.so.bc>:r_R2.3839	1
</home/yz489/egg-smol-benchmark-pointer-analysis/benchmarks/postgresql-9.5.2/dict_snowball.so.bc>:r_R1.3844	1
</home/yz489/egg-smol-benchmark-pointer-analysis/benchmarks/postgresql-9.5.2/dict_snowball.so.bc>:swedish_UTF_8_stem	1
</home/yz489/egg-smol-benchmark-pointer-analysis/benchmarks/postgresql-9.5.2/dict_snowball.so.bc>:swedish_UTF_8_create_env	0
</home/yz489/egg-smol-benchmark-pointer-analysis/benchmarks/postgresql-9.5.2/dict_snowball.so.bc>:swedish_UTF_8_close_env	1
</home/yz489/egg-smol-benchmark-pointer-analysis/benchmarks/postgresql-9.5.2/dict_snowball.so.bc>:r_mark_regions.3945	1
</home/yz489/egg-smol-benchmark-pointer-analysis/benchmarks/postgresql-9.5.2/dict_snowball.so.bc>:r_main_suffix.3946	1
</home/yz489/egg-smol-benchmark-pointer-analysis/benchmarks/postgresql-9.5.2/dict_snowball.so.bc>:r_consonant_pair.3947	1
</home/yz489/egg-smol-benchmark-pointer-analysis/benchmarks/postgresql-9.5.2/dict_snowball.so.bc>:r_other_suffix.3948	1
</home/yz489/egg-smol-benchmark-pointer-analysis/benchmarks/postgresql-9.5.2/dict_snowball.so.bc>:turkish_UTF_8_stem	1
</home/yz489/egg-smol-benchmark-pointer-analysis/benchmarks/postgresql-9.5.2/dict_snowball.so.bc>:turkish_UTF_8_create_env	0
</home/yz489/egg-smol-benchmark-pointer-analysis/benchmarks/postgresql-9.5.2/dict_snowball.so.bc>:turkish_UTF_8_close_env	1
</home/yz489/egg-smol-benchmark-pointer-analysis/benchmarks/postgresql-9.5.2/dict_snowball.so.bc>:r_more_than_one_syllable_word	1
</home/yz489/egg-smol-benchmark-pointer-analysis/benchmarks/postgresql-9.5.2/dict_snowball.so.bc>:r_stem_nominal_verb_suffixes	1
</home/yz489/egg-smol-benchmark-pointer-analysis/benchmarks/postgresql-9.5.2/dict_snowball.so.bc>:r_stem_noun_suffixes	1
</home/yz489/egg-smol-benchmark-pointer-analysis/benchmarks/postgresql-9.5.2/dict_snowball.so.bc>:r_postlude.4011	1
</home/yz489/egg-smol-benchmark-pointer-analysis/benchmarks/postgresql-9.5.2/dict_snowball.so.bc>:r_is_reserved_word	1
</home/yz489/egg-smol-benchmark-pointer-analysis/benchmarks/postgresql-9.5.2/dict_snowball.so.bc>:r_append_U_to_stems_ending_with_d_or_g	1
</home/yz489/egg-smol-benchmark-pointer-analysis/benchmarks/postgresql-9.5.2/dict_snowball.so.bc>:r_post_process_last_consonants	1
</home/yz489/egg-smol-benchmark-pointer-analysis/benchmarks/postgresql-9.5.2/dict_snowball.so.bc>:r_mark_lAr	1
</home/yz489/egg-smol-benchmark-pointer-analysis/benchmarks/postgresql-9.5.2/dict_snowball.so.bc>:r_stem_suffix_chain_before_ki	1
</home/yz489/egg-smol-benchmark-pointer-analysis/benchmarks/postgresql-9.5.2/dict_snowball.so.bc>:r_mark_ncA	1
</home/yz489/egg-smol-benchmark-pointer-analysis/benchmarks/postgresql-9.5.2/dict_snowball.so.bc>:r_mark_lArI	1
</home/yz489/egg-smol-benchmark-pointer-analysis/benchmarks/postgresql-9.5.2/dict_snowball.so.bc>:r_mark_possessives	1
</home/yz489/egg-smol-benchmark-pointer-analysis/benchmarks/postgresql-9.5.2/dict_snowball.so.bc>:r_mark_sU	1
</home/yz489/egg-smol-benchmark-pointer-analysis/benchmarks/postgresql-9.5.2/dict_snowball.so.bc>:r_mark_ndA	1
</home/yz489/egg-smol-benchmark-pointer-analysis/benchmarks/postgresql-9.5.2/dict_snowball.so.bc>:r_mark_nA	1
</home/yz489/egg-smol-benchmark-pointer-analysis/benchmarks/postgresql-9.5.2/dict_snowball.so.bc>:r_mark_ndAn	1
</home/yz489/egg-smol-benchmark-pointer-analysis/benchmarks/postgresql-9.5.2/dict_snowball.so.bc>:r_mark_nU	1
</home/yz489/egg-smol-benchmark-pointer-analysis/benchmarks/postgresql-9.5.2/dict_snowball.so.bc>:r_mark_DAn	1
</home/yz489/egg-smol-benchmark-pointer-analysis/benchmarks/postgresql-9.5.2/dict_snowball.so.bc>:r_mark_nUn	1
</home/yz489/egg-smol-benchmark-pointer-analysis/benchmarks/postgresql-9.5.2/dict_snowball.so.bc>:r_mark_ylA	1
</home/yz489/egg-smol-benchmark-pointer-analysis/benchmarks/postgresql-9.5.2/dict_snowball.so.bc>:r_mark_DA	1
</home/yz489/egg-smol-benchmark-pointer-analysis/benchmarks/postgresql-9.5.2/dict_snowball.so.bc>:r_mark_yU	1
</home/yz489/egg-smol-benchmark-pointer-analysis/benchmarks/postgresql-9.5.2/dict_snowball.so.bc>:r_mark_yA	1
</home/yz489/egg-smol-benchmark-pointer-analysis/benchmarks/postgresql-9.5.2/dict_snowball.so.bc>:r_check_vowel_harmony	1
</home/yz489/egg-smol-benchmark-pointer-analysis/benchmarks/postgresql-9.5.2/dict_snowball.so.bc>:r_mark_suffix_with_optional_y_consonant	1
</home/yz489/egg-smol-benchmark-pointer-analysis/benchmarks/postgresql-9.5.2/dict_snowball.so.bc>:r_mark_suffix_with_optional_n_consonant	1
</home/yz489/egg-smol-benchmark-pointer-analysis/benchmarks/postgresql-9.5.2/dict_snowball.so.bc>:r_mark_suffix_with_optional_s_consonant	1
</home/yz489/egg-smol-benchmark-pointer-analysis/benchmarks/postgresql-9.5.2/dict_snowball.so.bc>:r_mark_suffix_with_optional_U_vowel	1
</home/yz489/egg-smol-benchmark-pointer-analysis/benchmarks/postgresql-9.5.2/dict_snowball.so.bc>:r_mark_ki	1
</home/yz489/egg-smol-benchmark-pointer-analysis/benchmarks/postgresql-9.5.2/dict_snowball.so.bc>:r_mark_ymUs_	1
</home/yz489/egg-smol-benchmark-pointer-analysis/benchmarks/postgresql-9.5.2/dict_snowball.so.bc>:r_mark_yDU	1
</home/yz489/egg-smol-benchmark-pointer-analysis/benchmarks/postgresql-9.5.2/dict_snowball.so.bc>:r_mark_ysA	1
</home/yz489/egg-smol-benchmark-pointer-analysis/benchmarks/postgresql-9.5.2/dict_snowball.so.bc>:r_mark_yken	1
</home/yz489/egg-smol-benchmark-pointer-analysis/benchmarks/postgresql-9.5.2/dict_snowball.so.bc>:r_mark_cAsInA	1
</home/yz489/egg-smol-benchmark-pointer-analysis/benchmarks/postgresql-9.5.2/dict_snowball.so.bc>:r_mark_sUnUz	1
</home/yz489/egg-smol-benchmark-pointer-analysis/benchmarks/postgresql-9.5.2/dict_snowball.so.bc>:r_mark_yUm	1
</home/yz489/egg-smol-benchmark-pointer-analysis/benchmarks/postgresql-9.5.2/dict_snowball.so.bc>:r_mark_sUn	1
</home/yz489/egg-smol-benchmark-pointer-analysis/benchmarks/postgresql-9.5.2/dict_snowball.so.bc>:r_mark_yUz	1
</home/yz489/egg-smol-benchmark-pointer-analysis/benchmarks/postgresql-9.5.2/dict_snowball.so.bc>:r_mark_DUr	1
</home/yz489/egg-smol-benchmark-pointer-analysis/benchmarks/postgresql-9.5.2/dict_snowball.so.bc>:r_mark_nUz	1
