</home/yz489/egg-smol-benchmark-pointer-analysis/benchmarks/postgresql-9.5.2/plpgsql.so.bc>:plpgsql_yyparse	0
</home/yz489/egg-smol-benchmark-pointer-analysis/benchmarks/postgresql-9.5.2/plpgsql.so.bc>:check_labels	3
</home/yz489/egg-smol-benchmark-pointer-analysis/benchmarks/postgresql-9.5.2/plpgsql.so.bc>:read_sql_stmt	1
</home/yz489/egg-smol-benchmark-pointer-analysis/benchmarks/postgresql-9.5.2/plpgsql.so.bc>:list_length	1
</home/yz489/egg-smol-benchmark-pointer-analysis/benchmarks/postgresql-9.5.2/plpgsql.so.bc>:list_head	1
</home/yz489/egg-smol-benchmark-pointer-analysis/benchmarks/postgresql-9.5.2/plpgsql.so.bc>:read_datatype	1
</home/yz489/egg-smol-benchmark-pointer-analysis/benchmarks/postgresql-9.5.2/plpgsql.so.bc>:read_sql_expression	2
</home/yz489/egg-smol-benchmark-pointer-analysis/benchmarks/postgresql-9.5.2/plpgsql.so.bc>:tok_is_keyword	4
</home/yz489/egg-smol-benchmark-pointer-analysis/benchmarks/postgresql-9.5.2/plpgsql.so.bc>:check_assignable	2
</home/yz489/egg-smol-benchmark-pointer-analysis/benchmarks/postgresql-9.5.2/plpgsql.so.bc>:NameOfDatum	1
</home/yz489/egg-smol-benchmark-pointer-analysis/benchmarks/postgresql-9.5.2/plpgsql.so.bc>:word_is_not_variable	2
</home/yz489/egg-smol-benchmark-pointer-analysis/benchmarks/postgresql-9.5.2/plpgsql.so.bc>:cword_is_not_variable	2
</home/yz489/egg-smol-benchmark-pointer-analysis/benchmarks/postgresql-9.5.2/plpgsql.so.bc>:make_case	4
</home/yz489/egg-smol-benchmark-pointer-analysis/benchmarks/postgresql-9.5.2/plpgsql.so.bc>:read_sql_expression2	4
</home/yz489/egg-smol-benchmark-pointer-analysis/benchmarks/postgresql-9.5.2/plpgsql.so.bc>:make_scalar_list1	4
</home/yz489/egg-smol-benchmark-pointer-analysis/benchmarks/postgresql-9.5.2/plpgsql.so.bc>:read_cursor_args	3
</home/yz489/egg-smol-benchmark-pointer-analysis/benchmarks/postgresql-9.5.2/plpgsql.so.bc>:read_sql_construct	10
</home/yz489/egg-smol-benchmark-pointer-analysis/benchmarks/postgresql-9.5.2/plpgsql.so.bc>:check_sql_expr	3
</home/yz489/egg-smol-benchmark-pointer-analysis/benchmarks/postgresql-9.5.2/plpgsql.so.bc>:read_into_scalar_list	3
</home/yz489/egg-smol-benchmark-pointer-analysis/benchmarks/postgresql-9.5.2/plpgsql.so.bc>:make_return_next_stmt	1
</home/yz489/egg-smol-benchmark-pointer-analysis/benchmarks/postgresql-9.5.2/plpgsql.so.bc>:make_return_query_stmt	1
</home/yz489/egg-smol-benchmark-pointer-analysis/benchmarks/postgresql-9.5.2/plpgsql.so.bc>:make_return_stmt	1
</home/yz489/egg-smol-benchmark-pointer-analysis/benchmarks/postgresql-9.5.2/plpgsql.so.bc>:read_raise_options	0
</home/yz489/egg-smol-benchmark-pointer-analysis/benchmarks/postgresql-9.5.2/plpgsql.so.bc>:check_raise_parameters	1
</home/yz489/egg-smol-benchmark-pointer-analysis/benchmarks/postgresql-9.5.2/plpgsql.so.bc>:make_execsql_stmt	2
</home/yz489/egg-smol-benchmark-pointer-analysis/benchmarks/postgresql-9.5.2/plpgsql.so.bc>:read_into_target	3
</home/yz489/egg-smol-benchmark-pointer-analysis/benchmarks/postgresql-9.5.2/plpgsql.so.bc>:read_fetch_direction	0
</home/yz489/egg-smol-benchmark-pointer-analysis/benchmarks/postgresql-9.5.2/plpgsql.so.bc>:yydestruct	4
</home/yz489/egg-smol-benchmark-pointer-analysis/benchmarks/postgresql-9.5.2/plpgsql.so.bc>:complete_direction	2
</home/yz489/egg-smol-benchmark-pointer-analysis/benchmarks/postgresql-9.5.2/plpgsql.so.bc>:current_token_is_not_variable	1
</home/yz489/egg-smol-benchmark-pointer-analysis/benchmarks/postgresql-9.5.2/plpgsql.so.bc>:plpgsql_sql_error_callback	1
</home/yz489/egg-smol-benchmark-pointer-analysis/benchmarks/postgresql-9.5.2/plpgsql.so.bc>:MemoryContextSwitchTo	1
</home/yz489/egg-smol-benchmark-pointer-analysis/benchmarks/postgresql-9.5.2/plpgsql.so.bc>:parse_datatype	2
</home/yz489/egg-smol-benchmark-pointer-analysis/benchmarks/postgresql-9.5.2/plpgsql.so.bc>:Pg_magic_func	0
</home/yz489/egg-smol-benchmark-pointer-analysis/benchmarks/postgresql-9.5.2/plpgsql.so.bc>:_PG_init	0
</home/yz489/egg-smol-benchmark-pointer-analysis/benchmarks/postgresql-9.5.2/plpgsql.so.bc>:pg_finfo_plpgsql_call_handler	0
</home/yz489/egg-smol-benchmark-pointer-analysis/benchmarks/postgresql-9.5.2/plpgsql.so.bc>:plpgsql_call_handler	1
</home/yz489/egg-smol-benchmark-pointer-analysis/benchmarks/postgresql-9.5.2/plpgsql.so.bc>:pg_finfo_plpgsql_inline_handler	0
</home/yz489/egg-smol-benchmark-pointer-analysis/benchmarks/postgresql-9.5.2/plpgsql.so.bc>:plpgsql_inline_handler	1
</home/yz489/egg-smol-benchmark-pointer-analysis/benchmarks/postgresql-9.5.2/plpgsql.so.bc>:pg_finfo_plpgsql_validator	0
</home/yz489/egg-smol-benchmark-pointer-analysis/benchmarks/postgresql-9.5.2/plpgsql.so.bc>:plpgsql_validator	1
</home/yz489/egg-smol-benchmark-pointer-analysis/benchmarks/postgresql-9.5.2/plpgsql.so.bc>:plpgsql_extra_checks_check_hook	3
</home/yz489/egg-smol-benchmark-pointer-analysis/benchmarks/postgresql-9.5.2/plpgsql.so.bc>:plpgsql_extra_warnings_assign_hook	2
</home/yz489/egg-smol-benchmark-pointer-analysis/benchmarks/postgresql-9.5.2/plpgsql.so.bc>:plpgsql_extra_errors_assign_hook	2
</home/yz489/egg-smol-benchmark-pointer-analysis/benchmarks/postgresql-9.5.2/plpgsql.so.bc>:list_head.162	1
</home/yz489/egg-smol-benchmark-pointer-analysis/benchmarks/postgresql-9.5.2/plpgsql.so.bc>:plpgsql_compile	2
</home/yz489/egg-smol-benchmark-pointer-analysis/benchmarks/postgresql-9.5.2/plpgsql.so.bc>:plpgsql_compile_inline	1
</home/yz489/egg-smol-benchmark-pointer-analysis/benchmarks/postgresql-9.5.2/plpgsql.so.bc>:plpgsql_build_variable	4
</home/yz489/egg-smol-benchmark-pointer-analysis/benchmarks/postgresql-9.5.2/plpgsql.so.bc>:plpgsql_build_datatype	3
</home/yz489/egg-smol-benchmark-pointer-analysis/benchmarks/postgresql-9.5.2/plpgsql.so.bc>:plpgsql_parser_setup	2
</home/yz489/egg-smol-benchmark-pointer-analysis/benchmarks/postgresql-9.5.2/plpgsql.so.bc>:plpgsql_parse_word	4
</home/yz489/egg-smol-benchmark-pointer-analysis/benchmarks/postgresql-9.5.2/plpgsql.so.bc>:plpgsql_parse_dblword	4
</home/yz489/egg-smol-benchmark-pointer-analysis/benchmarks/postgresql-9.5.2/plpgsql.so.bc>:plpgsql_adddatum	1
</home/yz489/egg-smol-benchmark-pointer-analysis/benchmarks/postgresql-9.5.2/plpgsql.so.bc>:plpgsql_parse_tripword	5
</home/yz489/egg-smol-benchmark-pointer-analysis/benchmarks/postgresql-9.5.2/plpgsql.so.bc>:plpgsql_parse_wordtype	1
</home/yz489/egg-smol-benchmark-pointer-analysis/benchmarks/postgresql-9.5.2/plpgsql.so.bc>:plpgsql_parse_cwordtype	1
</home/yz489/egg-smol-benchmark-pointer-analysis/benchmarks/postgresql-9.5.2/plpgsql.so.bc>:plpgsql_parse_wordrowtype	1
</home/yz489/egg-smol-benchmark-pointer-analysis/benchmarks/postgresql-9.5.2/plpgsql.so.bc>:plpgsql_parse_cwordrowtype	1
</home/yz489/egg-smol-benchmark-pointer-analysis/benchmarks/postgresql-9.5.2/plpgsql.so.bc>:plpgsql_build_record	3
</home/yz489/egg-smol-benchmark-pointer-analysis/benchmarks/postgresql-9.5.2/plpgsql.so.bc>:plpgsql_recognize_err_condition	2
</home/yz489/egg-smol-benchmark-pointer-analysis/benchmarks/postgresql-9.5.2/plpgsql.so.bc>:plpgsql_parse_err_condition	1
</home/yz489/egg-smol-benchmark-pointer-analysis/benchmarks/postgresql-9.5.2/plpgsql.so.bc>:plpgsql_add_initdatums	1
</home/yz489/egg-smol-benchmark-pointer-analysis/benchmarks/postgresql-9.5.2/plpgsql.so.bc>:plpgsql_HashTableInit	0
</home/yz489/egg-smol-benchmark-pointer-analysis/benchmarks/postgresql-9.5.2/plpgsql.so.bc>:compute_function_hashkey	4
</home/yz489/egg-smol-benchmark-pointer-analysis/benchmarks/postgresql-9.5.2/plpgsql.so.bc>:plpgsql_HashTableLookup	1
</home/yz489/egg-smol-benchmark-pointer-analysis/benchmarks/postgresql-9.5.2/plpgsql.so.bc>:delete_function	1
</home/yz489/egg-smol-benchmark-pointer-analysis/benchmarks/postgresql-9.5.2/plpgsql.so.bc>:do_compile	5
</home/yz489/egg-smol-benchmark-pointer-analysis/benchmarks/postgresql-9.5.2/plpgsql.so.bc>:plpgsql_compile_error_callback	1
</home/yz489/egg-smol-benchmark-pointer-analysis/benchmarks/postgresql-9.5.2/plpgsql.so.bc>:MemoryContextSwitchTo.215	1
</home/yz489/egg-smol-benchmark-pointer-analysis/benchmarks/postgresql-9.5.2/plpgsql.so.bc>:add_dummy_return	1
</home/yz489/egg-smol-benchmark-pointer-analysis/benchmarks/postgresql-9.5.2/plpgsql.so.bc>:build_row_from_class	1
</home/yz489/egg-smol-benchmark-pointer-analysis/benchmarks/postgresql-9.5.2/plpgsql.so.bc>:build_datatype	3
</home/yz489/egg-smol-benchmark-pointer-analysis/benchmarks/postgresql-9.5.2/plpgsql.so.bc>:plpgsql_pre_column_ref	2
</home/yz489/egg-smol-benchmark-pointer-analysis/benchmarks/postgresql-9.5.2/plpgsql.so.bc>:plpgsql_post_column_ref	3
</home/yz489/egg-smol-benchmark-pointer-analysis/benchmarks/postgresql-9.5.2/plpgsql.so.bc>:plpgsql_param_ref	2
</home/yz489/egg-smol-benchmark-pointer-analysis/benchmarks/postgresql-9.5.2/plpgsql.so.bc>:list_length.223	1
</home/yz489/egg-smol-benchmark-pointer-analysis/benchmarks/postgresql-9.5.2/plpgsql.so.bc>:list_head.224	1
</home/yz489/egg-smol-benchmark-pointer-analysis/benchmarks/postgresql-9.5.2/plpgsql.so.bc>:make_datum_param	3
</home/yz489/egg-smol-benchmark-pointer-analysis/benchmarks/postgresql-9.5.2/plpgsql.so.bc>:resolve_column_ref	4
</home/yz489/egg-smol-benchmark-pointer-analysis/benchmarks/postgresql-9.5.2/plpgsql.so.bc>:list_tail	1
</home/yz489/egg-smol-benchmark-pointer-analysis/benchmarks/postgresql-9.5.2/plpgsql.so.bc>:plpgsql_resolve_polymorphic_argtypes	6
</home/yz489/egg-smol-benchmark-pointer-analysis/benchmarks/postgresql-9.5.2/plpgsql.so.bc>:add_parameter_name	3
</home/yz489/egg-smol-benchmark-pointer-analysis/benchmarks/postgresql-9.5.2/plpgsql.so.bc>:build_row_from_vars	2
</home/yz489/egg-smol-benchmark-pointer-analysis/benchmarks/postgresql-9.5.2/plpgsql.so.bc>:plpgsql_HashTableInsert	2
</home/yz489/egg-smol-benchmark-pointer-analysis/benchmarks/postgresql-9.5.2/plpgsql.so.bc>:plpgsql_HashTableDelete	1
</home/yz489/egg-smol-benchmark-pointer-analysis/benchmarks/postgresql-9.5.2/plpgsql.so.bc>:plpgsql_exec_function	3
</home/yz489/egg-smol-benchmark-pointer-analysis/benchmarks/postgresql-9.5.2/plpgsql.so.bc>:plpgsql_exec_trigger	2
</home/yz489/egg-smol-benchmark-pointer-analysis/benchmarks/postgresql-9.5.2/plpgsql.so.bc>:plpgsql_exec_event_trigger	2
</home/yz489/egg-smol-benchmark-pointer-analysis/benchmarks/postgresql-9.5.2/plpgsql.so.bc>:exec_get_datum_type	2
</home/yz489/egg-smol-benchmark-pointer-analysis/benchmarks/postgresql-9.5.2/plpgsql.so.bc>:exec_get_datum_type_info	5
</home/yz489/egg-smol-benchmark-pointer-analysis/benchmarks/postgresql-9.5.2/plpgsql.so.bc>:plpgsql_xact_cb	2
</home/yz489/egg-smol-benchmark-pointer-analysis/benchmarks/postgresql-9.5.2/plpgsql.so.bc>:plpgsql_subxact_cb	4
</home/yz489/egg-smol-benchmark-pointer-analysis/benchmarks/postgresql-9.5.2/plpgsql.so.bc>:plpgsql_estate_setup	4
</home/yz489/egg-smol-benchmark-pointer-analysis/benchmarks/postgresql-9.5.2/plpgsql.so.bc>:plpgsql_exec_error_callback	1
</home/yz489/egg-smol-benchmark-pointer-analysis/benchmarks/postgresql-9.5.2/plpgsql.so.bc>:copy_plpgsql_datum	1
</home/yz489/egg-smol-benchmark-pointer-analysis/benchmarks/postgresql-9.5.2/plpgsql.so.bc>:exec_move_row_from_datum	4
</home/yz489/egg-smol-benchmark-pointer-analysis/benchmarks/postgresql-9.5.2/plpgsql.so.bc>:exec_move_row	5
</home/yz489/egg-smol-benchmark-pointer-analysis/benchmarks/postgresql-9.5.2/plpgsql.so.bc>:exec_eval_cleanup	1
</home/yz489/egg-smol-benchmark-pointer-analysis/benchmarks/postgresql-9.5.2/plpgsql.so.bc>:exec_set_found	2
</home/yz489/egg-smol-benchmark-pointer-analysis/benchmarks/postgresql-9.5.2/plpgsql.so.bc>:exec_stmt_block	2
</home/yz489/egg-smol-benchmark-pointer-analysis/benchmarks/postgresql-9.5.2/plpgsql.so.bc>:MemoryContextSwitchTo.378	1
</home/yz489/egg-smol-benchmark-pointer-analysis/benchmarks/postgresql-9.5.2/plpgsql.so.bc>:exec_cast_value	7
</home/yz489/egg-smol-benchmark-pointer-analysis/benchmarks/postgresql-9.5.2/plpgsql.so.bc>:plpgsql_destroy_econtext	1
</home/yz489/egg-smol-benchmark-pointer-analysis/benchmarks/postgresql-9.5.2/plpgsql.so.bc>:get_cast_hashentry	5
</home/yz489/egg-smol-benchmark-pointer-analysis/benchmarks/postgresql-9.5.2/plpgsql.so.bc>:free_var	1
</home/yz489/egg-smol-benchmark-pointer-analysis/benchmarks/postgresql-9.5.2/plpgsql.so.bc>:exec_assign_value	6
</home/yz489/egg-smol-benchmark-pointer-analysis/benchmarks/postgresql-9.5.2/plpgsql.so.bc>:exec_assign_expr	3
</home/yz489/egg-smol-benchmark-pointer-analysis/benchmarks/postgresql-9.5.2/plpgsql.so.bc>:plpgsql_create_econtext	1
</home/yz489/egg-smol-benchmark-pointer-analysis/benchmarks/postgresql-9.5.2/plpgsql.so.bc>:exec_stmts	2
</home/yz489/egg-smol-benchmark-pointer-analysis/benchmarks/postgresql-9.5.2/plpgsql.so.bc>:list_head.407	1
</home/yz489/egg-smol-benchmark-pointer-analysis/benchmarks/postgresql-9.5.2/plpgsql.so.bc>:exception_matches_conditions	2
</home/yz489/egg-smol-benchmark-pointer-analysis/benchmarks/postgresql-9.5.2/plpgsql.so.bc>:assign_text_var	2
</home/yz489/egg-smol-benchmark-pointer-analysis/benchmarks/postgresql-9.5.2/plpgsql.so.bc>:exec_stmt	2
</home/yz489/egg-smol-benchmark-pointer-analysis/benchmarks/postgresql-9.5.2/plpgsql.so.bc>:exec_stmt_assign	2
</home/yz489/egg-smol-benchmark-pointer-analysis/benchmarks/postgresql-9.5.2/plpgsql.so.bc>:exec_stmt_perform	2
</home/yz489/egg-smol-benchmark-pointer-analysis/benchmarks/postgresql-9.5.2/plpgsql.so.bc>:exec_stmt_getdiag	2
</home/yz489/egg-smol-benchmark-pointer-analysis/benchmarks/postgresql-9.5.2/plpgsql.so.bc>:exec_stmt_if	2
</home/yz489/egg-smol-benchmark-pointer-analysis/benchmarks/postgresql-9.5.2/plpgsql.so.bc>:exec_stmt_case	2
</home/yz489/egg-smol-benchmark-pointer-analysis/benchmarks/postgresql-9.5.2/plpgsql.so.bc>:exec_stmt_loop	2
</home/yz489/egg-smol-benchmark-pointer-analysis/benchmarks/postgresql-9.5.2/plpgsql.so.bc>:exec_stmt_while	2
</home/yz489/egg-smol-benchmark-pointer-analysis/benchmarks/postgresql-9.5.2/plpgsql.so.bc>:exec_stmt_fori	2
</home/yz489/egg-smol-benchmark-pointer-analysis/benchmarks/postgresql-9.5.2/plpgsql.so.bc>:exec_stmt_fors	2
</home/yz489/egg-smol-benchmark-pointer-analysis/benchmarks/postgresql-9.5.2/plpgsql.so.bc>:exec_stmt_forc	2
</home/yz489/egg-smol-benchmark-pointer-analysis/benchmarks/postgresql-9.5.2/plpgsql.so.bc>:exec_stmt_foreach_a	2
</home/yz489/egg-smol-benchmark-pointer-analysis/benchmarks/postgresql-9.5.2/plpgsql.so.bc>:exec_stmt_exit	2
</home/yz489/egg-smol-benchmark-pointer-analysis/benchmarks/postgresql-9.5.2/plpgsql.so.bc>:exec_stmt_return	2
</home/yz489/egg-smol-benchmark-pointer-analysis/benchmarks/postgresql-9.5.2/plpgsql.so.bc>:exec_stmt_return_next	2
</home/yz489/egg-smol-benchmark-pointer-analysis/benchmarks/postgresql-9.5.2/plpgsql.so.bc>:exec_stmt_return_query	2
</home/yz489/egg-smol-benchmark-pointer-analysis/benchmarks/postgresql-9.5.2/plpgsql.so.bc>:exec_stmt_raise	2
</home/yz489/egg-smol-benchmark-pointer-analysis/benchmarks/postgresql-9.5.2/plpgsql.so.bc>:exec_stmt_assert	2
</home/yz489/egg-smol-benchmark-pointer-analysis/benchmarks/postgresql-9.5.2/plpgsql.so.bc>:exec_stmt_execsql	2
</home/yz489/egg-smol-benchmark-pointer-analysis/benchmarks/postgresql-9.5.2/plpgsql.so.bc>:exec_stmt_dynexecute	2
</home/yz489/egg-smol-benchmark-pointer-analysis/benchmarks/postgresql-9.5.2/plpgsql.so.bc>:exec_stmt_dynfors	2
</home/yz489/egg-smol-benchmark-pointer-analysis/benchmarks/postgresql-9.5.2/plpgsql.so.bc>:exec_stmt_open	2
</home/yz489/egg-smol-benchmark-pointer-analysis/benchmarks/postgresql-9.5.2/plpgsql.so.bc>:exec_stmt_fetch	2
</home/yz489/egg-smol-benchmark-pointer-analysis/benchmarks/postgresql-9.5.2/plpgsql.so.bc>:exec_stmt_close	2
</home/yz489/egg-smol-benchmark-pointer-analysis/benchmarks/postgresql-9.5.2/plpgsql.so.bc>:exec_eval_integer	3
</home/yz489/egg-smol-benchmark-pointer-analysis/benchmarks/postgresql-9.5.2/plpgsql.so.bc>:exec_eval_expr	5
</home/yz489/egg-smol-benchmark-pointer-analysis/benchmarks/postgresql-9.5.2/plpgsql.so.bc>:exec_prepare_plan	3
</home/yz489/egg-smol-benchmark-pointer-analysis/benchmarks/postgresql-9.5.2/plpgsql.so.bc>:exec_eval_simple_expr	6
</home/yz489/egg-smol-benchmark-pointer-analysis/benchmarks/postgresql-9.5.2/plpgsql.so.bc>:exec_run_select	4
</home/yz489/egg-smol-benchmark-pointer-analysis/benchmarks/postgresql-9.5.2/plpgsql.so.bc>:setup_param_list	2
</home/yz489/egg-smol-benchmark-pointer-analysis/benchmarks/postgresql-9.5.2/plpgsql.so.bc>:exec_simple_recheck_plan	2
</home/yz489/egg-smol-benchmark-pointer-analysis/benchmarks/postgresql-9.5.2/plpgsql.so.bc>:exec_check_rw_parameter	2
</home/yz489/egg-smol-benchmark-pointer-analysis/benchmarks/postgresql-9.5.2/plpgsql.so.bc>:contains_target_param	2
</home/yz489/egg-smol-benchmark-pointer-analysis/benchmarks/postgresql-9.5.2/plpgsql.so.bc>:list_length.420	1
</home/yz489/egg-smol-benchmark-pointer-analysis/benchmarks/postgresql-9.5.2/plpgsql.so.bc>:exec_simple_check_node	1
</home/yz489/egg-smol-benchmark-pointer-analysis/benchmarks/postgresql-9.5.2/plpgsql.so.bc>:exec_simple_check_plan	1
</home/yz489/egg-smol-benchmark-pointer-analysis/benchmarks/postgresql-9.5.2/plpgsql.so.bc>:exec_dynquery_with_params	5
</home/yz489/egg-smol-benchmark-pointer-analysis/benchmarks/postgresql-9.5.2/plpgsql.so.bc>:convert_value_to_string	3
</home/yz489/egg-smol-benchmark-pointer-analysis/benchmarks/postgresql-9.5.2/plpgsql.so.bc>:exec_eval_using_params	2
</home/yz489/egg-smol-benchmark-pointer-analysis/benchmarks/postgresql-9.5.2/plpgsql.so.bc>:free_params_data	1
</home/yz489/egg-smol-benchmark-pointer-analysis/benchmarks/postgresql-9.5.2/plpgsql.so.bc>:exec_for_query	4
</home/yz489/egg-smol-benchmark-pointer-analysis/benchmarks/postgresql-9.5.2/plpgsql.so.bc>:format_preparedparamsdata	2
</home/yz489/egg-smol-benchmark-pointer-analysis/benchmarks/postgresql-9.5.2/plpgsql.so.bc>:format_expr_params	2
</home/yz489/egg-smol-benchmark-pointer-analysis/benchmarks/postgresql-9.5.2/plpgsql.so.bc>:exec_eval_datum	6
</home/yz489/egg-smol-benchmark-pointer-analysis/benchmarks/postgresql-9.5.2/plpgsql.so.bc>:make_tuple_from_row	3
</home/yz489/egg-smol-benchmark-pointer-analysis/benchmarks/postgresql-9.5.2/plpgsql.so.bc>:exec_eval_boolean	3
</home/yz489/egg-smol-benchmark-pointer-analysis/benchmarks/postgresql-9.5.2/plpgsql.so.bc>:exec_init_tuple_store	1
</home/yz489/egg-smol-benchmark-pointer-analysis/benchmarks/postgresql-9.5.2/plpgsql.so.bc>:get_tuple_from_datum	1
</home/yz489/egg-smol-benchmark-pointer-analysis/benchmarks/postgresql-9.5.2/plpgsql.so.bc>:get_tupdesc_from_datum	1
</home/yz489/egg-smol-benchmark-pointer-analysis/benchmarks/postgresql-9.5.2/plpgsql.so.bc>:exec_assign_c_string	3
</home/yz489/egg-smol-benchmark-pointer-analysis/benchmarks/postgresql-9.5.2/plpgsql.so.bc>:plpgsql_param_fetch	2
</home/yz489/egg-smol-benchmark-pointer-analysis/benchmarks/postgresql-9.5.2/plpgsql.so.bc>:plpgsql_ns_init	0
</home/yz489/egg-smol-benchmark-pointer-analysis/benchmarks/postgresql-9.5.2/plpgsql.so.bc>:plpgsql_ns_push	1
</home/yz489/egg-smol-benchmark-pointer-analysis/benchmarks/postgresql-9.5.2/plpgsql.so.bc>:plpgsql_ns_additem	3
</home/yz489/egg-smol-benchmark-pointer-analysis/benchmarks/postgresql-9.5.2/plpgsql.so.bc>:plpgsql_ns_pop	0
</home/yz489/egg-smol-benchmark-pointer-analysis/benchmarks/postgresql-9.5.2/plpgsql.so.bc>:plpgsql_ns_top	0
</home/yz489/egg-smol-benchmark-pointer-analysis/benchmarks/postgresql-9.5.2/plpgsql.so.bc>:plpgsql_ns_lookup	6
</home/yz489/egg-smol-benchmark-pointer-analysis/benchmarks/postgresql-9.5.2/plpgsql.so.bc>:plpgsql_ns_lookup_label	2
</home/yz489/egg-smol-benchmark-pointer-analysis/benchmarks/postgresql-9.5.2/plpgsql.so.bc>:plpgsql_stmt_typename	1
</home/yz489/egg-smol-benchmark-pointer-analysis/benchmarks/postgresql-9.5.2/plpgsql.so.bc>:plpgsql_getdiag_kindname	1
</home/yz489/egg-smol-benchmark-pointer-analysis/benchmarks/postgresql-9.5.2/plpgsql.so.bc>:plpgsql_free_function_memory	1
</home/yz489/egg-smol-benchmark-pointer-analysis/benchmarks/postgresql-9.5.2/plpgsql.so.bc>:plpgsql_dumptree	1
</home/yz489/egg-smol-benchmark-pointer-analysis/benchmarks/postgresql-9.5.2/plpgsql.so.bc>:free_expr	1
</home/yz489/egg-smol-benchmark-pointer-analysis/benchmarks/postgresql-9.5.2/plpgsql.so.bc>:free_block	1
</home/yz489/egg-smol-benchmark-pointer-analysis/benchmarks/postgresql-9.5.2/plpgsql.so.bc>:dump_expr	1
</home/yz489/egg-smol-benchmark-pointer-analysis/benchmarks/postgresql-9.5.2/plpgsql.so.bc>:dump_block	1
</home/yz489/egg-smol-benchmark-pointer-analysis/benchmarks/postgresql-9.5.2/plpgsql.so.bc>:dump_ind	0
</home/yz489/egg-smol-benchmark-pointer-analysis/benchmarks/postgresql-9.5.2/plpgsql.so.bc>:dump_stmts	1
</home/yz489/egg-smol-benchmark-pointer-analysis/benchmarks/postgresql-9.5.2/plpgsql.so.bc>:list_head.586	1
</home/yz489/egg-smol-benchmark-pointer-analysis/benchmarks/postgresql-9.5.2/plpgsql.so.bc>:dump_stmt	1
</home/yz489/egg-smol-benchmark-pointer-analysis/benchmarks/postgresql-9.5.2/plpgsql.so.bc>:dump_assign	1
</home/yz489/egg-smol-benchmark-pointer-analysis/benchmarks/postgresql-9.5.2/plpgsql.so.bc>:dump_if	1
</home/yz489/egg-smol-benchmark-pointer-analysis/benchmarks/postgresql-9.5.2/plpgsql.so.bc>:dump_case	1
</home/yz489/egg-smol-benchmark-pointer-analysis/benchmarks/postgresql-9.5.2/plpgsql.so.bc>:dump_loop	1
</home/yz489/egg-smol-benchmark-pointer-analysis/benchmarks/postgresql-9.5.2/plpgsql.so.bc>:dump_while	1
</home/yz489/egg-smol-benchmark-pointer-analysis/benchmarks/postgresql-9.5.2/plpgsql.so.bc>:dump_fori	1
</home/yz489/egg-smol-benchmark-pointer-analysis/benchmarks/postgresql-9.5.2/plpgsql.so.bc>:dump_fors	1
</home/yz489/egg-smol-benchmark-pointer-analysis/benchmarks/postgresql-9.5.2/plpgsql.so.bc>:dump_forc	1
</home/yz489/egg-smol-benchmark-pointer-analysis/benchmarks/postgresql-9.5.2/plpgsql.so.bc>:dump_foreach_a	1
</home/yz489/egg-smol-benchmark-pointer-analysis/benchmarks/postgresql-9.5.2/plpgsql.so.bc>:dump_exit	1
</home/yz489/egg-smol-benchmark-pointer-analysis/benchmarks/postgresql-9.5.2/plpgsql.so.bc>:dump_return	1
</home/yz489/egg-smol-benchmark-pointer-analysis/benchmarks/postgresql-9.5.2/plpgsql.so.bc>:dump_return_next	1
</home/yz489/egg-smol-benchmark-pointer-analysis/benchmarks/postgresql-9.5.2/plpgsql.so.bc>:dump_return_query	1
</home/yz489/egg-smol-benchmark-pointer-analysis/benchmarks/postgresql-9.5.2/plpgsql.so.bc>:dump_raise	1
</home/yz489/egg-smol-benchmark-pointer-analysis/benchmarks/postgresql-9.5.2/plpgsql.so.bc>:dump_assert	1
</home/yz489/egg-smol-benchmark-pointer-analysis/benchmarks/postgresql-9.5.2/plpgsql.so.bc>:dump_execsql	1
</home/yz489/egg-smol-benchmark-pointer-analysis/benchmarks/postgresql-9.5.2/plpgsql.so.bc>:dump_dynexecute	1
</home/yz489/egg-smol-benchmark-pointer-analysis/benchmarks/postgresql-9.5.2/plpgsql.so.bc>:dump_dynfors	1
</home/yz489/egg-smol-benchmark-pointer-analysis/benchmarks/postgresql-9.5.2/plpgsql.so.bc>:dump_getdiag	1
</home/yz489/egg-smol-benchmark-pointer-analysis/benchmarks/postgresql-9.5.2/plpgsql.so.bc>:dump_open	1
</home/yz489/egg-smol-benchmark-pointer-analysis/benchmarks/postgresql-9.5.2/plpgsql.so.bc>:dump_fetch	1
</home/yz489/egg-smol-benchmark-pointer-analysis/benchmarks/postgresql-9.5.2/plpgsql.so.bc>:dump_close	1
</home/yz489/egg-smol-benchmark-pointer-analysis/benchmarks/postgresql-9.5.2/plpgsql.so.bc>:dump_perform	1
</home/yz489/egg-smol-benchmark-pointer-analysis/benchmarks/postgresql-9.5.2/plpgsql.so.bc>:dump_cursor_direction	1
</home/yz489/egg-smol-benchmark-pointer-analysis/benchmarks/postgresql-9.5.2/plpgsql.so.bc>:free_stmts	1
</home/yz489/egg-smol-benchmark-pointer-analysis/benchmarks/postgresql-9.5.2/plpgsql.so.bc>:free_stmt	1
</home/yz489/egg-smol-benchmark-pointer-analysis/benchmarks/postgresql-9.5.2/plpgsql.so.bc>:free_assign	1
</home/yz489/egg-smol-benchmark-pointer-analysis/benchmarks/postgresql-9.5.2/plpgsql.so.bc>:free_if	1
</home/yz489/egg-smol-benchmark-pointer-analysis/benchmarks/postgresql-9.5.2/plpgsql.so.bc>:free_case	1
</home/yz489/egg-smol-benchmark-pointer-analysis/benchmarks/postgresql-9.5.2/plpgsql.so.bc>:free_loop	1
</home/yz489/egg-smol-benchmark-pointer-analysis/benchmarks/postgresql-9.5.2/plpgsql.so.bc>:free_while	1
</home/yz489/egg-smol-benchmark-pointer-analysis/benchmarks/postgresql-9.5.2/plpgsql.so.bc>:free_fori	1
</home/yz489/egg-smol-benchmark-pointer-analysis/benchmarks/postgresql-9.5.2/plpgsql.so.bc>:free_fors	1
</home/yz489/egg-smol-benchmark-pointer-analysis/benchmarks/postgresql-9.5.2/plpgsql.so.bc>:free_forc	1
</home/yz489/egg-smol-benchmark-pointer-analysis/benchmarks/postgresql-9.5.2/plpgsql.so.bc>:free_foreach_a	1
</home/yz489/egg-smol-benchmark-pointer-analysis/benchmarks/postgresql-9.5.2/plpgsql.so.bc>:free_exit	1
</home/yz489/egg-smol-benchmark-pointer-analysis/benchmarks/postgresql-9.5.2/plpgsql.so.bc>:free_return	1
</home/yz489/egg-smol-benchmark-pointer-analysis/benchmarks/postgresql-9.5.2/plpgsql.so.bc>:free_return_next	1
</home/yz489/egg-smol-benchmark-pointer-analysis/benchmarks/postgresql-9.5.2/plpgsql.so.bc>:free_return_query	1
</home/yz489/egg-smol-benchmark-pointer-analysis/benchmarks/postgresql-9.5.2/plpgsql.so.bc>:free_raise	1
</home/yz489/egg-smol-benchmark-pointer-analysis/benchmarks/postgresql-9.5.2/plpgsql.so.bc>:free_assert	1
</home/yz489/egg-smol-benchmark-pointer-analysis/benchmarks/postgresql-9.5.2/plpgsql.so.bc>:free_execsql	1
</home/yz489/egg-smol-benchmark-pointer-analysis/benchmarks/postgresql-9.5.2/plpgsql.so.bc>:free_dynexecute	1
</home/yz489/egg-smol-benchmark-pointer-analysis/benchmarks/postgresql-9.5.2/plpgsql.so.bc>:free_dynfors	1
</home/yz489/egg-smol-benchmark-pointer-analysis/benchmarks/postgresql-9.5.2/plpgsql.so.bc>:free_getdiag	1
</home/yz489/egg-smol-benchmark-pointer-analysis/benchmarks/postgresql-9.5.2/plpgsql.so.bc>:free_open	1
</home/yz489/egg-smol-benchmark-pointer-analysis/benchmarks/postgresql-9.5.2/plpgsql.so.bc>:free_fetch	1
</home/yz489/egg-smol-benchmark-pointer-analysis/benchmarks/postgresql-9.5.2/plpgsql.so.bc>:free_close	1
</home/yz489/egg-smol-benchmark-pointer-analysis/benchmarks/postgresql-9.5.2/plpgsql.so.bc>:free_perform	1
</home/yz489/egg-smol-benchmark-pointer-analysis/benchmarks/postgresql-9.5.2/plpgsql.so.bc>:plpgsql_yylex	0
</home/yz489/egg-smol-benchmark-pointer-analysis/benchmarks/postgresql-9.5.2/plpgsql.so.bc>:plpgsql_push_back_token	1
</home/yz489/egg-smol-benchmark-pointer-analysis/benchmarks/postgresql-9.5.2/plpgsql.so.bc>:plpgsql_token_is_unreserved_keyword	1
</home/yz489/egg-smol-benchmark-pointer-analysis/benchmarks/postgresql-9.5.2/plpgsql.so.bc>:plpgsql_append_source_text	3
</home/yz489/egg-smol-benchmark-pointer-analysis/benchmarks/postgresql-9.5.2/plpgsql.so.bc>:plpgsql_peek	0
</home/yz489/egg-smol-benchmark-pointer-analysis/benchmarks/postgresql-9.5.2/plpgsql.so.bc>:plpgsql_peek2	4
</home/yz489/egg-smol-benchmark-pointer-analysis/benchmarks/postgresql-9.5.2/plpgsql.so.bc>:plpgsql_scanner_errposition	1
</home/yz489/egg-smol-benchmark-pointer-analysis/benchmarks/postgresql-9.5.2/plpgsql.so.bc>:plpgsql_yyerror	1
</home/yz489/egg-smol-benchmark-pointer-analysis/benchmarks/postgresql-9.5.2/plpgsql.so.bc>:plpgsql_location_to_lineno	1
</home/yz489/egg-smol-benchmark-pointer-analysis/benchmarks/postgresql-9.5.2/plpgsql.so.bc>:plpgsql_latest_lineno	0
</home/yz489/egg-smol-benchmark-pointer-analysis/benchmarks/postgresql-9.5.2/plpgsql.so.bc>:plpgsql_scanner_init	1
</home/yz489/egg-smol-benchmark-pointer-analysis/benchmarks/postgresql-9.5.2/plpgsql.so.bc>:plpgsql_scanner_finish	0
</home/yz489/egg-smol-benchmark-pointer-analysis/benchmarks/postgresql-9.5.2/plpgsql.so.bc>:internal_yylex	1
</home/yz489/egg-smol-benchmark-pointer-analysis/benchmarks/postgresql-9.5.2/plpgsql.so.bc>:push_back_token	2
</home/yz489/egg-smol-benchmark-pointer-analysis/benchmarks/postgresql-9.5.2/plpgsql.so.bc>:location_lineno_init	0
