</home/yz489/egg-smol-benchmark-pointer-analysis/benchmarks/postgresql-9.5.2/plpgsql.so.bc>:plpgsql_yyparse:4866	</home/yz489/egg-smol-benchmark-pointer-analysis/benchmarks/postgresql-9.5.2/plpgsql.so.bc>:plpgsql_yyparse:%1462
</home/yz489/egg-smol-benchmark-pointer-analysis/benchmarks/postgresql-9.5.2/plpgsql.so.bc>:read_sql_stmt:4	</home/yz489/egg-smol-benchmark-pointer-analysis/benchmarks/postgresql-9.5.2/plpgsql.so.bc>:read_sql_stmt:%call
</home/yz489/egg-smol-benchmark-pointer-analysis/benchmarks/postgresql-9.5.2/plpgsql.so.bc>:list_length:11	</home/yz489/egg-smol-benchmark-pointer-analysis/benchmarks/postgresql-9.5.2/plpgsql.so.bc>:list_length:%cond
</home/yz489/egg-smol-benchmark-pointer-analysis/benchmarks/postgresql-9.5.2/plpgsql.so.bc>:list_head:11	</home/yz489/egg-smol-benchmark-pointer-analysis/benchmarks/postgresql-9.5.2/plpgsql.so.bc>:list_head:%cond
</home/yz489/egg-smol-benchmark-pointer-analysis/benchmarks/postgresql-9.5.2/plpgsql.so.bc>:read_datatype:239	</home/yz489/egg-smol-benchmark-pointer-analysis/benchmarks/postgresql-9.5.2/plpgsql.so.bc>:read_datatype:%60
</home/yz489/egg-smol-benchmark-pointer-analysis/benchmarks/postgresql-9.5.2/plpgsql.so.bc>:read_sql_expression:7	</home/yz489/egg-smol-benchmark-pointer-analysis/benchmarks/postgresql-9.5.2/plpgsql.so.bc>:read_sql_expression:%call
</home/yz489/egg-smol-benchmark-pointer-analysis/benchmarks/postgresql-9.5.2/plpgsql.so.bc>:tok_is_keyword:45	</home/yz489/egg-smol-benchmark-pointer-analysis/benchmarks/postgresql-9.5.2/plpgsql.so.bc>:tok_is_keyword:%10
</home/yz489/egg-smol-benchmark-pointer-analysis/benchmarks/postgresql-9.5.2/plpgsql.so.bc>:NameOfDatum:20	</home/yz489/egg-smol-benchmark-pointer-analysis/benchmarks/postgresql-9.5.2/plpgsql.so.bc>:NameOfDatum:%6
</home/yz489/egg-smol-benchmark-pointer-analysis/benchmarks/postgresql-9.5.2/plpgsql.so.bc>:make_case:134	</home/yz489/egg-smol-benchmark-pointer-analysis/benchmarks/postgresql-9.5.2/plpgsql.so.bc>:make_case:%43
</home/yz489/egg-smol-benchmark-pointer-analysis/benchmarks/postgresql-9.5.2/plpgsql.so.bc>:read_sql_expression2:13	</home/yz489/egg-smol-benchmark-pointer-analysis/benchmarks/postgresql-9.5.2/plpgsql.so.bc>:read_sql_expression2:%call
</home/yz489/egg-smol-benchmark-pointer-analysis/benchmarks/postgresql-9.5.2/plpgsql.so.bc>:make_scalar_list1:60	</home/yz489/egg-smol-benchmark-pointer-analysis/benchmarks/postgresql-9.5.2/plpgsql.so.bc>:make_scalar_list1:%22
</home/yz489/egg-smol-benchmark-pointer-analysis/benchmarks/postgresql-9.5.2/plpgsql.so.bc>:read_cursor_args:358	</home/yz489/egg-smol-benchmark-pointer-analysis/benchmarks/postgresql-9.5.2/plpgsql.so.bc>:read_cursor_args:%105
</home/yz489/egg-smol-benchmark-pointer-analysis/benchmarks/postgresql-9.5.2/plpgsql.so.bc>:read_sql_construct:239	</home/yz489/egg-smol-benchmark-pointer-analysis/benchmarks/postgresql-9.5.2/plpgsql.so.bc>:read_sql_construct:%62
</home/yz489/egg-smol-benchmark-pointer-analysis/benchmarks/postgresql-9.5.2/plpgsql.so.bc>:read_into_scalar_list:165	</home/yz489/egg-smol-benchmark-pointer-analysis/benchmarks/postgresql-9.5.2/plpgsql.so.bc>:read_into_scalar_list:%48
</home/yz489/egg-smol-benchmark-pointer-analysis/benchmarks/postgresql-9.5.2/plpgsql.so.bc>:make_return_next_stmt:107	</home/yz489/egg-smol-benchmark-pointer-analysis/benchmarks/postgresql-9.5.2/plpgsql.so.bc>:make_return_next_stmt:%28
</home/yz489/egg-smol-benchmark-pointer-analysis/benchmarks/postgresql-9.5.2/plpgsql.so.bc>:make_return_query_stmt:72	</home/yz489/egg-smol-benchmark-pointer-analysis/benchmarks/postgresql-9.5.2/plpgsql.so.bc>:make_return_query_stmt:%18
</home/yz489/egg-smol-benchmark-pointer-analysis/benchmarks/postgresql-9.5.2/plpgsql.so.bc>:make_return_stmt:135	</home/yz489/egg-smol-benchmark-pointer-analysis/benchmarks/postgresql-9.5.2/plpgsql.so.bc>:make_return_stmt:%31
</home/yz489/egg-smol-benchmark-pointer-analysis/benchmarks/postgresql-9.5.2/plpgsql.so.bc>:read_raise_options:121	</home/yz489/egg-smol-benchmark-pointer-analysis/benchmarks/postgresql-9.5.2/plpgsql.so.bc>:read_raise_options:%26
</home/yz489/egg-smol-benchmark-pointer-analysis/benchmarks/postgresql-9.5.2/plpgsql.so.bc>:make_execsql_stmt:186	</home/yz489/egg-smol-benchmark-pointer-analysis/benchmarks/postgresql-9.5.2/plpgsql.so.bc>:make_execsql_stmt:%56
</home/yz489/egg-smol-benchmark-pointer-analysis/benchmarks/postgresql-9.5.2/plpgsql.so.bc>:read_fetch_direction:166	</home/yz489/egg-smol-benchmark-pointer-analysis/benchmarks/postgresql-9.5.2/plpgsql.so.bc>:read_fetch_direction:%39
</home/yz489/egg-smol-benchmark-pointer-analysis/benchmarks/postgresql-9.5.2/plpgsql.so.bc>:MemoryContextSwitchTo:8	</home/yz489/egg-smol-benchmark-pointer-analysis/benchmarks/postgresql-9.5.2/plpgsql.so.bc>:MemoryContextSwitchTo:%2
</home/yz489/egg-smol-benchmark-pointer-analysis/benchmarks/postgresql-9.5.2/plpgsql.so.bc>:parse_datatype:33	</home/yz489/egg-smol-benchmark-pointer-analysis/benchmarks/postgresql-9.5.2/plpgsql.so.bc>:parse_datatype:%call
</home/yz489/egg-smol-benchmark-pointer-analysis/benchmarks/postgresql-9.5.2/plpgsql.so.bc>:Pg_magic_func:0	</home/yz489/egg-smol-benchmark-pointer-analysis/benchmarks/postgresql-9.5.2/plpgsql.so.bc>:Pg_magic_func:0:0:@Pg_magic_func.Pg_magic_data
</home/yz489/egg-smol-benchmark-pointer-analysis/benchmarks/postgresql-9.5.2/plpgsql.so.bc>:pg_finfo_plpgsql_call_handler:0	</home/yz489/egg-smol-benchmark-pointer-analysis/benchmarks/postgresql-9.5.2/plpgsql.so.bc>:pg_finfo_plpgsql_call_handler:0:0:@pg_finfo_plpgsql_call_handler.my_finfo
</home/yz489/egg-smol-benchmark-pointer-analysis/benchmarks/postgresql-9.5.2/plpgsql.so.bc>:plpgsql_call_handler:131	</home/yz489/egg-smol-benchmark-pointer-analysis/benchmarks/postgresql-9.5.2/plpgsql.so.bc>:plpgsql_call_handler:%42
</home/yz489/egg-smol-benchmark-pointer-analysis/benchmarks/postgresql-9.5.2/plpgsql.so.bc>:pg_finfo_plpgsql_inline_handler:0	</home/yz489/egg-smol-benchmark-pointer-analysis/benchmarks/postgresql-9.5.2/plpgsql.so.bc>:pg_finfo_plpgsql_inline_handler:0:0:@pg_finfo_plpgsql_inline_handler.my_finfo
</home/yz489/egg-smol-benchmark-pointer-analysis/benchmarks/postgresql-9.5.2/plpgsql.so.bc>:plpgsql_inline_handler:211	</home/yz489/egg-smol-benchmark-pointer-analysis/benchmarks/postgresql-9.5.2/plpgsql.so.bc>:plpgsql_inline_handler:%65
</home/yz489/egg-smol-benchmark-pointer-analysis/benchmarks/postgresql-9.5.2/plpgsql.so.bc>:pg_finfo_plpgsql_validator:0	</home/yz489/egg-smol-benchmark-pointer-analysis/benchmarks/postgresql-9.5.2/plpgsql.so.bc>:pg_finfo_plpgsql_validator:0:0:@pg_finfo_plpgsql_validator.my_finfo
</home/yz489/egg-smol-benchmark-pointer-analysis/benchmarks/postgresql-9.5.2/plpgsql.so.bc>:plpgsql_validator:496	</home/yz489/egg-smol-benchmark-pointer-analysis/benchmarks/postgresql-9.5.2/plpgsql.so.bc>:plpgsql_validator:%155
</home/yz489/egg-smol-benchmark-pointer-analysis/benchmarks/postgresql-9.5.2/plpgsql.so.bc>:plpgsql_extra_checks_check_hook:124	</home/yz489/egg-smol-benchmark-pointer-analysis/benchmarks/postgresql-9.5.2/plpgsql.so.bc>:plpgsql_extra_checks_check_hook:%36
</home/yz489/egg-smol-benchmark-pointer-analysis/benchmarks/postgresql-9.5.2/plpgsql.so.bc>:list_head.162:11	</home/yz489/egg-smol-benchmark-pointer-analysis/benchmarks/postgresql-9.5.2/plpgsql.so.bc>:list_head.162:%cond
</home/yz489/egg-smol-benchmark-pointer-analysis/benchmarks/postgresql-9.5.2/plpgsql.so.bc>:plpgsql_compile:135	</home/yz489/egg-smol-benchmark-pointer-analysis/benchmarks/postgresql-9.5.2/plpgsql.so.bc>:plpgsql_compile:%48
</home/yz489/egg-smol-benchmark-pointer-analysis/benchmarks/postgresql-9.5.2/plpgsql.so.bc>:plpgsql_compile_inline:179	</home/yz489/egg-smol-benchmark-pointer-analysis/benchmarks/postgresql-9.5.2/plpgsql.so.bc>:plpgsql_compile_inline:%58
</home/yz489/egg-smol-benchmark-pointer-analysis/benchmarks/postgresql-9.5.2/plpgsql.so.bc>:plpgsql_build_variable:128	</home/yz489/egg-smol-benchmark-pointer-analysis/benchmarks/postgresql-9.5.2/plpgsql.so.bc>:plpgsql_build_variable:%46
</home/yz489/egg-smol-benchmark-pointer-analysis/benchmarks/postgresql-9.5.2/plpgsql.so.bc>:plpgsql_build_datatype:31	</home/yz489/egg-smol-benchmark-pointer-analysis/benchmarks/postgresql-9.5.2/plpgsql.so.bc>:plpgsql_build_datatype:%8
</home/yz489/egg-smol-benchmark-pointer-analysis/benchmarks/postgresql-9.5.2/plpgsql.so.bc>:plpgsql_parse_word:80	</home/yz489/egg-smol-benchmark-pointer-analysis/benchmarks/postgresql-9.5.2/plpgsql.so.bc>:plpgsql_parse_word:%23
</home/yz489/egg-smol-benchmark-pointer-analysis/benchmarks/postgresql-9.5.2/plpgsql.so.bc>:plpgsql_parse_dblword:218	</home/yz489/egg-smol-benchmark-pointer-analysis/benchmarks/postgresql-9.5.2/plpgsql.so.bc>:plpgsql_parse_dblword:%82
</home/yz489/egg-smol-benchmark-pointer-analysis/benchmarks/postgresql-9.5.2/plpgsql.so.bc>:plpgsql_parse_tripword:165	</home/yz489/egg-smol-benchmark-pointer-analysis/benchmarks/postgresql-9.5.2/plpgsql.so.bc>:plpgsql_parse_tripword:%61
</home/yz489/egg-smol-benchmark-pointer-analysis/benchmarks/postgresql-9.5.2/plpgsql.so.bc>:plpgsql_parse_wordtype:81	</home/yz489/egg-smol-benchmark-pointer-analysis/benchmarks/postgresql-9.5.2/plpgsql.so.bc>:plpgsql_parse_wordtype:%29
</home/yz489/egg-smol-benchmark-pointer-analysis/benchmarks/postgresql-9.5.2/plpgsql.so.bc>:plpgsql_parse_cwordtype:292	</home/yz489/egg-smol-benchmark-pointer-analysis/benchmarks/postgresql-9.5.2/plpgsql.so.bc>:plpgsql_parse_cwordtype:%104
</home/yz489/egg-smol-benchmark-pointer-analysis/benchmarks/postgresql-9.5.2/plpgsql.so.bc>:plpgsql_parse_wordrowtype:26	</home/yz489/egg-smol-benchmark-pointer-analysis/benchmarks/postgresql-9.5.2/plpgsql.so.bc>:plpgsql_parse_wordrowtype:%call9
</home/yz489/egg-smol-benchmark-pointer-analysis/benchmarks/postgresql-9.5.2/plpgsql.so.bc>:plpgsql_parse_cwordrowtype:48	</home/yz489/egg-smol-benchmark-pointer-analysis/benchmarks/postgresql-9.5.2/plpgsql.so.bc>:plpgsql_parse_cwordrowtype:%14
</home/yz489/egg-smol-benchmark-pointer-analysis/benchmarks/postgresql-9.5.2/plpgsql.so.bc>:plpgsql_build_record:46	</home/yz489/egg-smol-benchmark-pointer-analysis/benchmarks/postgresql-9.5.2/plpgsql.so.bc>:plpgsql_build_record:%16
</home/yz489/egg-smol-benchmark-pointer-analysis/benchmarks/postgresql-9.5.2/plpgsql.so.bc>:plpgsql_recognize_err_condition:101	</home/yz489/egg-smol-benchmark-pointer-analysis/benchmarks/postgresql-9.5.2/plpgsql.so.bc>:plpgsql_recognize_err_condition:%22
</home/yz489/egg-smol-benchmark-pointer-analysis/benchmarks/postgresql-9.5.2/plpgsql.so.bc>:plpgsql_parse_err_condition:90	</home/yz489/egg-smol-benchmark-pointer-analysis/benchmarks/postgresql-9.5.2/plpgsql.so.bc>:plpgsql_parse_err_condition:%25
</home/yz489/egg-smol-benchmark-pointer-analysis/benchmarks/postgresql-9.5.2/plpgsql.so.bc>:plpgsql_add_initdatums:89	</home/yz489/egg-smol-benchmark-pointer-analysis/benchmarks/postgresql-9.5.2/plpgsql.so.bc>:plpgsql_add_initdatums:%31
</home/yz489/egg-smol-benchmark-pointer-analysis/benchmarks/postgresql-9.5.2/plpgsql.so.bc>:plpgsql_HashTableLookup:21	</home/yz489/egg-smol-benchmark-pointer-analysis/benchmarks/postgresql-9.5.2/plpgsql.so.bc>:plpgsql_HashTableLookup:%7
</home/yz489/egg-smol-benchmark-pointer-analysis/benchmarks/postgresql-9.5.2/plpgsql.so.bc>:do_compile:1031	</home/yz489/egg-smol-benchmark-pointer-analysis/benchmarks/postgresql-9.5.2/plpgsql.so.bc>:do_compile:%337
</home/yz489/egg-smol-benchmark-pointer-analysis/benchmarks/postgresql-9.5.2/plpgsql.so.bc>:MemoryContextSwitchTo.215:8	</home/yz489/egg-smol-benchmark-pointer-analysis/benchmarks/postgresql-9.5.2/plpgsql.so.bc>:MemoryContextSwitchTo.215:%2
</home/yz489/egg-smol-benchmark-pointer-analysis/benchmarks/postgresql-9.5.2/plpgsql.so.bc>:build_row_from_class:199	</home/yz489/egg-smol-benchmark-pointer-analysis/benchmarks/postgresql-9.5.2/plpgsql.so.bc>:build_row_from_class:%70
</home/yz489/egg-smol-benchmark-pointer-analysis/benchmarks/postgresql-9.5.2/plpgsql.so.bc>:build_datatype:236	</home/yz489/egg-smol-benchmark-pointer-analysis/benchmarks/postgresql-9.5.2/plpgsql.so.bc>:build_datatype:%74
</home/yz489/egg-smol-benchmark-pointer-analysis/benchmarks/postgresql-9.5.2/plpgsql.so.bc>:plpgsql_pre_column_ref:27	</home/yz489/egg-smol-benchmark-pointer-analysis/benchmarks/postgresql-9.5.2/plpgsql.so.bc>:plpgsql_pre_column_ref:%9
</home/yz489/egg-smol-benchmark-pointer-analysis/benchmarks/postgresql-9.5.2/plpgsql.so.bc>:plpgsql_post_column_ref:74	</home/yz489/egg-smol-benchmark-pointer-analysis/benchmarks/postgresql-9.5.2/plpgsql.so.bc>:plpgsql_post_column_ref:%22
</home/yz489/egg-smol-benchmark-pointer-analysis/benchmarks/postgresql-9.5.2/plpgsql.so.bc>:plpgsql_param_ref:40	</home/yz489/egg-smol-benchmark-pointer-analysis/benchmarks/postgresql-9.5.2/plpgsql.so.bc>:plpgsql_param_ref:%13
</home/yz489/egg-smol-benchmark-pointer-analysis/benchmarks/postgresql-9.5.2/plpgsql.so.bc>:list_length.223:11	</home/yz489/egg-smol-benchmark-pointer-analysis/benchmarks/postgresql-9.5.2/plpgsql.so.bc>:list_length.223:%cond
</home/yz489/egg-smol-benchmark-pointer-analysis/benchmarks/postgresql-9.5.2/plpgsql.so.bc>:list_head.224:11	</home/yz489/egg-smol-benchmark-pointer-analysis/benchmarks/postgresql-9.5.2/plpgsql.so.bc>:list_head.224:%cond
</home/yz489/egg-smol-benchmark-pointer-analysis/benchmarks/postgresql-9.5.2/plpgsql.so.bc>:make_datum_param:78	</home/yz489/egg-smol-benchmark-pointer-analysis/benchmarks/postgresql-9.5.2/plpgsql.so.bc>:make_datum_param:%32
</home/yz489/egg-smol-benchmark-pointer-analysis/benchmarks/postgresql-9.5.2/plpgsql.so.bc>:resolve_column_ref:420	</home/yz489/egg-smol-benchmark-pointer-analysis/benchmarks/postgresql-9.5.2/plpgsql.so.bc>:resolve_column_ref:%156
</home/yz489/egg-smol-benchmark-pointer-analysis/benchmarks/postgresql-9.5.2/plpgsql.so.bc>:list_tail:11	</home/yz489/egg-smol-benchmark-pointer-analysis/benchmarks/postgresql-9.5.2/plpgsql.so.bc>:list_tail:%cond
</home/yz489/egg-smol-benchmark-pointer-analysis/benchmarks/postgresql-9.5.2/plpgsql.so.bc>:build_row_from_vars:159	</home/yz489/egg-smol-benchmark-pointer-analysis/benchmarks/postgresql-9.5.2/plpgsql.so.bc>:build_row_from_vars:%66
</home/yz489/egg-smol-benchmark-pointer-analysis/benchmarks/postgresql-9.5.2/plpgsql.so.bc>:plpgsql_exec_function:502	</home/yz489/egg-smol-benchmark-pointer-analysis/benchmarks/postgresql-9.5.2/plpgsql.so.bc>:plpgsql_exec_function:%166
</home/yz489/egg-smol-benchmark-pointer-analysis/benchmarks/postgresql-9.5.2/plpgsql.so.bc>:plpgsql_exec_trigger:750	</home/yz489/egg-smol-benchmark-pointer-analysis/benchmarks/postgresql-9.5.2/plpgsql.so.bc>:plpgsql_exec_trigger:%260
</home/yz489/egg-smol-benchmark-pointer-analysis/benchmarks/postgresql-9.5.2/plpgsql.so.bc>:exec_get_datum_type:159	</home/yz489/egg-smol-benchmark-pointer-analysis/benchmarks/postgresql-9.5.2/plpgsql.so.bc>:exec_get_datum_type:%53
</home/yz489/egg-smol-benchmark-pointer-analysis/benchmarks/postgresql-9.5.2/plpgsql.so.bc>:copy_plpgsql_datum:67	</home/yz489/egg-smol-benchmark-pointer-analysis/benchmarks/postgresql-9.5.2/plpgsql.so.bc>:copy_plpgsql_datum:%26
</home/yz489/egg-smol-benchmark-pointer-analysis/benchmarks/postgresql-9.5.2/plpgsql.so.bc>:exec_stmt_block:455	</home/yz489/egg-smol-benchmark-pointer-analysis/benchmarks/postgresql-9.5.2/plpgsql.so.bc>:exec_stmt_block:%169
</home/yz489/egg-smol-benchmark-pointer-analysis/benchmarks/postgresql-9.5.2/plpgsql.so.bc>:MemoryContextSwitchTo.378:8	</home/yz489/egg-smol-benchmark-pointer-analysis/benchmarks/postgresql-9.5.2/plpgsql.so.bc>:MemoryContextSwitchTo.378:%2
</home/yz489/egg-smol-benchmark-pointer-analysis/benchmarks/postgresql-9.5.2/plpgsql.so.bc>:exec_cast_value:79	</home/yz489/egg-smol-benchmark-pointer-analysis/benchmarks/postgresql-9.5.2/plpgsql.so.bc>:exec_cast_value:%30
</home/yz489/egg-smol-benchmark-pointer-analysis/benchmarks/postgresql-9.5.2/plpgsql.so.bc>:get_cast_hashentry:248	</home/yz489/egg-smol-benchmark-pointer-analysis/benchmarks/postgresql-9.5.2/plpgsql.so.bc>:get_cast_hashentry:%100
</home/yz489/egg-smol-benchmark-pointer-analysis/benchmarks/postgresql-9.5.2/plpgsql.so.bc>:exec_stmts:52	</home/yz489/egg-smol-benchmark-pointer-analysis/benchmarks/postgresql-9.5.2/plpgsql.so.bc>:exec_stmts:%13
</home/yz489/egg-smol-benchmark-pointer-analysis/benchmarks/postgresql-9.5.2/plpgsql.so.bc>:list_head.407:11	</home/yz489/egg-smol-benchmark-pointer-analysis/benchmarks/postgresql-9.5.2/plpgsql.so.bc>:list_head.407:%cond
</home/yz489/egg-smol-benchmark-pointer-analysis/benchmarks/postgresql-9.5.2/plpgsql.so.bc>:exception_matches_conditions:62	</home/yz489/egg-smol-benchmark-pointer-analysis/benchmarks/postgresql-9.5.2/plpgsql.so.bc>:exception_matches_conditions:%17
</home/yz489/egg-smol-benchmark-pointer-analysis/benchmarks/postgresql-9.5.2/plpgsql.so.bc>:exec_stmt:223	</home/yz489/egg-smol-benchmark-pointer-analysis/benchmarks/postgresql-9.5.2/plpgsql.so.bc>:exec_stmt:%105
</home/yz489/egg-smol-benchmark-pointer-analysis/benchmarks/postgresql-9.5.2/plpgsql.so.bc>:exec_stmt_assign:18	</home/yz489/egg-smol-benchmark-pointer-analysis/benchmarks/postgresql-9.5.2/plpgsql.so.bc>:exec_stmt_assign:18:0:0
</home/yz489/egg-smol-benchmark-pointer-analysis/benchmarks/postgresql-9.5.2/plpgsql.so.bc>:exec_stmt_perform:22	</home/yz489/egg-smol-benchmark-pointer-analysis/benchmarks/postgresql-9.5.2/plpgsql.so.bc>:exec_stmt_perform:22:0:0
</home/yz489/egg-smol-benchmark-pointer-analysis/benchmarks/postgresql-9.5.2/plpgsql.so.bc>:exec_stmt_getdiag:190	</home/yz489/egg-smol-benchmark-pointer-analysis/benchmarks/postgresql-9.5.2/plpgsql.so.bc>:exec_stmt_getdiag:190:0:0
</home/yz489/egg-smol-benchmark-pointer-analysis/benchmarks/postgresql-9.5.2/plpgsql.so.bc>:exec_stmt_if:82	</home/yz489/egg-smol-benchmark-pointer-analysis/benchmarks/postgresql-9.5.2/plpgsql.so.bc>:exec_stmt_if:%29
</home/yz489/egg-smol-benchmark-pointer-analysis/benchmarks/postgresql-9.5.2/plpgsql.so.bc>:exec_stmt_case:166	</home/yz489/egg-smol-benchmark-pointer-analysis/benchmarks/postgresql-9.5.2/plpgsql.so.bc>:exec_stmt_case:%63
</home/yz489/egg-smol-benchmark-pointer-analysis/benchmarks/postgresql-9.5.2/plpgsql.so.bc>:exec_stmt_loop:85	</home/yz489/egg-smol-benchmark-pointer-analysis/benchmarks/postgresql-9.5.2/plpgsql.so.bc>:exec_stmt_loop:%24
</home/yz489/egg-smol-benchmark-pointer-analysis/benchmarks/postgresql-9.5.2/plpgsql.so.bc>:exec_stmt_while:105	</home/yz489/egg-smol-benchmark-pointer-analysis/benchmarks/postgresql-9.5.2/plpgsql.so.bc>:exec_stmt_while:%30
</home/yz489/egg-smol-benchmark-pointer-analysis/benchmarks/postgresql-9.5.2/plpgsql.so.bc>:exec_stmt_fori:310	</home/yz489/egg-smol-benchmark-pointer-analysis/benchmarks/postgresql-9.5.2/plpgsql.so.bc>:exec_stmt_fori:%105
</home/yz489/egg-smol-benchmark-pointer-analysis/benchmarks/postgresql-9.5.2/plpgsql.so.bc>:exec_stmt_fors:20	</home/yz489/egg-smol-benchmark-pointer-analysis/benchmarks/postgresql-9.5.2/plpgsql.so.bc>:exec_stmt_fors:%8
</home/yz489/egg-smol-benchmark-pointer-analysis/benchmarks/postgresql-9.5.2/plpgsql.so.bc>:exec_stmt_forc:201	</home/yz489/egg-smol-benchmark-pointer-analysis/benchmarks/postgresql-9.5.2/plpgsql.so.bc>:exec_stmt_forc:%65
</home/yz489/egg-smol-benchmark-pointer-analysis/benchmarks/postgresql-9.5.2/plpgsql.so.bc>:exec_stmt_foreach_a:287	</home/yz489/egg-smol-benchmark-pointer-analysis/benchmarks/postgresql-9.5.2/plpgsql.so.bc>:exec_stmt_foreach_a:%88
</home/yz489/egg-smol-benchmark-pointer-analysis/benchmarks/postgresql-9.5.2/plpgsql.so.bc>:exec_stmt_exit:47	</home/yz489/egg-smol-benchmark-pointer-analysis/benchmarks/postgresql-9.5.2/plpgsql.so.bc>:exec_stmt_exit:%13
</home/yz489/egg-smol-benchmark-pointer-analysis/benchmarks/postgresql-9.5.2/plpgsql.so.bc>:exec_stmt_return:305	</home/yz489/egg-smol-benchmark-pointer-analysis/benchmarks/postgresql-9.5.2/plpgsql.so.bc>:exec_stmt_return:%107
</home/yz489/egg-smol-benchmark-pointer-analysis/benchmarks/postgresql-9.5.2/plpgsql.so.bc>:exec_stmt_return_next:388	</home/yz489/egg-smol-benchmark-pointer-analysis/benchmarks/postgresql-9.5.2/plpgsql.so.bc>:exec_stmt_return_next:388:0:0
</home/yz489/egg-smol-benchmark-pointer-analysis/benchmarks/postgresql-9.5.2/plpgsql.so.bc>:exec_stmt_return_query:133	</home/yz489/egg-smol-benchmark-pointer-analysis/benchmarks/postgresql-9.5.2/plpgsql.so.bc>:exec_stmt_return_query:133:0:0
</home/yz489/egg-smol-benchmark-pointer-analysis/benchmarks/postgresql-9.5.2/plpgsql.so.bc>:exec_stmt_raise:579	</home/yz489/egg-smol-benchmark-pointer-analysis/benchmarks/postgresql-9.5.2/plpgsql.so.bc>:exec_stmt_raise:579:0:0
</home/yz489/egg-smol-benchmark-pointer-analysis/benchmarks/postgresql-9.5.2/plpgsql.so.bc>:exec_stmt_assert:74	</home/yz489/egg-smol-benchmark-pointer-analysis/benchmarks/postgresql-9.5.2/plpgsql.so.bc>:exec_stmt_assert:%18
</home/yz489/egg-smol-benchmark-pointer-analysis/benchmarks/postgresql-9.5.2/plpgsql.so.bc>:exec_stmt_execsql:401	</home/yz489/egg-smol-benchmark-pointer-analysis/benchmarks/postgresql-9.5.2/plpgsql.so.bc>:exec_stmt_execsql:401:0:0
</home/yz489/egg-smol-benchmark-pointer-analysis/benchmarks/postgresql-9.5.2/plpgsql.so.bc>:exec_stmt_dynexecute:320	</home/yz489/egg-smol-benchmark-pointer-analysis/benchmarks/postgresql-9.5.2/plpgsql.so.bc>:exec_stmt_dynexecute:320:0:0
</home/yz489/egg-smol-benchmark-pointer-analysis/benchmarks/postgresql-9.5.2/plpgsql.so.bc>:exec_stmt_dynfors:24	</home/yz489/egg-smol-benchmark-pointer-analysis/benchmarks/postgresql-9.5.2/plpgsql.so.bc>:exec_stmt_dynfors:%10
</home/yz489/egg-smol-benchmark-pointer-analysis/benchmarks/postgresql-9.5.2/plpgsql.so.bc>:exec_stmt_open:236	</home/yz489/egg-smol-benchmark-pointer-analysis/benchmarks/postgresql-9.5.2/plpgsql.so.bc>:exec_stmt_open:%80
</home/yz489/egg-smol-benchmark-pointer-analysis/benchmarks/postgresql-9.5.2/plpgsql.so.bc>:exec_stmt_fetch:210	</home/yz489/egg-smol-benchmark-pointer-analysis/benchmarks/postgresql-9.5.2/plpgsql.so.bc>:exec_stmt_fetch:210:0:0
</home/yz489/egg-smol-benchmark-pointer-analysis/benchmarks/postgresql-9.5.2/plpgsql.so.bc>:exec_stmt_close:65	</home/yz489/egg-smol-benchmark-pointer-analysis/benchmarks/postgresql-9.5.2/plpgsql.so.bc>:exec_stmt_close:65:0:0
</home/yz489/egg-smol-benchmark-pointer-analysis/benchmarks/postgresql-9.5.2/plpgsql.so.bc>:exec_eval_integer:24	</home/yz489/egg-smol-benchmark-pointer-analysis/benchmarks/postgresql-9.5.2/plpgsql.so.bc>:exec_eval_integer:%conv
</home/yz489/egg-smol-benchmark-pointer-analysis/benchmarks/postgresql-9.5.2/plpgsql.so.bc>:exec_eval_expr:161	</home/yz489/egg-smol-benchmark-pointer-analysis/benchmarks/postgresql-9.5.2/plpgsql.so.bc>:exec_eval_expr:%58
</home/yz489/egg-smol-benchmark-pointer-analysis/benchmarks/postgresql-9.5.2/plpgsql.so.bc>:exec_eval_simple_expr:194	</home/yz489/egg-smol-benchmark-pointer-analysis/benchmarks/postgresql-9.5.2/plpgsql.so.bc>:exec_eval_simple_expr:%74
</home/yz489/egg-smol-benchmark-pointer-analysis/benchmarks/postgresql-9.5.2/plpgsql.so.bc>:exec_run_select:95	</home/yz489/egg-smol-benchmark-pointer-analysis/benchmarks/postgresql-9.5.2/plpgsql.so.bc>:exec_run_select:%34
</home/yz489/egg-smol-benchmark-pointer-analysis/benchmarks/postgresql-9.5.2/plpgsql.so.bc>:setup_param_list:173	</home/yz489/egg-smol-benchmark-pointer-analysis/benchmarks/postgresql-9.5.2/plpgsql.so.bc>:setup_param_list:%67
</home/yz489/egg-smol-benchmark-pointer-analysis/benchmarks/postgresql-9.5.2/plpgsql.so.bc>:contains_target_param:43	</home/yz489/egg-smol-benchmark-pointer-analysis/benchmarks/postgresql-9.5.2/plpgsql.so.bc>:contains_target_param:%14
</home/yz489/egg-smol-benchmark-pointer-analysis/benchmarks/postgresql-9.5.2/plpgsql.so.bc>:list_length.420:11	</home/yz489/egg-smol-benchmark-pointer-analysis/benchmarks/postgresql-9.5.2/plpgsql.so.bc>:list_length.420:%cond
</home/yz489/egg-smol-benchmark-pointer-analysis/benchmarks/postgresql-9.5.2/plpgsql.so.bc>:exec_simple_check_node:466	</home/yz489/egg-smol-benchmark-pointer-analysis/benchmarks/postgresql-9.5.2/plpgsql.so.bc>:exec_simple_check_node:%159
</home/yz489/egg-smol-benchmark-pointer-analysis/benchmarks/postgresql-9.5.2/plpgsql.so.bc>:exec_dynquery_with_params:97	</home/yz489/egg-smol-benchmark-pointer-analysis/benchmarks/postgresql-9.5.2/plpgsql.so.bc>:exec_dynquery_with_params:%34
</home/yz489/egg-smol-benchmark-pointer-analysis/benchmarks/postgresql-9.5.2/plpgsql.so.bc>:convert_value_to_string:26	</home/yz489/egg-smol-benchmark-pointer-analysis/benchmarks/postgresql-9.5.2/plpgsql.so.bc>:convert_value_to_string:%7
</home/yz489/egg-smol-benchmark-pointer-analysis/benchmarks/postgresql-9.5.2/plpgsql.so.bc>:exec_eval_using_params:201	</home/yz489/egg-smol-benchmark-pointer-analysis/benchmarks/postgresql-9.5.2/plpgsql.so.bc>:exec_eval_using_params:%76
</home/yz489/egg-smol-benchmark-pointer-analysis/benchmarks/postgresql-9.5.2/plpgsql.so.bc>:exec_for_query:218	</home/yz489/egg-smol-benchmark-pointer-analysis/benchmarks/postgresql-9.5.2/plpgsql.so.bc>:exec_for_query:%77
</home/yz489/egg-smol-benchmark-pointer-analysis/benchmarks/postgresql-9.5.2/plpgsql.so.bc>:format_preparedparamsdata:199	</home/yz489/egg-smol-benchmark-pointer-analysis/benchmarks/postgresql-9.5.2/plpgsql.so.bc>:format_preparedparamsdata:%59
</home/yz489/egg-smol-benchmark-pointer-analysis/benchmarks/postgresql-9.5.2/plpgsql.so.bc>:format_expr_params:204	</home/yz489/egg-smol-benchmark-pointer-analysis/benchmarks/postgresql-9.5.2/plpgsql.so.bc>:format_expr_params:%60
</home/yz489/egg-smol-benchmark-pointer-analysis/benchmarks/postgresql-9.5.2/plpgsql.so.bc>:make_tuple_from_row:130	</home/yz489/egg-smol-benchmark-pointer-analysis/benchmarks/postgresql-9.5.2/plpgsql.so.bc>:make_tuple_from_row:%47
</home/yz489/egg-smol-benchmark-pointer-analysis/benchmarks/postgresql-9.5.2/plpgsql.so.bc>:exec_eval_boolean:27	</home/yz489/egg-smol-benchmark-pointer-analysis/benchmarks/postgresql-9.5.2/plpgsql.so.bc>:exec_eval_boolean:%conv4
</home/yz489/egg-smol-benchmark-pointer-analysis/benchmarks/postgresql-9.5.2/plpgsql.so.bc>:get_tuple_from_datum:36	</home/yz489/egg-smol-benchmark-pointer-analysis/benchmarks/postgresql-9.5.2/plpgsql.so.bc>:get_tuple_from_datum:%call4
</home/yz489/egg-smol-benchmark-pointer-analysis/benchmarks/postgresql-9.5.2/plpgsql.so.bc>:get_tupdesc_from_datum:26	</home/yz489/egg-smol-benchmark-pointer-analysis/benchmarks/postgresql-9.5.2/plpgsql.so.bc>:get_tupdesc_from_datum:%call3
</home/yz489/egg-smol-benchmark-pointer-analysis/benchmarks/postgresql-9.5.2/plpgsql.so.bc>:plpgsql_ns_top:1	</home/yz489/egg-smol-benchmark-pointer-analysis/benchmarks/postgresql-9.5.2/plpgsql.so.bc>:plpgsql_ns_top:%0
</home/yz489/egg-smol-benchmark-pointer-analysis/benchmarks/postgresql-9.5.2/plpgsql.so.bc>:plpgsql_ns_lookup:125	</home/yz489/egg-smol-benchmark-pointer-analysis/benchmarks/postgresql-9.5.2/plpgsql.so.bc>:plpgsql_ns_lookup:%35
</home/yz489/egg-smol-benchmark-pointer-analysis/benchmarks/postgresql-9.5.2/plpgsql.so.bc>:plpgsql_ns_lookup_label:32	</home/yz489/egg-smol-benchmark-pointer-analysis/benchmarks/postgresql-9.5.2/plpgsql.so.bc>:plpgsql_ns_lookup_label:%8
</home/yz489/egg-smol-benchmark-pointer-analysis/benchmarks/postgresql-9.5.2/plpgsql.so.bc>:plpgsql_stmt_typename:79	</home/yz489/egg-smol-benchmark-pointer-analysis/benchmarks/postgresql-9.5.2/plpgsql.so.bc>:plpgsql_stmt_typename:%11
</home/yz489/egg-smol-benchmark-pointer-analysis/benchmarks/postgresql-9.5.2/plpgsql.so.bc>:plpgsql_getdiag_kindname:34	</home/yz489/egg-smol-benchmark-pointer-analysis/benchmarks/postgresql-9.5.2/plpgsql.so.bc>:plpgsql_getdiag_kindname:%1
</home/yz489/egg-smol-benchmark-pointer-analysis/benchmarks/postgresql-9.5.2/plpgsql.so.bc>:list_head.586:11	</home/yz489/egg-smol-benchmark-pointer-analysis/benchmarks/postgresql-9.5.2/plpgsql.so.bc>:list_head.586:%cond
</home/yz489/egg-smol-benchmark-pointer-analysis/benchmarks/postgresql-9.5.2/plpgsql.so.bc>:plpgsql_yylex:293	</home/yz489/egg-smol-benchmark-pointer-analysis/benchmarks/postgresql-9.5.2/plpgsql.so.bc>:plpgsql_yylex:%60
</home/yz489/egg-smol-benchmark-pointer-analysis/benchmarks/postgresql-9.5.2/plpgsql.so.bc>:plpgsql_token_is_unreserved_keyword:28	</home/yz489/egg-smol-benchmark-pointer-analysis/benchmarks/postgresql-9.5.2/plpgsql.so.bc>:plpgsql_token_is_unreserved_keyword:%5
</home/yz489/egg-smol-benchmark-pointer-analysis/benchmarks/postgresql-9.5.2/plpgsql.so.bc>:plpgsql_peek:7	</home/yz489/egg-smol-benchmark-pointer-analysis/benchmarks/postgresql-9.5.2/plpgsql.so.bc>:plpgsql_peek:%1
</home/yz489/egg-smol-benchmark-pointer-analysis/benchmarks/postgresql-9.5.2/plpgsql.so.bc>:plpgsql_scanner_errposition:24	</home/yz489/egg-smol-benchmark-pointer-analysis/benchmarks/postgresql-9.5.2/plpgsql.so.bc>:plpgsql_scanner_errposition:%6
</home/yz489/egg-smol-benchmark-pointer-analysis/benchmarks/postgresql-9.5.2/plpgsql.so.bc>:plpgsql_location_to_lineno:47	</home/yz489/egg-smol-benchmark-pointer-analysis/benchmarks/postgresql-9.5.2/plpgsql.so.bc>:plpgsql_location_to_lineno:%14
</home/yz489/egg-smol-benchmark-pointer-analysis/benchmarks/postgresql-9.5.2/plpgsql.so.bc>:plpgsql_latest_lineno:1	</home/yz489/egg-smol-benchmark-pointer-analysis/benchmarks/postgresql-9.5.2/plpgsql.so.bc>:plpgsql_latest_lineno:%0
</home/yz489/egg-smol-benchmark-pointer-analysis/benchmarks/postgresql-9.5.2/plpgsql.so.bc>:internal_yylex:90	</home/yz489/egg-smol-benchmark-pointer-analysis/benchmarks/postgresql-9.5.2/plpgsql.so.bc>:internal_yylex:%26
