</home/yz489/egg-smol-benchmark-pointer-analysis/benchmarks/postgresql-9.5.2/pg_upgrade.bc>:check_for_prepared_transactions:%cond	</home/yz489/egg-smol-benchmark-pointer-analysis/benchmarks/postgresql-9.5.2/pg_upgrade.bc>:check_for_prepared_transactions:21:0:getelementptr inbounds ([4 x i8], [4 x i8]* @.str.84, i32 0, i32 0)
</home/yz489/egg-smol-benchmark-pointer-analysis/benchmarks/postgresql-9.5.2/pg_upgrade.bc>:check_for_prepared_transactions:%cond	</home/yz489/egg-smol-benchmark-pointer-analysis/benchmarks/postgresql-9.5.2/pg_upgrade.bc>:check_for_prepared_transactions:21:4:getelementptr inbounds ([5 x i8], [5 x i8]* @.str.85, i32 0, i32 0)
</home/yz489/egg-smol-benchmark-pointer-analysis/benchmarks/postgresql-9.5.2/pg_upgrade.bc>:get_control_data:%cond606	</home/yz489/egg-smol-benchmark-pointer-analysis/benchmarks/postgresql-9.5.2/pg_upgrade.bc>:get_control_data:1032:0:getelementptr inbounds ([4 x i8], [4 x i8]* @.str.48.157, i32 0, i32 0)
</home/yz489/egg-smol-benchmark-pointer-analysis/benchmarks/postgresql-9.5.2/pg_upgrade.bc>:get_control_data:%cond606	</home/yz489/egg-smol-benchmark-pointer-analysis/benchmarks/postgresql-9.5.2/pg_upgrade.bc>:get_control_data:1032:4:getelementptr inbounds ([5 x i8], [5 x i8]* @.str.49.158, i32 0, i32 0)
</home/yz489/egg-smol-benchmark-pointer-analysis/benchmarks/postgresql-9.5.2/pg_upgrade.bc>:get_db_and_rel_infos:%cond	</home/yz489/egg-smol-benchmark-pointer-analysis/benchmarks/postgresql-9.5.2/pg_upgrade.bc>:get_db_and_rel_infos:44:0:getelementptr inbounds ([4 x i8], [4 x i8]* @.str.10.300, i32 0, i32 0)
</home/yz489/egg-smol-benchmark-pointer-analysis/benchmarks/postgresql-9.5.2/pg_upgrade.bc>:get_db_and_rel_infos:%cond	</home/yz489/egg-smol-benchmark-pointer-analysis/benchmarks/postgresql-9.5.2/pg_upgrade.bc>:get_db_and_rel_infos:44:4:getelementptr inbounds ([5 x i8], [5 x i8]* @.str.11.301, i32 0, i32 0)
</home/yz489/egg-smol-benchmark-pointer-analysis/benchmarks/postgresql-9.5.2/pg_upgrade.bc>:adjust_data_dir:%cond	</home/yz489/egg-smol-benchmark-pointer-analysis/benchmarks/postgresql-9.5.2/pg_upgrade.bc>:adjust_data_dir:39:0:getelementptr inbounds ([4 x i8], [4 x i8]* @.str.52.364, i32 0, i32 0)
</home/yz489/egg-smol-benchmark-pointer-analysis/benchmarks/postgresql-9.5.2/pg_upgrade.bc>:adjust_data_dir:%cond	</home/yz489/egg-smol-benchmark-pointer-analysis/benchmarks/postgresql-9.5.2/pg_upgrade.bc>:adjust_data_dir:39:4:getelementptr inbounds ([5 x i8], [5 x i8]* @.str.53.365, i32 0, i32 0)
</home/yz489/egg-smol-benchmark-pointer-analysis/benchmarks/postgresql-9.5.2/pg_upgrade.bc>:start_postmaster:%cond54	</home/yz489/egg-smol-benchmark-pointer-analysis/benchmarks/postgresql-9.5.2/pg_upgrade.bc>:start_postmaster:122:0:getelementptr inbounds ([4 x i8], [4 x i8]* @.str.27.532, i32 0, i32 0)
</home/yz489/egg-smol-benchmark-pointer-analysis/benchmarks/postgresql-9.5.2/pg_upgrade.bc>:start_postmaster:%cond54	</home/yz489/egg-smol-benchmark-pointer-analysis/benchmarks/postgresql-9.5.2/pg_upgrade.bc>:start_postmaster:122:4:getelementptr inbounds ([5 x i8], [5 x i8]* @.str.28.533, i32 0, i32 0)
</home/yz489/egg-smol-benchmark-pointer-analysis/benchmarks/postgresql-9.5.2/pg_upgrade.bc>:start_postmaster:%cond67	</home/yz489/egg-smol-benchmark-pointer-analysis/benchmarks/postgresql-9.5.2/pg_upgrade.bc>:start_postmaster:139:0:getelementptr inbounds ([4 x i8], [4 x i8]* @.str.27.532, i32 0, i32 0)
</home/yz489/egg-smol-benchmark-pointer-analysis/benchmarks/postgresql-9.5.2/pg_upgrade.bc>:start_postmaster:%cond67	</home/yz489/egg-smol-benchmark-pointer-analysis/benchmarks/postgresql-9.5.2/pg_upgrade.bc>:start_postmaster:139:4:getelementptr inbounds ([5 x i8], [5 x i8]* @.str.28.533, i32 0, i32 0)
</home/yz489/egg-smol-benchmark-pointer-analysis/benchmarks/postgresql-9.5.2/pg_upgrade.bc>:ucs_wcwidth:%24	</home/yz489/egg-smol-benchmark-pointer-analysis/benchmarks/postgresql-9.5.2/pg_upgrade.bc>:ucs_wcwidth:83:0:false
</home/yz489/egg-smol-benchmark-pointer-analysis/benchmarks/postgresql-9.5.2/pg_upgrade.bc>:ucs_wcwidth:%24	</home/yz489/egg-smol-benchmark-pointer-analysis/benchmarks/postgresql-9.5.2/pg_upgrade.bc>:ucs_wcwidth:%cmp42
</home/yz489/egg-smol-benchmark-pointer-analysis/benchmarks/postgresql-9.5.2/pg_upgrade.bc>:ucs_wcwidth:%25	</home/yz489/egg-smol-benchmark-pointer-analysis/benchmarks/postgresql-9.5.2/pg_upgrade.bc>:ucs_wcwidth:85:0:true
</home/yz489/egg-smol-benchmark-pointer-analysis/benchmarks/postgresql-9.5.2/pg_upgrade.bc>:ucs_wcwidth:%25	</home/yz489/egg-smol-benchmark-pointer-analysis/benchmarks/postgresql-9.5.2/pg_upgrade.bc>:ucs_wcwidth:85:1:true
</home/yz489/egg-smol-benchmark-pointer-analysis/benchmarks/postgresql-9.5.2/pg_upgrade.bc>:ucs_wcwidth:%25	</home/yz489/egg-smol-benchmark-pointer-analysis/benchmarks/postgresql-9.5.2/pg_upgrade.bc>:ucs_wcwidth:85:2:true
</home/yz489/egg-smol-benchmark-pointer-analysis/benchmarks/postgresql-9.5.2/pg_upgrade.bc>:ucs_wcwidth:%25	</home/yz489/egg-smol-benchmark-pointer-analysis/benchmarks/postgresql-9.5.2/pg_upgrade.bc>:ucs_wcwidth:85:3:true
</home/yz489/egg-smol-benchmark-pointer-analysis/benchmarks/postgresql-9.5.2/pg_upgrade.bc>:ucs_wcwidth:%25	</home/yz489/egg-smol-benchmark-pointer-analysis/benchmarks/postgresql-9.5.2/pg_upgrade.bc>:ucs_wcwidth:85:4:true
</home/yz489/egg-smol-benchmark-pointer-analysis/benchmarks/postgresql-9.5.2/pg_upgrade.bc>:ucs_wcwidth:%25	</home/yz489/egg-smol-benchmark-pointer-analysis/benchmarks/postgresql-9.5.2/pg_upgrade.bc>:ucs_wcwidth:85:5:true
</home/yz489/egg-smol-benchmark-pointer-analysis/benchmarks/postgresql-9.5.2/pg_upgrade.bc>:ucs_wcwidth:%25	</home/yz489/egg-smol-benchmark-pointer-analysis/benchmarks/postgresql-9.5.2/pg_upgrade.bc>:ucs_wcwidth:85:6:true
</home/yz489/egg-smol-benchmark-pointer-analysis/benchmarks/postgresql-9.5.2/pg_upgrade.bc>:ucs_wcwidth:%25	</home/yz489/egg-smol-benchmark-pointer-analysis/benchmarks/postgresql-9.5.2/pg_upgrade.bc>:ucs_wcwidth:%24
</home/yz489/egg-smol-benchmark-pointer-analysis/benchmarks/postgresql-9.5.2/pg_upgrade.bc>:create_script_for_cluster_analyze:%cond	</home/yz489/egg-smol-benchmark-pointer-analysis/benchmarks/postgresql-9.5.2/pg_upgrade.bc>:create_script_for_cluster_analyze:58:0:getelementptr inbounds ([15 x i8], [15 x i8]* @.str.41, i32 0, i32 0)
</home/yz489/egg-smol-benchmark-pointer-analysis/benchmarks/postgresql-9.5.2/pg_upgrade.bc>:create_script_for_cluster_analyze:%cond	</home/yz489/egg-smol-benchmark-pointer-analysis/benchmarks/postgresql-9.5.2/pg_upgrade.bc>:create_script_for_cluster_analyze:58:4:getelementptr inbounds ([10 x i8], [10 x i8]* @.str.42, i32 0, i32 0)
</home/yz489/egg-smol-benchmark-pointer-analysis/benchmarks/postgresql-9.5.2/pg_upgrade.bc>:check_for_prepared_transactions:%cond5	</home/yz489/egg-smol-benchmark-pointer-analysis/benchmarks/postgresql-9.5.2/pg_upgrade.bc>:check_for_prepared_transactions:23:0:getelementptr inbounds ([4 x i8], [4 x i8]* @.str.83, i32 0, i32 0)
</home/yz489/egg-smol-benchmark-pointer-analysis/benchmarks/postgresql-9.5.2/pg_upgrade.bc>:check_for_prepared_transactions:%cond5	</home/yz489/egg-smol-benchmark-pointer-analysis/benchmarks/postgresql-9.5.2/pg_upgrade.bc>:check_for_prepared_transactions:%cond
</home/yz489/egg-smol-benchmark-pointer-analysis/benchmarks/postgresql-9.5.2/pg_upgrade.bc>:equivalent_locale:%cond14	</home/yz489/egg-smol-benchmark-pointer-analysis/benchmarks/postgresql-9.5.2/pg_upgrade.bc>:equivalent_locale:%sub.ptr.sub10
</home/yz489/egg-smol-benchmark-pointer-analysis/benchmarks/postgresql-9.5.2/pg_upgrade.bc>:equivalent_locale:%cond14	</home/yz489/egg-smol-benchmark-pointer-analysis/benchmarks/postgresql-9.5.2/pg_upgrade.bc>:equivalent_locale:%call12
</home/yz489/egg-smol-benchmark-pointer-analysis/benchmarks/postgresql-9.5.2/pg_upgrade.bc>:equivalent_locale:%sub.ptr.rhs.cast9	</home/yz489/egg-smol-benchmark-pointer-analysis/benchmarks/postgresql-9.5.2/pg_upgrade.bc>:equivalent_locale:%14
</home/yz489/egg-smol-benchmark-pointer-analysis/benchmarks/postgresql-9.5.2/pg_upgrade.bc>:equivalent_locale:%sub.ptr.lhs.cast8	</home/yz489/egg-smol-benchmark-pointer-analysis/benchmarks/postgresql-9.5.2/pg_upgrade.bc>:equivalent_locale:%13
</home/yz489/egg-smol-benchmark-pointer-analysis/benchmarks/postgresql-9.5.2/pg_upgrade.bc>:equivalent_locale:%cond	</home/yz489/egg-smol-benchmark-pointer-analysis/benchmarks/postgresql-9.5.2/pg_upgrade.bc>:equivalent_locale:%sub.ptr.sub
</home/yz489/egg-smol-benchmark-pointer-analysis/benchmarks/postgresql-9.5.2/pg_upgrade.bc>:equivalent_locale:%cond	</home/yz489/egg-smol-benchmark-pointer-analysis/benchmarks/postgresql-9.5.2/pg_upgrade.bc>:equivalent_locale:%call3
</home/yz489/egg-smol-benchmark-pointer-analysis/benchmarks/postgresql-9.5.2/pg_upgrade.bc>:equivalent_locale:%sub.ptr.rhs.cast	</home/yz489/egg-smol-benchmark-pointer-analysis/benchmarks/postgresql-9.5.2/pg_upgrade.bc>:equivalent_locale:%7
</home/yz489/egg-smol-benchmark-pointer-analysis/benchmarks/postgresql-9.5.2/pg_upgrade.bc>:equivalent_locale:%sub.ptr.lhs.cast	</home/yz489/egg-smol-benchmark-pointer-analysis/benchmarks/postgresql-9.5.2/pg_upgrade.bc>:equivalent_locale:%6
</home/yz489/egg-smol-benchmark-pointer-analysis/benchmarks/postgresql-9.5.2/pg_upgrade.bc>:get_control_data:%cond607	</home/yz489/egg-smol-benchmark-pointer-analysis/benchmarks/postgresql-9.5.2/pg_upgrade.bc>:get_control_data:1034:0:getelementptr inbounds ([4 x i8], [4 x i8]* @.str.47.159, i32 0, i32 0)
</home/yz489/egg-smol-benchmark-pointer-analysis/benchmarks/postgresql-9.5.2/pg_upgrade.bc>:get_control_data:%cond607	</home/yz489/egg-smol-benchmark-pointer-analysis/benchmarks/postgresql-9.5.2/pg_upgrade.bc>:get_control_data:%cond606
</home/yz489/egg-smol-benchmark-pointer-analysis/benchmarks/postgresql-9.5.2/pg_upgrade.bc>:get_control_data:%cond	</home/yz489/egg-smol-benchmark-pointer-analysis/benchmarks/postgresql-9.5.2/pg_upgrade.bc>:get_control_data:153:0:getelementptr inbounds ([16 x i8], [16 x i8]* @.str.11.121, i32 0, i32 0)
</home/yz489/egg-smol-benchmark-pointer-analysis/benchmarks/postgresql-9.5.2/pg_upgrade.bc>:get_control_data:%cond	</home/yz489/egg-smol-benchmark-pointer-analysis/benchmarks/postgresql-9.5.2/pg_upgrade.bc>:get_control_data:153:4:getelementptr inbounds ([17 x i8], [17 x i8]* @.str.12.122, i32 0, i32 0)
</home/yz489/egg-smol-benchmark-pointer-analysis/benchmarks/postgresql-9.5.2/pg_upgrade.bc>:generate_old_dump:%cond12	</home/yz489/egg-smol-benchmark-pointer-analysis/benchmarks/postgresql-9.5.2/pg_upgrade.bc>:generate_old_dump:48:0:getelementptr inbounds ([10 x i8], [10 x i8]* @.str.3.201, i32 0, i32 0)
</home/yz489/egg-smol-benchmark-pointer-analysis/benchmarks/postgresql-9.5.2/pg_upgrade.bc>:generate_old_dump:%cond12	</home/yz489/egg-smol-benchmark-pointer-analysis/benchmarks/postgresql-9.5.2/pg_upgrade.bc>:generate_old_dump:48:4:getelementptr inbounds ([1 x i8], [1 x i8]* @.str.4.202, i32 0, i32 0)
</home/yz489/egg-smol-benchmark-pointer-analysis/benchmarks/postgresql-9.5.2/pg_upgrade.bc>:generate_old_dump:%cond	</home/yz489/egg-smol-benchmark-pointer-analysis/benchmarks/postgresql-9.5.2/pg_upgrade.bc>:generate_old_dump:11:0:getelementptr inbounds ([10 x i8], [10 x i8]* @.str.3.201, i32 0, i32 0)
</home/yz489/egg-smol-benchmark-pointer-analysis/benchmarks/postgresql-9.5.2/pg_upgrade.bc>:generate_old_dump:%cond	</home/yz489/egg-smol-benchmark-pointer-analysis/benchmarks/postgresql-9.5.2/pg_upgrade.bc>:generate_old_dump:11:4:getelementptr inbounds ([1 x i8], [1 x i8]* @.str.4.202, i32 0, i32 0)
</home/yz489/egg-smol-benchmark-pointer-analysis/benchmarks/postgresql-9.5.2/pg_upgrade.bc>:exec_prog:%cond	</home/yz489/egg-smol-benchmark-pointer-analysis/benchmarks/postgresql-9.5.2/pg_upgrade.bc>:exec_prog:89:0:4
</home/yz489/egg-smol-benchmark-pointer-analysis/benchmarks/postgresql-9.5.2/pg_upgrade.bc>:exec_prog:%cond	</home/yz489/egg-smol-benchmark-pointer-analysis/benchmarks/postgresql-9.5.2/pg_upgrade.bc>:exec_prog:89:1:2
</home/yz489/egg-smol-benchmark-pointer-analysis/benchmarks/postgresql-9.5.2/pg_upgrade.bc>:exec_prog:%arraydecay45	</home/yz489/egg-smol-benchmark-pointer-analysis/benchmarks/postgresql-9.5.2/pg_upgrade.bc>:exec_prog:%arraydecay4
</home/yz489/egg-smol-benchmark-pointer-analysis/benchmarks/postgresql-9.5.2/pg_upgrade.bc>:exec_prog:%cond39	</home/yz489/egg-smol-benchmark-pointer-analysis/benchmarks/postgresql-9.5.2/pg_upgrade.bc>:exec_prog:97:0:4
</home/yz489/egg-smol-benchmark-pointer-analysis/benchmarks/postgresql-9.5.2/pg_upgrade.bc>:exec_prog:%cond39	</home/yz489/egg-smol-benchmark-pointer-analysis/benchmarks/postgresql-9.5.2/pg_upgrade.bc>:exec_prog:97:1:2
</home/yz489/egg-smol-benchmark-pointer-analysis/benchmarks/postgresql-9.5.2/pg_upgrade.bc>:exec_prog:%arraydecay1	</home/yz489/egg-smol-benchmark-pointer-analysis/benchmarks/postgresql-9.5.2/pg_upgrade.bc>:exec_prog:%arraydecay
</home/yz489/egg-smol-benchmark-pointer-analysis/benchmarks/postgresql-9.5.2/pg_upgrade.bc>:check_data_dir:%cond	</home/yz489/egg-smol-benchmark-pointer-analysis/benchmarks/postgresql-9.5.2/pg_upgrade.bc>:check_data_dir:23:0:getelementptr inbounds ([2 x i8], [2 x i8]* @.str.25.234, i32 0, i32 0)
</home/yz489/egg-smol-benchmark-pointer-analysis/benchmarks/postgresql-9.5.2/pg_upgrade.bc>:check_data_dir:%cond	</home/yz489/egg-smol-benchmark-pointer-analysis/benchmarks/postgresql-9.5.2/pg_upgrade.bc>:check_data_dir:23:4:getelementptr inbounds ([1 x i8], [1 x i8]* @.str.15.235, i32 0, i32 0)
</home/yz489/egg-smol-benchmark-pointer-analysis/benchmarks/postgresql-9.5.2/pg_upgrade.bc>:check_data_dir:%0	</home/yz489/egg-smol-benchmark-pointer-analysis/benchmarks/postgresql-9.5.2/pg_upgrade.bc>:check_data_dir:%requiredSubdirs
</home/yz489/egg-smol-benchmark-pointer-analysis/benchmarks/postgresql-9.5.2/pg_upgrade.bc>:copy_file:%cond	</home/yz489/egg-smol-benchmark-pointer-analysis/benchmarks/postgresql-9.5.2/pg_upgrade.bc>:copy_file:36:0:0
</home/yz489/egg-smol-benchmark-pointer-analysis/benchmarks/postgresql-9.5.2/pg_upgrade.bc>:copy_file:%cond	</home/yz489/egg-smol-benchmark-pointer-analysis/benchmarks/postgresql-9.5.2/pg_upgrade.bc>:copy_file:36:1:128
</home/yz489/egg-smol-benchmark-pointer-analysis/benchmarks/postgresql-9.5.2/pg_upgrade.bc>:get_loadable_libraries:%53	</home/yz489/egg-smol-benchmark-pointer-analysis/benchmarks/postgresql-9.5.2/pg_upgrade.bc>:get_loadable_libraries:%52
</home/yz489/egg-smol-benchmark-pointer-analysis/benchmarks/postgresql-9.5.2/pg_upgrade.bc>:get_loadable_libraries:%26	</home/yz489/egg-smol-benchmark-pointer-analysis/benchmarks/postgresql-9.5.2/pg_upgrade.bc>:get_loadable_libraries:%call25
</home/yz489/egg-smol-benchmark-pointer-analysis/benchmarks/postgresql-9.5.2/pg_upgrade.bc>:get_loadable_libraries:%1	</home/yz489/egg-smol-benchmark-pointer-analysis/benchmarks/postgresql-9.5.2/pg_upgrade.bc>:get_loadable_libraries:%call
</home/yz489/egg-smol-benchmark-pointer-analysis/benchmarks/postgresql-9.5.2/pg_upgrade.bc>:gen_db_file_maps:%2	</home/yz489/egg-smol-benchmark-pointer-analysis/benchmarks/postgresql-9.5.2/pg_upgrade.bc>:gen_db_file_maps:%call
</home/yz489/egg-smol-benchmark-pointer-analysis/benchmarks/postgresql-9.5.2/pg_upgrade.bc>:get_db_and_rel_infos:%cond8	</home/yz489/egg-smol-benchmark-pointer-analysis/benchmarks/postgresql-9.5.2/pg_upgrade.bc>:get_db_and_rel_infos:46:0:getelementptr inbounds ([4 x i8], [4 x i8]* @.str.9.302, i32 0, i32 0)
</home/yz489/egg-smol-benchmark-pointer-analysis/benchmarks/postgresql-9.5.2/pg_upgrade.bc>:get_db_and_rel_infos:%cond8	</home/yz489/egg-smol-benchmark-pointer-analysis/benchmarks/postgresql-9.5.2/pg_upgrade.bc>:get_db_and_rel_infos:%cond
</home/yz489/egg-smol-benchmark-pointer-analysis/benchmarks/postgresql-9.5.2/pg_upgrade.bc>:free_db_and_rel_infos:%13	</home/yz489/egg-smol-benchmark-pointer-analysis/benchmarks/postgresql-9.5.2/pg_upgrade.bc>:free_db_and_rel_infos:%12
</home/yz489/egg-smol-benchmark-pointer-analysis/benchmarks/postgresql-9.5.2/pg_upgrade.bc>:get_db_infos:%12	</home/yz489/egg-smol-benchmark-pointer-analysis/benchmarks/postgresql-9.5.2/pg_upgrade.bc>:get_db_infos:%call11
</home/yz489/egg-smol-benchmark-pointer-analysis/benchmarks/postgresql-9.5.2/pg_upgrade.bc>:get_db_infos:%cond	</home/yz489/egg-smol-benchmark-pointer-analysis/benchmarks/postgresql-9.5.2/pg_upgrade.bc>:get_db_infos:23:0:getelementptr inbounds ([14 x i8], [14 x i8]* @.str.15.308, i32 0, i32 0)
</home/yz489/egg-smol-benchmark-pointer-analysis/benchmarks/postgresql-9.5.2/pg_upgrade.bc>:get_db_infos:%cond	</home/yz489/egg-smol-benchmark-pointer-analysis/benchmarks/postgresql-9.5.2/pg_upgrade.bc>:get_db_infos:23:4:getelementptr inbounds ([41 x i8], [41 x i8]* @.str.16.319, i32 0, i32 0)
</home/yz489/egg-smol-benchmark-pointer-analysis/benchmarks/postgresql-9.5.2/pg_upgrade.bc>:get_rel_infos:%9	</home/yz489/egg-smol-benchmark-pointer-analysis/benchmarks/postgresql-9.5.2/pg_upgrade.bc>:get_rel_infos:%call8
</home/yz489/egg-smol-benchmark-pointer-analysis/benchmarks/postgresql-9.5.2/pg_upgrade.bc>:get_rel_infos:%cond3	</home/yz489/egg-smol-benchmark-pointer-analysis/benchmarks/postgresql-9.5.2/pg_upgrade.bc>:get_rel_infos:45:0:getelementptr inbounds ([14 x i8], [14 x i8]* @.str.15.308, i32 0, i32 0)
</home/yz489/egg-smol-benchmark-pointer-analysis/benchmarks/postgresql-9.5.2/pg_upgrade.bc>:get_rel_infos:%cond3	</home/yz489/egg-smol-benchmark-pointer-analysis/benchmarks/postgresql-9.5.2/pg_upgrade.bc>:get_rel_infos:45:4:getelementptr inbounds ([56 x i8], [56 x i8]* @.str.27.309, i32 0, i32 0)
</home/yz489/egg-smol-benchmark-pointer-analysis/benchmarks/postgresql-9.5.2/pg_upgrade.bc>:get_rel_infos:%cond	</home/yz489/egg-smol-benchmark-pointer-analysis/benchmarks/postgresql-9.5.2/pg_upgrade.bc>:get_rel_infos:39:0:getelementptr inbounds ([1 x i8], [1 x i8]* @.str.25.306, i32 0, i32 0)
</home/yz489/egg-smol-benchmark-pointer-analysis/benchmarks/postgresql-9.5.2/pg_upgrade.bc>:get_rel_infos:%cond	</home/yz489/egg-smol-benchmark-pointer-analysis/benchmarks/postgresql-9.5.2/pg_upgrade.bc>:get_rel_infos:39:4:getelementptr inbounds ([65 x i8], [65 x i8]* @.str.26.307, i32 0, i32 0)
</home/yz489/egg-smol-benchmark-pointer-analysis/benchmarks/postgresql-9.5.2/pg_upgrade.bc>:free_rel_infos:%26	</home/yz489/egg-smol-benchmark-pointer-analysis/benchmarks/postgresql-9.5.2/pg_upgrade.bc>:free_rel_infos:%25
</home/yz489/egg-smol-benchmark-pointer-analysis/benchmarks/postgresql-9.5.2/pg_upgrade.bc>:parseCommandLine:%cond12	</home/yz489/egg-smol-benchmark-pointer-analysis/benchmarks/postgresql-9.5.2/pg_upgrade.bc>:parseCommandLine:39:0:50432
</home/yz489/egg-smol-benchmark-pointer-analysis/benchmarks/postgresql-9.5.2/pg_upgrade.bc>:parseCommandLine:%cond12	</home/yz489/egg-smol-benchmark-pointer-analysis/benchmarks/postgresql-9.5.2/pg_upgrade.bc>:parseCommandLine:%call9
</home/yz489/egg-smol-benchmark-pointer-analysis/benchmarks/postgresql-9.5.2/pg_upgrade.bc>:parseCommandLine:%cond	</home/yz489/egg-smol-benchmark-pointer-analysis/benchmarks/postgresql-9.5.2/pg_upgrade.bc>:parseCommandLine:29:0:50432
</home/yz489/egg-smol-benchmark-pointer-analysis/benchmarks/postgresql-9.5.2/pg_upgrade.bc>:parseCommandLine:%cond	</home/yz489/egg-smol-benchmark-pointer-analysis/benchmarks/postgresql-9.5.2/pg_upgrade.bc>:parseCommandLine:%call4
</home/yz489/egg-smol-benchmark-pointer-analysis/benchmarks/postgresql-9.5.2/pg_upgrade.bc>:adjust_data_dir:%cond15	</home/yz489/egg-smol-benchmark-pointer-analysis/benchmarks/postgresql-9.5.2/pg_upgrade.bc>:adjust_data_dir:41:0:getelementptr inbounds ([4 x i8], [4 x i8]* @.str.51.366, i32 0, i32 0)
</home/yz489/egg-smol-benchmark-pointer-analysis/benchmarks/postgresql-9.5.2/pg_upgrade.bc>:adjust_data_dir:%cond15	</home/yz489/egg-smol-benchmark-pointer-analysis/benchmarks/postgresql-9.5.2/pg_upgrade.bc>:adjust_data_dir:%cond
</home/yz489/egg-smol-benchmark-pointer-analysis/benchmarks/postgresql-9.5.2/pg_upgrade.bc>:parallel_exec_prog:%arraydecay45	</home/yz489/egg-smol-benchmark-pointer-analysis/benchmarks/postgresql-9.5.2/pg_upgrade.bc>:parallel_exec_prog:%arraydecay4
</home/yz489/egg-smol-benchmark-pointer-analysis/benchmarks/postgresql-9.5.2/pg_upgrade.bc>:parallel_exec_prog:%arraydecay1	</home/yz489/egg-smol-benchmark-pointer-analysis/benchmarks/postgresql-9.5.2/pg_upgrade.bc>:parallel_exec_prog:%arraydecay
</home/yz489/egg-smol-benchmark-pointer-analysis/benchmarks/postgresql-9.5.2/pg_upgrade.bc>:reap_child:%__i11	</home/yz489/egg-smol-benchmark-pointer-analysis/benchmarks/postgresql-9.5.2/pg_upgrade.bc>:reap_child:%.compoundliteral9
</home/yz489/egg-smol-benchmark-pointer-analysis/benchmarks/postgresql-9.5.2/pg_upgrade.bc>:reap_child:%__in10	</home/yz489/egg-smol-benchmark-pointer-analysis/benchmarks/postgresql-9.5.2/pg_upgrade.bc>:reap_child:%.compoundliteral9
</home/yz489/egg-smol-benchmark-pointer-analysis/benchmarks/postgresql-9.5.2/pg_upgrade.bc>:reap_child:%__i	</home/yz489/egg-smol-benchmark-pointer-analysis/benchmarks/postgresql-9.5.2/pg_upgrade.bc>:reap_child:%.compoundliteral
</home/yz489/egg-smol-benchmark-pointer-analysis/benchmarks/postgresql-9.5.2/pg_upgrade.bc>:reap_child:%__in	</home/yz489/egg-smol-benchmark-pointer-analysis/benchmarks/postgresql-9.5.2/pg_upgrade.bc>:reap_child:%.compoundliteral
</home/yz489/egg-smol-benchmark-pointer-analysis/benchmarks/postgresql-9.5.2/pg_upgrade.bc>:reap_child:%cond	</home/yz489/egg-smol-benchmark-pointer-analysis/benchmarks/postgresql-9.5.2/pg_upgrade.bc>:reap_child:18:0:0
</home/yz489/egg-smol-benchmark-pointer-analysis/benchmarks/postgresql-9.5.2/pg_upgrade.bc>:reap_child:%cond	</home/yz489/egg-smol-benchmark-pointer-analysis/benchmarks/postgresql-9.5.2/pg_upgrade.bc>:reap_child:18:1:1
</home/yz489/egg-smol-benchmark-pointer-analysis/benchmarks/postgresql-9.5.2/pg_upgrade.bc>:prepare_new_cluster:%cond5	</home/yz489/egg-smol-benchmark-pointer-analysis/benchmarks/postgresql-9.5.2/pg_upgrade.bc>:prepare_new_cluster:15:0:getelementptr inbounds ([10 x i8], [10 x i8]* @.str.16.460, i32 0, i32 0)
</home/yz489/egg-smol-benchmark-pointer-analysis/benchmarks/postgresql-9.5.2/pg_upgrade.bc>:prepare_new_cluster:%cond5	</home/yz489/egg-smol-benchmark-pointer-analysis/benchmarks/postgresql-9.5.2/pg_upgrade.bc>:prepare_new_cluster:15:4:getelementptr inbounds ([1 x i8], [1 x i8]* @.str.17.461, i32 0, i32 0)
</home/yz489/egg-smol-benchmark-pointer-analysis/benchmarks/postgresql-9.5.2/pg_upgrade.bc>:prepare_new_cluster:%cond	</home/yz489/egg-smol-benchmark-pointer-analysis/benchmarks/postgresql-9.5.2/pg_upgrade.bc>:prepare_new_cluster:6:0:getelementptr inbounds ([10 x i8], [10 x i8]* @.str.16.460, i32 0, i32 0)
</home/yz489/egg-smol-benchmark-pointer-analysis/benchmarks/postgresql-9.5.2/pg_upgrade.bc>:prepare_new_cluster:%cond	</home/yz489/egg-smol-benchmark-pointer-analysis/benchmarks/postgresql-9.5.2/pg_upgrade.bc>:prepare_new_cluster:6:4:getelementptr inbounds ([1 x i8], [1 x i8]* @.str.17.461, i32 0, i32 0)
</home/yz489/egg-smol-benchmark-pointer-analysis/benchmarks/postgresql-9.5.2/pg_upgrade.bc>:transfer_all_new_tablespaces:%cond	</home/yz489/egg-smol-benchmark-pointer-analysis/benchmarks/postgresql-9.5.2/pg_upgrade.bc>:transfer_all_new_tablespaces:11:0:getelementptr inbounds ([8 x i8], [8 x i8]* @.str.1.474, i32 0, i32 0)
</home/yz489/egg-smol-benchmark-pointer-analysis/benchmarks/postgresql-9.5.2/pg_upgrade.bc>:transfer_all_new_tablespaces:%cond	</home/yz489/egg-smol-benchmark-pointer-analysis/benchmarks/postgresql-9.5.2/pg_upgrade.bc>:transfer_all_new_tablespaces:11:4:getelementptr inbounds ([8 x i8], [8 x i8]* @.str.2.475, i32 0, i32 0)
</home/yz489/egg-smol-benchmark-pointer-analysis/benchmarks/postgresql-9.5.2/pg_upgrade.bc>:transfer_all_new_dbs:%36	</home/yz489/egg-smol-benchmark-pointer-analysis/benchmarks/postgresql-9.5.2/pg_upgrade.bc>:transfer_all_new_dbs:%35
</home/yz489/egg-smol-benchmark-pointer-analysis/benchmarks/postgresql-9.5.2/pg_upgrade.bc>:executeQueryOrDie:%arraydecay34	</home/yz489/egg-smol-benchmark-pointer-analysis/benchmarks/postgresql-9.5.2/pg_upgrade.bc>:executeQueryOrDie:%arraydecay3
</home/yz489/egg-smol-benchmark-pointer-analysis/benchmarks/postgresql-9.5.2/pg_upgrade.bc>:executeQueryOrDie:%arraydecay1	</home/yz489/egg-smol-benchmark-pointer-analysis/benchmarks/postgresql-9.5.2/pg_upgrade.bc>:executeQueryOrDie:%arraydecay
</home/yz489/egg-smol-benchmark-pointer-analysis/benchmarks/postgresql-9.5.2/pg_upgrade.bc>:start_postmaster:%cond69	</home/yz489/egg-smol-benchmark-pointer-analysis/benchmarks/postgresql-9.5.2/pg_upgrade.bc>:start_postmaster:141:0:getelementptr inbounds ([4 x i8], [4 x i8]* @.str.26.534, i32 0, i32 0)
</home/yz489/egg-smol-benchmark-pointer-analysis/benchmarks/postgresql-9.5.2/pg_upgrade.bc>:start_postmaster:%cond69	</home/yz489/egg-smol-benchmark-pointer-analysis/benchmarks/postgresql-9.5.2/pg_upgrade.bc>:start_postmaster:%cond67
</home/yz489/egg-smol-benchmark-pointer-analysis/benchmarks/postgresql-9.5.2/pg_upgrade.bc>:start_postmaster:%cond56	</home/yz489/egg-smol-benchmark-pointer-analysis/benchmarks/postgresql-9.5.2/pg_upgrade.bc>:start_postmaster:124:0:getelementptr inbounds ([4 x i8], [4 x i8]* @.str.26.534, i32 0, i32 0)
</home/yz489/egg-smol-benchmark-pointer-analysis/benchmarks/postgresql-9.5.2/pg_upgrade.bc>:start_postmaster:%cond56	</home/yz489/egg-smol-benchmark-pointer-analysis/benchmarks/postgresql-9.5.2/pg_upgrade.bc>:start_postmaster:%cond54
</home/yz489/egg-smol-benchmark-pointer-analysis/benchmarks/postgresql-9.5.2/pg_upgrade.bc>:start_postmaster:%cond27	</home/yz489/egg-smol-benchmark-pointer-analysis/benchmarks/postgresql-9.5.2/pg_upgrade.bc>:start_postmaster:80:0:getelementptr inbounds ([22 x i8], [22 x i8]* @.str.17.528, i32 0, i32 0)
</home/yz489/egg-smol-benchmark-pointer-analysis/benchmarks/postgresql-9.5.2/pg_upgrade.bc>:start_postmaster:%cond27	</home/yz489/egg-smol-benchmark-pointer-analysis/benchmarks/postgresql-9.5.2/pg_upgrade.bc>:start_postmaster:80:4:null
</home/yz489/egg-smol-benchmark-pointer-analysis/benchmarks/postgresql-9.5.2/pg_upgrade.bc>:start_postmaster:%cond21	</home/yz489/egg-smol-benchmark-pointer-analysis/benchmarks/postgresql-9.5.2/pg_upgrade.bc>:start_postmaster:75:0:getelementptr inbounds ([1 x i8], [1 x i8]* @.str.21.526, i32 0, i32 0)
</home/yz489/egg-smol-benchmark-pointer-analysis/benchmarks/postgresql-9.5.2/pg_upgrade.bc>:start_postmaster:%cond21	</home/yz489/egg-smol-benchmark-pointer-analysis/benchmarks/postgresql-9.5.2/pg_upgrade.bc>:start_postmaster:%19
</home/yz489/egg-smol-benchmark-pointer-analysis/benchmarks/postgresql-9.5.2/pg_upgrade.bc>:start_postmaster:%cond18	</home/yz489/egg-smol-benchmark-pointer-analysis/benchmarks/postgresql-9.5.2/pg_upgrade.bc>:start_postmaster:64:0:getelementptr inbounds ([64 x i8], [64 x i8]* @.str.20.525, i32 0, i32 0)
</home/yz489/egg-smol-benchmark-pointer-analysis/benchmarks/postgresql-9.5.2/pg_upgrade.bc>:start_postmaster:%cond18	</home/yz489/egg-smol-benchmark-pointer-analysis/benchmarks/postgresql-9.5.2/pg_upgrade.bc>:start_postmaster:64:4:getelementptr inbounds ([1 x i8], [1 x i8]* @.str.21.526, i32 0, i32 0)
</home/yz489/egg-smol-benchmark-pointer-analysis/benchmarks/postgresql-9.5.2/pg_upgrade.bc>:start_postmaster:%cond15	</home/yz489/egg-smol-benchmark-pointer-analysis/benchmarks/postgresql-9.5.2/pg_upgrade.bc>:start_postmaster:61:0:getelementptr inbounds ([4 x i8], [4 x i8]* @.str.18.523, i32 0, i32 0)
</home/yz489/egg-smol-benchmark-pointer-analysis/benchmarks/postgresql-9.5.2/pg_upgrade.bc>:start_postmaster:%cond15	</home/yz489/egg-smol-benchmark-pointer-analysis/benchmarks/postgresql-9.5.2/pg_upgrade.bc>:start_postmaster:61:4:getelementptr inbounds ([59 x i8], [59 x i8]* @.str.19.524, i32 0, i32 0)
</home/yz489/egg-smol-benchmark-pointer-analysis/benchmarks/postgresql-9.5.2/pg_upgrade.bc>:start_postmaster:%cond	</home/yz489/egg-smol-benchmark-pointer-analysis/benchmarks/postgresql-9.5.2/pg_upgrade.bc>:start_postmaster:39:0:getelementptr inbounds ([22 x i8], [22 x i8]* @.str.14.520, i32 0, i32 0)
</home/yz489/egg-smol-benchmark-pointer-analysis/benchmarks/postgresql-9.5.2/pg_upgrade.bc>:start_postmaster:%cond	</home/yz489/egg-smol-benchmark-pointer-analysis/benchmarks/postgresql-9.5.2/pg_upgrade.bc>:start_postmaster:39:4:getelementptr inbounds ([24 x i8], [24 x i8]* @.str.15.521, i32 0, i32 0)
</home/yz489/egg-smol-benchmark-pointer-analysis/benchmarks/postgresql-9.5.2/pg_upgrade.bc>:stop_postmaster:%cond9	</home/yz489/egg-smol-benchmark-pointer-analysis/benchmarks/postgresql-9.5.2/pg_upgrade.bc>:stop_postmaster:40:0:getelementptr inbounds ([8 x i8], [8 x i8]* @.str.31.537, i32 0, i32 0)
</home/yz489/egg-smol-benchmark-pointer-analysis/benchmarks/postgresql-9.5.2/pg_upgrade.bc>:stop_postmaster:%cond9	</home/yz489/egg-smol-benchmark-pointer-analysis/benchmarks/postgresql-9.5.2/pg_upgrade.bc>:stop_postmaster:40:4:getelementptr inbounds ([1 x i8], [1 x i8]* @.str.21.526, i32 0, i32 0)
</home/yz489/egg-smol-benchmark-pointer-analysis/benchmarks/postgresql-9.5.2/pg_upgrade.bc>:stop_postmaster:%cond	</home/yz489/egg-smol-benchmark-pointer-analysis/benchmarks/postgresql-9.5.2/pg_upgrade.bc>:stop_postmaster:36:0:getelementptr inbounds ([1 x i8], [1 x i8]* @.str.21.526, i32 0, i32 0)
</home/yz489/egg-smol-benchmark-pointer-analysis/benchmarks/postgresql-9.5.2/pg_upgrade.bc>:stop_postmaster:%cond	</home/yz489/egg-smol-benchmark-pointer-analysis/benchmarks/postgresql-9.5.2/pg_upgrade.bc>:stop_postmaster:%10
</home/yz489/egg-smol-benchmark-pointer-analysis/benchmarks/postgresql-9.5.2/pg_upgrade.bc>:get_tablespace_paths:%4	</home/yz489/egg-smol-benchmark-pointer-analysis/benchmarks/postgresql-9.5.2/pg_upgrade.bc>:get_tablespace_paths:%call6
</home/yz489/egg-smol-benchmark-pointer-analysis/benchmarks/postgresql-9.5.2/pg_upgrade.bc>:get_tablespace_paths:%cond	</home/yz489/egg-smol-benchmark-pointer-analysis/benchmarks/postgresql-9.5.2/pg_upgrade.bc>:get_tablespace_paths:12:0:getelementptr inbounds ([12 x i8], [12 x i8]* @.str.3.554, i32 0, i32 0)
</home/yz489/egg-smol-benchmark-pointer-analysis/benchmarks/postgresql-9.5.2/pg_upgrade.bc>:get_tablespace_paths:%cond	</home/yz489/egg-smol-benchmark-pointer-analysis/benchmarks/postgresql-9.5.2/pg_upgrade.bc>:get_tablespace_paths:12:4:getelementptr inbounds ([54 x i8], [54 x i8]* @.str.4.555, i32 0, i32 0)
</home/yz489/egg-smol-benchmark-pointer-analysis/benchmarks/postgresql-9.5.2/pg_upgrade.bc>:report_status:%arraydecay45	</home/yz489/egg-smol-benchmark-pointer-analysis/benchmarks/postgresql-9.5.2/pg_upgrade.bc>:report_status:%arraydecay4
</home/yz489/egg-smol-benchmark-pointer-analysis/benchmarks/postgresql-9.5.2/pg_upgrade.bc>:report_status:%arraydecay1	</home/yz489/egg-smol-benchmark-pointer-analysis/benchmarks/postgresql-9.5.2/pg_upgrade.bc>:report_status:%arraydecay
</home/yz489/egg-smol-benchmark-pointer-analysis/benchmarks/postgresql-9.5.2/pg_upgrade.bc>:pg_log:%arraydecay34	</home/yz489/egg-smol-benchmark-pointer-analysis/benchmarks/postgresql-9.5.2/pg_upgrade.bc>:pg_log:%arraydecay3
</home/yz489/egg-smol-benchmark-pointer-analysis/benchmarks/postgresql-9.5.2/pg_upgrade.bc>:pg_log:%arraydecay1	</home/yz489/egg-smol-benchmark-pointer-analysis/benchmarks/postgresql-9.5.2/pg_upgrade.bc>:pg_log:%arraydecay
</home/yz489/egg-smol-benchmark-pointer-analysis/benchmarks/postgresql-9.5.2/pg_upgrade.bc>:prep_status:%arraydecay45	</home/yz489/egg-smol-benchmark-pointer-analysis/benchmarks/postgresql-9.5.2/pg_upgrade.bc>:prep_status:%arraydecay4
</home/yz489/egg-smol-benchmark-pointer-analysis/benchmarks/postgresql-9.5.2/pg_upgrade.bc>:prep_status:%arraydecay1	</home/yz489/egg-smol-benchmark-pointer-analysis/benchmarks/postgresql-9.5.2/pg_upgrade.bc>:prep_status:%arraydecay
</home/yz489/egg-smol-benchmark-pointer-analysis/benchmarks/postgresql-9.5.2/pg_upgrade.bc>:pg_fatal:%arraydecay34	</home/yz489/egg-smol-benchmark-pointer-analysis/benchmarks/postgresql-9.5.2/pg_upgrade.bc>:pg_fatal:%arraydecay3
</home/yz489/egg-smol-benchmark-pointer-analysis/benchmarks/postgresql-9.5.2/pg_upgrade.bc>:pg_fatal:%arraydecay1	</home/yz489/egg-smol-benchmark-pointer-analysis/benchmarks/postgresql-9.5.2/pg_upgrade.bc>:pg_fatal:%arraydecay
</home/yz489/egg-smol-benchmark-pointer-analysis/benchmarks/postgresql-9.5.2/pg_upgrade.bc>:pg_log_v:%cond39	</home/yz489/egg-smol-benchmark-pointer-analysis/benchmarks/postgresql-9.5.2/pg_upgrade.bc>:pg_log_v:%arraydecay32
</home/yz489/egg-smol-benchmark-pointer-analysis/benchmarks/postgresql-9.5.2/pg_upgrade.bc>:pg_log_v:%cond39	</home/yz489/egg-smol-benchmark-pointer-analysis/benchmarks/postgresql-9.5.2/pg_upgrade.bc>:pg_log_v:%add.ptr38
</home/yz489/egg-smol-benchmark-pointer-analysis/benchmarks/postgresql-9.5.2/pg_upgrade.bc>:pg_log_v:%cond	</home/yz489/egg-smol-benchmark-pointer-analysis/benchmarks/postgresql-9.5.2/pg_upgrade.bc>:pg_log_v:55:0:getelementptr inbounds ([1 x i8], [1 x i8]* @.str.9.593, i32 0, i32 0)
</home/yz489/egg-smol-benchmark-pointer-analysis/benchmarks/postgresql-9.5.2/pg_upgrade.bc>:pg_log_v:%cond	</home/yz489/egg-smol-benchmark-pointer-analysis/benchmarks/postgresql-9.5.2/pg_upgrade.bc>:pg_log_v:55:4:getelementptr inbounds ([4 x i8], [4 x i8]* @.str.10.594, i32 0, i32 0)
</home/yz489/egg-smol-benchmark-pointer-analysis/benchmarks/postgresql-9.5.2/pg_upgrade.bc>:PQconninfoFree:%10	</home/yz489/egg-smol-benchmark-pointer-analysis/benchmarks/postgresql-9.5.2/pg_upgrade.bc>:PQconninfoFree:%9
</home/yz489/egg-smol-benchmark-pointer-analysis/benchmarks/postgresql-9.5.2/pg_upgrade.bc>:PQconnectPoll:%117	</home/yz489/egg-smol-benchmark-pointer-analysis/benchmarks/postgresql-9.5.2/pg_upgrade.bc>:PQconnectPoll:%addr162
</home/yz489/egg-smol-benchmark-pointer-analysis/benchmarks/postgresql-9.5.2/pg_upgrade.bc>:PQconnectPoll:%__sockaddr__160	</home/yz489/egg-smol-benchmark-pointer-analysis/benchmarks/postgresql-9.5.2/pg_upgrade.bc>:PQconnectPoll:%agg.tmp159
</home/yz489/egg-smol-benchmark-pointer-analysis/benchmarks/postgresql-9.5.2/pg_upgrade.bc>:PQconnectPoll:%__sockaddr__	</home/yz489/egg-smol-benchmark-pointer-analysis/benchmarks/postgresql-9.5.2/pg_upgrade.bc>:PQconnectPoll:%agg.tmp
</home/yz489/egg-smol-benchmark-pointer-analysis/benchmarks/postgresql-9.5.2/pg_upgrade.bc>:PQconnectPoll:%98	</home/yz489/egg-smol-benchmark-pointer-analysis/benchmarks/postgresql-9.5.2/pg_upgrade.bc>:PQconnectPoll:%optval
</home/yz489/egg-smol-benchmark-pointer-analysis/benchmarks/postgresql-9.5.2/pg_upgrade.bc>:PQconnectPoll:%66	</home/yz489/egg-smol-benchmark-pointer-analysis/benchmarks/postgresql-9.5.2/pg_upgrade.bc>:PQconnectPoll:%on
</home/yz489/egg-smol-benchmark-pointer-analysis/benchmarks/postgresql-9.5.2/pg_upgrade.bc>:PQconnectPoll:%17	</home/yz489/egg-smol-benchmark-pointer-analysis/benchmarks/postgresql-9.5.2/pg_upgrade.bc>:PQconnectPoll:%16
</home/yz489/egg-smol-benchmark-pointer-analysis/benchmarks/postgresql-9.5.2/pg_upgrade.bc>:PQconnectPoll:%14	</home/yz489/egg-smol-benchmark-pointer-analysis/benchmarks/postgresql-9.5.2/pg_upgrade.bc>:PQconnectPoll:%addr
</home/yz489/egg-smol-benchmark-pointer-analysis/benchmarks/postgresql-9.5.2/pg_upgrade.bc>:PQmakeEmptyPGresult:%25	</home/yz489/egg-smol-benchmark-pointer-analysis/benchmarks/postgresql-9.5.2/pg_upgrade.bc>:PQmakeEmptyPGresult:%noticeHooks4
</home/yz489/egg-smol-benchmark-pointer-analysis/benchmarks/postgresql-9.5.2/pg_upgrade.bc>:PQmakeEmptyPGresult:%24	</home/yz489/egg-smol-benchmark-pointer-analysis/benchmarks/postgresql-9.5.2/pg_upgrade.bc>:PQmakeEmptyPGresult:%noticeHooks
</home/yz489/egg-smol-benchmark-pointer-analysis/benchmarks/postgresql-9.5.2/pg_upgrade.bc>:PQmakeEmptyPGresult:%0	</home/yz489/egg-smol-benchmark-pointer-analysis/benchmarks/postgresql-9.5.2/pg_upgrade.bc>:PQmakeEmptyPGresult:%call
</home/yz489/egg-smol-benchmark-pointer-analysis/benchmarks/postgresql-9.5.2/pg_upgrade.bc>:PQclear:%39	</home/yz489/egg-smol-benchmark-pointer-analysis/benchmarks/postgresql-9.5.2/pg_upgrade.bc>:PQclear:%38
</home/yz489/egg-smol-benchmark-pointer-analysis/benchmarks/postgresql-9.5.2/pg_upgrade.bc>:PQclear:%next	</home/yz489/egg-smol-benchmark-pointer-analysis/benchmarks/postgresql-9.5.2/pg_upgrade.bc>:PQclear:%30
</home/yz489/egg-smol-benchmark-pointer-analysis/benchmarks/postgresql-9.5.2/pg_upgrade.bc>:PQclear:%27	</home/yz489/egg-smol-benchmark-pointer-analysis/benchmarks/postgresql-9.5.2/pg_upgrade.bc>:PQclear:%26
</home/yz489/egg-smol-benchmark-pointer-analysis/benchmarks/postgresql-9.5.2/pg_upgrade.bc>:PQclear:%34	</home/yz489/egg-smol-benchmark-pointer-analysis/benchmarks/postgresql-9.5.2/pg_upgrade.bc>:PQclear:%33
</home/yz489/egg-smol-benchmark-pointer-analysis/benchmarks/postgresql-9.5.2/pg_upgrade.bc>:PQclear:%13	</home/yz489/egg-smol-benchmark-pointer-analysis/benchmarks/postgresql-9.5.2/pg_upgrade.bc>:PQclear:%evt
</home/yz489/egg-smol-benchmark-pointer-analysis/benchmarks/postgresql-9.5.2/pg_upgrade.bc>:PQclear:%47	</home/yz489/egg-smol-benchmark-pointer-analysis/benchmarks/postgresql-9.5.2/pg_upgrade.bc>:PQclear:%46
</home/yz489/egg-smol-benchmark-pointer-analysis/benchmarks/postgresql-9.5.2/pg_upgrade.bc>:PQsetResultAttrs:%17	</home/yz489/egg-smol-benchmark-pointer-analysis/benchmarks/postgresql-9.5.2/pg_upgrade.bc>:PQsetResultAttrs:%16
</home/yz489/egg-smol-benchmark-pointer-analysis/benchmarks/postgresql-9.5.2/pg_upgrade.bc>:PQsetResultAttrs:%15	</home/yz489/egg-smol-benchmark-pointer-analysis/benchmarks/postgresql-9.5.2/pg_upgrade.bc>:PQsetResultAttrs:%14
</home/yz489/egg-smol-benchmark-pointer-analysis/benchmarks/postgresql-9.5.2/pg_upgrade.bc>:PQsetResultAttrs:%7	</home/yz489/egg-smol-benchmark-pointer-analysis/benchmarks/postgresql-9.5.2/pg_upgrade.bc>:PQsetResultAttrs:%call
</home/yz489/egg-smol-benchmark-pointer-analysis/benchmarks/postgresql-9.5.2/pg_upgrade.bc>:PQcopyResult:%71	</home/yz489/egg-smol-benchmark-pointer-analysis/benchmarks/postgresql-9.5.2/pg_upgrade.bc>:PQcopyResult:%evt
</home/yz489/egg-smol-benchmark-pointer-analysis/benchmarks/postgresql-9.5.2/pg_upgrade.bc>:PQcopyResult:%43	</home/yz489/egg-smol-benchmark-pointer-analysis/benchmarks/postgresql-9.5.2/pg_upgrade.bc>:PQcopyResult:%noticeHooks40
</home/yz489/egg-smol-benchmark-pointer-analysis/benchmarks/postgresql-9.5.2/pg_upgrade.bc>:PQcopyResult:%42	</home/yz489/egg-smol-benchmark-pointer-analysis/benchmarks/postgresql-9.5.2/pg_upgrade.bc>:PQcopyResult:%noticeHooks
</home/yz489/egg-smol-benchmark-pointer-analysis/benchmarks/postgresql-9.5.2/pg_upgrade.bc>:PQsetvalue:%12	</home/yz489/egg-smol-benchmark-pointer-analysis/benchmarks/postgresql-9.5.2/pg_upgrade.bc>:PQsetvalue:%call7
</home/yz489/egg-smol-benchmark-pointer-analysis/benchmarks/postgresql-9.5.2/pg_upgrade.bc>:PQgetResult:%34	</home/yz489/egg-smol-benchmark-pointer-analysis/benchmarks/postgresql-9.5.2/pg_upgrade.bc>:PQgetResult:%evt
</home/yz489/egg-smol-benchmark-pointer-analysis/benchmarks/postgresql-9.5.2/pg_upgrade.bc>:enlargePQExpBuffer:%cond	</home/yz489/egg-smol-benchmark-pointer-analysis/benchmarks/postgresql-9.5.2/pg_upgrade.bc>:enlargePQExpBuffer:54:0:64
</home/yz489/egg-smol-benchmark-pointer-analysis/benchmarks/postgresql-9.5.2/pg_upgrade.bc>:enlargePQExpBuffer:%cond	</home/yz489/egg-smol-benchmark-pointer-analysis/benchmarks/postgresql-9.5.2/pg_upgrade.bc>:enlargePQExpBuffer:%mul
</home/yz489/egg-smol-benchmark-pointer-analysis/benchmarks/postgresql-9.5.2/pg_upgrade.bc>:printfPQExpBuffer:%arraydecay45	</home/yz489/egg-smol-benchmark-pointer-analysis/benchmarks/postgresql-9.5.2/pg_upgrade.bc>:printfPQExpBuffer:%arraydecay4
</home/yz489/egg-smol-benchmark-pointer-analysis/benchmarks/postgresql-9.5.2/pg_upgrade.bc>:printfPQExpBuffer:%arraydecay2	</home/yz489/egg-smol-benchmark-pointer-analysis/benchmarks/postgresql-9.5.2/pg_upgrade.bc>:printfPQExpBuffer:%arraydecay
</home/yz489/egg-smol-benchmark-pointer-analysis/benchmarks/postgresql-9.5.2/pg_upgrade.bc>:appendPQExpBuffer:%arraydecay45	</home/yz489/egg-smol-benchmark-pointer-analysis/benchmarks/postgresql-9.5.2/pg_upgrade.bc>:appendPQExpBuffer:%arraydecay4
</home/yz489/egg-smol-benchmark-pointer-analysis/benchmarks/postgresql-9.5.2/pg_upgrade.bc>:appendPQExpBuffer:%arraydecay2	</home/yz489/egg-smol-benchmark-pointer-analysis/benchmarks/postgresql-9.5.2/pg_upgrade.bc>:appendPQExpBuffer:%arraydecay
</home/yz489/egg-smol-benchmark-pointer-analysis/benchmarks/postgresql-9.5.2/pg_upgrade.bc>:pg_char_to_encoding:%sub.ptr.rhs.cast	</home/yz489/egg-smol-benchmark-pointer-analysis/benchmarks/postgresql-9.5.2/pg_upgrade.bc>:pg_char_to_encoding:%12
</home/yz489/egg-smol-benchmark-pointer-analysis/benchmarks/postgresql-9.5.2/pg_upgrade.bc>:pg_char_to_encoding:%sub.ptr.lhs.cast	</home/yz489/egg-smol-benchmark-pointer-analysis/benchmarks/postgresql-9.5.2/pg_upgrade.bc>:pg_char_to_encoding:%11
</home/yz489/egg-smol-benchmark-pointer-analysis/benchmarks/postgresql-9.5.2/pg_upgrade.bc>:makeEmptyPGconn:%49	</home/yz489/egg-smol-benchmark-pointer-analysis/benchmarks/postgresql-9.5.2/pg_upgrade.bc>:makeEmptyPGconn:%call19
</home/yz489/egg-smol-benchmark-pointer-analysis/benchmarks/postgresql-9.5.2/pg_upgrade.bc>:makeEmptyPGconn:%15	</home/yz489/egg-smol-benchmark-pointer-analysis/benchmarks/postgresql-9.5.2/pg_upgrade.bc>:makeEmptyPGconn:%add.ptr
</home/yz489/egg-smol-benchmark-pointer-analysis/benchmarks/postgresql-9.5.2/pg_upgrade.bc>:makeEmptyPGconn:%13	</home/yz489/egg-smol-benchmark-pointer-analysis/benchmarks/postgresql-9.5.2/pg_upgrade.bc>:makeEmptyPGconn:%12
</home/yz489/egg-smol-benchmark-pointer-analysis/benchmarks/postgresql-9.5.2/pg_upgrade.bc>:makeEmptyPGconn:%11	</home/yz489/egg-smol-benchmark-pointer-analysis/benchmarks/postgresql-9.5.2/pg_upgrade.bc>:makeEmptyPGconn:%10
</home/yz489/egg-smol-benchmark-pointer-analysis/benchmarks/postgresql-9.5.2/pg_upgrade.bc>:makeEmptyPGconn:%6	</home/yz489/egg-smol-benchmark-pointer-analysis/benchmarks/postgresql-9.5.2/pg_upgrade.bc>:makeEmptyPGconn:%5
</home/yz489/egg-smol-benchmark-pointer-analysis/benchmarks/postgresql-9.5.2/pg_upgrade.bc>:makeEmptyPGconn:%4	</home/yz489/egg-smol-benchmark-pointer-analysis/benchmarks/postgresql-9.5.2/pg_upgrade.bc>:makeEmptyPGconn:%3
</home/yz489/egg-smol-benchmark-pointer-analysis/benchmarks/postgresql-9.5.2/pg_upgrade.bc>:makeEmptyPGconn:%0	</home/yz489/egg-smol-benchmark-pointer-analysis/benchmarks/postgresql-9.5.2/pg_upgrade.bc>:makeEmptyPGconn:%call
</home/yz489/egg-smol-benchmark-pointer-analysis/benchmarks/postgresql-9.5.2/pg_upgrade.bc>:fillPGconn:%12	</home/yz489/egg-smol-benchmark-pointer-analysis/benchmarks/postgresql-9.5.2/pg_upgrade.bc>:fillPGconn:%add.ptr
</home/yz489/egg-smol-benchmark-pointer-analysis/benchmarks/postgresql-9.5.2/pg_upgrade.bc>:fillPGconn:%9	</home/yz489/egg-smol-benchmark-pointer-analysis/benchmarks/postgresql-9.5.2/pg_upgrade.bc>:fillPGconn:%8
</home/yz489/egg-smol-benchmark-pointer-analysis/benchmarks/postgresql-9.5.2/pg_upgrade.bc>:connectDBStart:%cond	</home/yz489/egg-smol-benchmark-pointer-analysis/benchmarks/postgresql-9.5.2/pg_upgrade.bc>:connectDBStart:192:0:getelementptr inbounds ([5 x i8], [5 x i8]* @.str.35.756, i32 0, i32 0)
</home/yz489/egg-smol-benchmark-pointer-analysis/benchmarks/postgresql-9.5.2/pg_upgrade.bc>:connectDBStart:%cond	</home/yz489/egg-smol-benchmark-pointer-analysis/benchmarks/postgresql-9.5.2/pg_upgrade.bc>:connectDBStart:%60
</home/yz489/egg-smol-benchmark-pointer-analysis/benchmarks/postgresql-9.5.2/pg_upgrade.bc>:connectDBStart:%18	</home/yz489/egg-smol-benchmark-pointer-analysis/benchmarks/postgresql-9.5.2/pg_upgrade.bc>:connectDBStart:%add.ptr
</home/yz489/egg-smol-benchmark-pointer-analysis/benchmarks/postgresql-9.5.2/pg_upgrade.bc>:connectDBStart:%16	</home/yz489/egg-smol-benchmark-pointer-analysis/benchmarks/postgresql-9.5.2/pg_upgrade.bc>:connectDBStart:%15
</home/yz489/egg-smol-benchmark-pointer-analysis/benchmarks/postgresql-9.5.2/pg_upgrade.bc>:connectDBStart:%14	</home/yz489/egg-smol-benchmark-pointer-analysis/benchmarks/postgresql-9.5.2/pg_upgrade.bc>:connectDBStart:%13
</home/yz489/egg-smol-benchmark-pointer-analysis/benchmarks/postgresql-9.5.2/pg_upgrade.bc>:connectDBStart:%9	</home/yz489/egg-smol-benchmark-pointer-analysis/benchmarks/postgresql-9.5.2/pg_upgrade.bc>:connectDBStart:%8
</home/yz489/egg-smol-benchmark-pointer-analysis/benchmarks/postgresql-9.5.2/pg_upgrade.bc>:connectDBStart:%7	</home/yz489/egg-smol-benchmark-pointer-analysis/benchmarks/postgresql-9.5.2/pg_upgrade.bc>:connectDBStart:%hint
</home/yz489/egg-smol-benchmark-pointer-analysis/benchmarks/postgresql-9.5.2/pg_upgrade.bc>:closePGconn:%42	</home/yz489/egg-smol-benchmark-pointer-analysis/benchmarks/postgresql-9.5.2/pg_upgrade.bc>:closePGconn:%41
</home/yz489/egg-smol-benchmark-pointer-analysis/benchmarks/postgresql-9.5.2/pg_upgrade.bc>:closePGconn:%36	</home/yz489/egg-smol-benchmark-pointer-analysis/benchmarks/postgresql-9.5.2/pg_upgrade.bc>:closePGconn:%35
</home/yz489/egg-smol-benchmark-pointer-analysis/benchmarks/postgresql-9.5.2/pg_upgrade.bc>:closePGconn:%26	</home/yz489/egg-smol-benchmark-pointer-analysis/benchmarks/postgresql-9.5.2/pg_upgrade.bc>:closePGconn:%25
</home/yz489/egg-smol-benchmark-pointer-analysis/benchmarks/postgresql-9.5.2/pg_upgrade.bc>:freePGconn:%143	</home/yz489/egg-smol-benchmark-pointer-analysis/benchmarks/postgresql-9.5.2/pg_upgrade.bc>:freePGconn:%142
</home/yz489/egg-smol-benchmark-pointer-analysis/benchmarks/postgresql-9.5.2/pg_upgrade.bc>:freePGconn:%139	</home/yz489/egg-smol-benchmark-pointer-analysis/benchmarks/postgresql-9.5.2/pg_upgrade.bc>:freePGconn:%138
</home/yz489/egg-smol-benchmark-pointer-analysis/benchmarks/postgresql-9.5.2/pg_upgrade.bc>:freePGconn:%26	</home/yz489/egg-smol-benchmark-pointer-analysis/benchmarks/postgresql-9.5.2/pg_upgrade.bc>:freePGconn:%25
</home/yz489/egg-smol-benchmark-pointer-analysis/benchmarks/postgresql-9.5.2/pg_upgrade.bc>:freePGconn:%8	</home/yz489/egg-smol-benchmark-pointer-analysis/benchmarks/postgresql-9.5.2/pg_upgrade.bc>:freePGconn:%evt
</home/yz489/egg-smol-benchmark-pointer-analysis/benchmarks/postgresql-9.5.2/pg_upgrade.bc>:conninfo_init:%24	</home/yz489/egg-smol-benchmark-pointer-analysis/benchmarks/postgresql-9.5.2/pg_upgrade.bc>:conninfo_init:%add.ptr
</home/yz489/egg-smol-benchmark-pointer-analysis/benchmarks/postgresql-9.5.2/pg_upgrade.bc>:conninfo_init:%22	</home/yz489/egg-smol-benchmark-pointer-analysis/benchmarks/postgresql-9.5.2/pg_upgrade.bc>:conninfo_init:%21
</home/yz489/egg-smol-benchmark-pointer-analysis/benchmarks/postgresql-9.5.2/pg_upgrade.bc>:conninfo_init:%15	</home/yz489/egg-smol-benchmark-pointer-analysis/benchmarks/postgresql-9.5.2/pg_upgrade.bc>:conninfo_init:%14
</home/yz489/egg-smol-benchmark-pointer-analysis/benchmarks/postgresql-9.5.2/pg_upgrade.bc>:conninfo_init:%9	</home/yz489/egg-smol-benchmark-pointer-analysis/benchmarks/postgresql-9.5.2/pg_upgrade.bc>:conninfo_init:%8
</home/yz489/egg-smol-benchmark-pointer-analysis/benchmarks/postgresql-9.5.2/pg_upgrade.bc>:conninfo_init:%7	</home/yz489/egg-smol-benchmark-pointer-analysis/benchmarks/postgresql-9.5.2/pg_upgrade.bc>:conninfo_init:%6
</home/yz489/egg-smol-benchmark-pointer-analysis/benchmarks/postgresql-9.5.2/pg_upgrade.bc>:conninfo_init:%0	</home/yz489/egg-smol-benchmark-pointer-analysis/benchmarks/postgresql-9.5.2/pg_upgrade.bc>:conninfo_init:%call
</home/yz489/egg-smol-benchmark-pointer-analysis/benchmarks/postgresql-9.5.2/pg_upgrade.bc>:conninfo_init:%20	</home/yz489/egg-smol-benchmark-pointer-analysis/benchmarks/postgresql-9.5.2/pg_upgrade.bc>:conninfo_init:%19
</home/yz489/egg-smol-benchmark-pointer-analysis/benchmarks/postgresql-9.5.2/pg_upgrade.bc>:conninfo_init:%13	</home/yz489/egg-smol-benchmark-pointer-analysis/benchmarks/postgresql-9.5.2/pg_upgrade.bc>:conninfo_init:%12
</home/yz489/egg-smol-benchmark-pointer-analysis/benchmarks/postgresql-9.5.2/pg_upgrade.bc>:connectNoDelay:%2	</home/yz489/egg-smol-benchmark-pointer-analysis/benchmarks/postgresql-9.5.2/pg_upgrade.bc>:connectNoDelay:%on
</home/yz489/egg-smol-benchmark-pointer-analysis/benchmarks/postgresql-9.5.2/pg_upgrade.bc>:useKeepalives:%cond	</home/yz489/egg-smol-benchmark-pointer-analysis/benchmarks/postgresql-9.5.2/pg_upgrade.bc>:useKeepalives:26:0:1
</home/yz489/egg-smol-benchmark-pointer-analysis/benchmarks/postgresql-9.5.2/pg_upgrade.bc>:useKeepalives:%cond	</home/yz489/egg-smol-benchmark-pointer-analysis/benchmarks/postgresql-9.5.2/pg_upgrade.bc>:useKeepalives:26:1:0
</home/yz489/egg-smol-benchmark-pointer-analysis/benchmarks/postgresql-9.5.2/pg_upgrade.bc>:setKeepalivesIdle:%7	</home/yz489/egg-smol-benchmark-pointer-analysis/benchmarks/postgresql-9.5.2/pg_upgrade.bc>:setKeepalivesIdle:%idle
</home/yz489/egg-smol-benchmark-pointer-analysis/benchmarks/postgresql-9.5.2/pg_upgrade.bc>:setKeepalivesInterval:%7	</home/yz489/egg-smol-benchmark-pointer-analysis/benchmarks/postgresql-9.5.2/pg_upgrade.bc>:setKeepalivesInterval:%interval
</home/yz489/egg-smol-benchmark-pointer-analysis/benchmarks/postgresql-9.5.2/pg_upgrade.bc>:setKeepalivesCount:%7	</home/yz489/egg-smol-benchmark-pointer-analysis/benchmarks/postgresql-9.5.2/pg_upgrade.bc>:setKeepalivesCount:%count
</home/yz489/egg-smol-benchmark-pointer-analysis/benchmarks/postgresql-9.5.2/pg_upgrade.bc>:connectFailureMessage:%21	</home/yz489/egg-smol-benchmark-pointer-analysis/benchmarks/postgresql-9.5.2/pg_upgrade.bc>:connectFailureMessage:%__u6_addr8
</home/yz489/egg-smol-benchmark-pointer-analysis/benchmarks/postgresql-9.5.2/pg_upgrade.bc>:connectFailureMessage:%__u6_addr8	</home/yz489/egg-smol-benchmark-pointer-analysis/benchmarks/postgresql-9.5.2/pg_upgrade.bc>:connectFailureMessage:%__in6_u
</home/yz489/egg-smol-benchmark-pointer-analysis/benchmarks/postgresql-9.5.2/pg_upgrade.bc>:connectFailureMessage:%20	</home/yz489/egg-smol-benchmark-pointer-analysis/benchmarks/postgresql-9.5.2/pg_upgrade.bc>:connectFailureMessage:%19
</home/yz489/egg-smol-benchmark-pointer-analysis/benchmarks/postgresql-9.5.2/pg_upgrade.bc>:connectFailureMessage:%16	</home/yz489/egg-smol-benchmark-pointer-analysis/benchmarks/postgresql-9.5.2/pg_upgrade.bc>:connectFailureMessage:%s_addr
</home/yz489/egg-smol-benchmark-pointer-analysis/benchmarks/postgresql-9.5.2/pg_upgrade.bc>:connectFailureMessage:%15	</home/yz489/egg-smol-benchmark-pointer-analysis/benchmarks/postgresql-9.5.2/pg_upgrade.bc>:connectFailureMessage:%14
</home/yz489/egg-smol-benchmark-pointer-analysis/benchmarks/postgresql-9.5.2/pg_upgrade.bc>:getpeereid:%1	</home/yz489/egg-smol-benchmark-pointer-analysis/benchmarks/postgresql-9.5.2/pg_upgrade.bc>:getpeereid:%peercred
</home/yz489/egg-smol-benchmark-pointer-analysis/benchmarks/postgresql-9.5.2/pg_upgrade.bc>:pqBuildStartupPacket2:%41	</home/yz489/egg-smol-benchmark-pointer-analysis/benchmarks/postgresql-9.5.2/pg_upgrade.bc>:pqBuildStartupPacket2:%40
</home/yz489/egg-smol-benchmark-pointer-analysis/benchmarks/postgresql-9.5.2/pg_upgrade.bc>:pqBuildStartupPacket2:%15	</home/yz489/egg-smol-benchmark-pointer-analysis/benchmarks/postgresql-9.5.2/pg_upgrade.bc>:pqBuildStartupPacket2:%add.ptr
</home/yz489/egg-smol-benchmark-pointer-analysis/benchmarks/postgresql-9.5.2/pg_upgrade.bc>:pqBuildStartupPacket2:%13	</home/yz489/egg-smol-benchmark-pointer-analysis/benchmarks/postgresql-9.5.2/pg_upgrade.bc>:pqBuildStartupPacket2:%12
</home/yz489/egg-smol-benchmark-pointer-analysis/benchmarks/postgresql-9.5.2/pg_upgrade.bc>:pqBuildStartupPacket2:%6	</home/yz489/egg-smol-benchmark-pointer-analysis/benchmarks/postgresql-9.5.2/pg_upgrade.bc>:pqBuildStartupPacket2:%5
</home/yz489/egg-smol-benchmark-pointer-analysis/benchmarks/postgresql-9.5.2/pg_upgrade.bc>:pqBuildStartupPacket2:%4	</home/yz489/egg-smol-benchmark-pointer-analysis/benchmarks/postgresql-9.5.2/pg_upgrade.bc>:pqBuildStartupPacket2:%3
</home/yz489/egg-smol-benchmark-pointer-analysis/benchmarks/postgresql-9.5.2/pg_upgrade.bc>:pqBuildStartupPacket2:%11	</home/yz489/egg-smol-benchmark-pointer-analysis/benchmarks/postgresql-9.5.2/pg_upgrade.bc>:pqBuildStartupPacket2:%10
</home/yz489/egg-smol-benchmark-pointer-analysis/benchmarks/postgresql-9.5.2/pg_upgrade.bc>:pqBuildStartupPacket2:%1	</home/yz489/egg-smol-benchmark-pointer-analysis/benchmarks/postgresql-9.5.2/pg_upgrade.bc>:pqBuildStartupPacket2:%call
</home/yz489/egg-smol-benchmark-pointer-analysis/benchmarks/postgresql-9.5.2/pg_upgrade.bc>:pqGetInt:%18	</home/yz489/egg-smol-benchmark-pointer-analysis/benchmarks/postgresql-9.5.2/pg_upgrade.bc>:pqGetInt:%tmp4
</home/yz489/egg-smol-benchmark-pointer-analysis/benchmarks/postgresql-9.5.2/pg_upgrade.bc>:pqGetInt:%5	</home/yz489/egg-smol-benchmark-pointer-analysis/benchmarks/postgresql-9.5.2/pg_upgrade.bc>:pqGetInt:%tmp2
</home/yz489/egg-smol-benchmark-pointer-analysis/benchmarks/postgresql-9.5.2/pg_upgrade.bc>:pqCheckInBufferSpace:%59	</home/yz489/egg-smol-benchmark-pointer-analysis/benchmarks/postgresql-9.5.2/pg_upgrade.bc>:pqCheckInBufferSpace:157:0:false
</home/yz489/egg-smol-benchmark-pointer-analysis/benchmarks/postgresql-9.5.2/pg_upgrade.bc>:pqCheckInBufferSpace:%59	</home/yz489/egg-smol-benchmark-pointer-analysis/benchmarks/postgresql-9.5.2/pg_upgrade.bc>:pqCheckInBufferSpace:%cmp58
</home/yz489/egg-smol-benchmark-pointer-analysis/benchmarks/postgresql-9.5.2/pg_upgrade.bc>:pqCheckInBufferSpace:%41	</home/yz489/egg-smol-benchmark-pointer-analysis/benchmarks/postgresql-9.5.2/pg_upgrade.bc>:pqCheckInBufferSpace:109:0:false
</home/yz489/egg-smol-benchmark-pointer-analysis/benchmarks/postgresql-9.5.2/pg_upgrade.bc>:pqCheckInBufferSpace:%41	</home/yz489/egg-smol-benchmark-pointer-analysis/benchmarks/postgresql-9.5.2/pg_upgrade.bc>:pqCheckInBufferSpace:%cmp36
</home/yz489/egg-smol-benchmark-pointer-analysis/benchmarks/postgresql-9.5.2/pg_upgrade.bc>:pqGetErrorNotice3:%cond	</home/yz489/egg-smol-benchmark-pointer-analysis/benchmarks/postgresql-9.5.2/pg_upgrade.bc>:pqGetErrorNotice3:26:0:7
</home/yz489/egg-smol-benchmark-pointer-analysis/benchmarks/postgresql-9.5.2/pg_upgrade.bc>:pqGetErrorNotice3:%cond	</home/yz489/egg-smol-benchmark-pointer-analysis/benchmarks/postgresql-9.5.2/pg_upgrade.bc>:pqGetErrorNotice3:26:1:6
</home/yz489/egg-smol-benchmark-pointer-analysis/benchmarks/postgresql-9.5.2/pg_upgrade.bc>:pg_freeaddrinfo_all:%9	</home/yz489/egg-smol-benchmark-pointer-analysis/benchmarks/postgresql-9.5.2/pg_upgrade.bc>:pg_freeaddrinfo_all:%8
</home/yz489/egg-smol-benchmark-pointer-analysis/benchmarks/postgresql-9.5.2/pg_upgrade.bc>:pg_freeaddrinfo_all:%7	</home/yz489/egg-smol-benchmark-pointer-analysis/benchmarks/postgresql-9.5.2/pg_upgrade.bc>:pg_freeaddrinfo_all:%6
</home/yz489/egg-smol-benchmark-pointer-analysis/benchmarks/postgresql-9.5.2/pg_upgrade.bc>:strlcpy.660:%sub.ptr.rhs.cast	</home/yz489/egg-smol-benchmark-pointer-analysis/benchmarks/postgresql-9.5.2/pg_upgrade.bc>:strlcpy.660:%14
</home/yz489/egg-smol-benchmark-pointer-analysis/benchmarks/postgresql-9.5.2/pg_upgrade.bc>:strlcpy.660:%sub.ptr.lhs.cast	</home/yz489/egg-smol-benchmark-pointer-analysis/benchmarks/postgresql-9.5.2/pg_upgrade.bc>:strlcpy.660:%13
</home/yz489/egg-smol-benchmark-pointer-analysis/benchmarks/postgresql-9.5.2/pg_upgrade.bc>:pqSaveParameterStatus:%29	</home/yz489/egg-smol-benchmark-pointer-analysis/benchmarks/postgresql-9.5.2/pg_upgrade.bc>:pqSaveParameterStatus:%28
</home/yz489/egg-smol-benchmark-pointer-analysis/benchmarks/postgresql-9.5.2/pg_upgrade.bc>:pqSaveParameterStatus:%26	</home/yz489/egg-smol-benchmark-pointer-analysis/benchmarks/postgresql-9.5.2/pg_upgrade.bc>:pqSaveParameterStatus:%call19
</home/yz489/egg-smol-benchmark-pointer-analysis/benchmarks/postgresql-9.5.2/pg_upgrade.bc>:pqSaveParameterStatus:%20	</home/yz489/egg-smol-benchmark-pointer-analysis/benchmarks/postgresql-9.5.2/pg_upgrade.bc>:pqSaveParameterStatus:%19
</home/yz489/egg-smol-benchmark-pointer-analysis/benchmarks/postgresql-9.5.2/pg_upgrade.bc>:dupEvents:%34	</home/yz489/egg-smol-benchmark-pointer-analysis/benchmarks/postgresql-9.5.2/pg_upgrade.bc>:dupEvents:%33
</home/yz489/egg-smol-benchmark-pointer-analysis/benchmarks/postgresql-9.5.2/pg_upgrade.bc>:dupEvents:%3	</home/yz489/egg-smol-benchmark-pointer-analysis/benchmarks/postgresql-9.5.2/pg_upgrade.bc>:dupEvents:%call
</home/yz489/egg-smol-benchmark-pointer-analysis/benchmarks/postgresql-9.5.2/pg_upgrade.bc>:pqResultAlloc:%space65	</home/yz489/egg-smol-benchmark-pointer-analysis/benchmarks/postgresql-9.5.2/pg_upgrade.bc>:pqResultAlloc:%58
</home/yz489/egg-smol-benchmark-pointer-analysis/benchmarks/postgresql-9.5.2/pg_upgrade.bc>:pqResultAlloc:%next55	</home/yz489/egg-smol-benchmark-pointer-analysis/benchmarks/postgresql-9.5.2/pg_upgrade.bc>:pqResultAlloc:%50
</home/yz489/egg-smol-benchmark-pointer-analysis/benchmarks/postgresql-9.5.2/pg_upgrade.bc>:pqResultAlloc:%46	</home/yz489/egg-smol-benchmark-pointer-analysis/benchmarks/postgresql-9.5.2/pg_upgrade.bc>:pqResultAlloc:%call50
</home/yz489/egg-smol-benchmark-pointer-analysis/benchmarks/postgresql-9.5.2/pg_upgrade.bc>:pqResultAlloc:%next45	</home/yz489/egg-smol-benchmark-pointer-analysis/benchmarks/postgresql-9.5.2/pg_upgrade.bc>:pqResultAlloc:%41
</home/yz489/egg-smol-benchmark-pointer-analysis/benchmarks/postgresql-9.5.2/pg_upgrade.bc>:pqResultAlloc:%next44	</home/yz489/egg-smol-benchmark-pointer-analysis/benchmarks/postgresql-9.5.2/pg_upgrade.bc>:pqResultAlloc:%40
</home/yz489/egg-smol-benchmark-pointer-analysis/benchmarks/postgresql-9.5.2/pg_upgrade.bc>:pqResultAlloc:%next42	</home/yz489/egg-smol-benchmark-pointer-analysis/benchmarks/postgresql-9.5.2/pg_upgrade.bc>:pqResultAlloc:%37
</home/yz489/egg-smol-benchmark-pointer-analysis/benchmarks/postgresql-9.5.2/pg_upgrade.bc>:pqResultAlloc:%space35	</home/yz489/egg-smol-benchmark-pointer-analysis/benchmarks/postgresql-9.5.2/pg_upgrade.bc>:pqResultAlloc:%31
</home/yz489/egg-smol-benchmark-pointer-analysis/benchmarks/postgresql-9.5.2/pg_upgrade.bc>:pqResultAlloc:%29	</home/yz489/egg-smol-benchmark-pointer-analysis/benchmarks/postgresql-9.5.2/pg_upgrade.bc>:pqResultAlloc:%call
</home/yz489/egg-smol-benchmark-pointer-analysis/benchmarks/postgresql-9.5.2/pg_upgrade.bc>:pqResultAlloc:%next	</home/yz489/egg-smol-benchmark-pointer-analysis/benchmarks/postgresql-9.5.2/pg_upgrade.bc>:pqResultAlloc:%35
</home/yz489/egg-smol-benchmark-pointer-analysis/benchmarks/postgresql-9.5.2/pg_upgrade.bc>:pqResultAlloc:%space16	</home/yz489/egg-smol-benchmark-pointer-analysis/benchmarks/postgresql-9.5.2/pg_upgrade.bc>:pqResultAlloc:%17
</home/yz489/egg-smol-benchmark-pointer-analysis/benchmarks/postgresql-9.5.2/pg_upgrade.bc>:pqAddTuple:%16	</home/yz489/egg-smol-benchmark-pointer-analysis/benchmarks/postgresql-9.5.2/pg_upgrade.bc>:pqAddTuple:%call10
</home/yz489/egg-smol-benchmark-pointer-analysis/benchmarks/postgresql-9.5.2/pg_upgrade.bc>:pqAddTuple:%14	</home/yz489/egg-smol-benchmark-pointer-analysis/benchmarks/postgresql-9.5.2/pg_upgrade.bc>:pqAddTuple:%13
</home/yz489/egg-smol-benchmark-pointer-analysis/benchmarks/postgresql-9.5.2/pg_upgrade.bc>:pqAddTuple:%11	</home/yz489/egg-smol-benchmark-pointer-analysis/benchmarks/postgresql-9.5.2/pg_upgrade.bc>:pqAddTuple:%call
</home/yz489/egg-smol-benchmark-pointer-analysis/benchmarks/postgresql-9.5.2/pg_upgrade.bc>:pqAddTuple:%cond	</home/yz489/egg-smol-benchmark-pointer-analysis/benchmarks/postgresql-9.5.2/pg_upgrade.bc>:pqAddTuple:26:0:128
</home/yz489/egg-smol-benchmark-pointer-analysis/benchmarks/postgresql-9.5.2/pg_upgrade.bc>:pqAddTuple:%cond	</home/yz489/egg-smol-benchmark-pointer-analysis/benchmarks/postgresql-9.5.2/pg_upgrade.bc>:pqAddTuple:%mul
</home/yz489/egg-smol-benchmark-pointer-analysis/benchmarks/postgresql-9.5.2/pg_upgrade.bc>:pqPutMsgStart:%cond	</home/yz489/egg-smol-benchmark-pointer-analysis/benchmarks/postgresql-9.5.2/pg_upgrade.bc>:pqPutMsgStart:87:0:32
</home/yz489/egg-smol-benchmark-pointer-analysis/benchmarks/postgresql-9.5.2/pg_upgrade.bc>:pqPutMsgStart:%cond	</home/yz489/egg-smol-benchmark-pointer-analysis/benchmarks/postgresql-9.5.2/pg_upgrade.bc>:pqPutMsgStart:%conv21
</home/yz489/egg-smol-benchmark-pointer-analysis/benchmarks/postgresql-9.5.2/pg_upgrade.bc>:pqPutMsgEnd:%19	</home/yz489/egg-smol-benchmark-pointer-analysis/benchmarks/postgresql-9.5.2/pg_upgrade.bc>:pqPutMsgEnd:%msgLen
</home/yz489/egg-smol-benchmark-pointer-analysis/benchmarks/postgresql-9.5.2/pg_upgrade.bc>:pqCheckOutBufferSpace:%26	</home/yz489/egg-smol-benchmark-pointer-analysis/benchmarks/postgresql-9.5.2/pg_upgrade.bc>:pqCheckOutBufferSpace:79:0:false
</home/yz489/egg-smol-benchmark-pointer-analysis/benchmarks/postgresql-9.5.2/pg_upgrade.bc>:pqCheckOutBufferSpace:%26	</home/yz489/egg-smol-benchmark-pointer-analysis/benchmarks/postgresql-9.5.2/pg_upgrade.bc>:pqCheckOutBufferSpace:%cmp26
</home/yz489/egg-smol-benchmark-pointer-analysis/benchmarks/postgresql-9.5.2/pg_upgrade.bc>:pqCheckOutBufferSpace:%8	</home/yz489/egg-smol-benchmark-pointer-analysis/benchmarks/postgresql-9.5.2/pg_upgrade.bc>:pqCheckOutBufferSpace:31:0:false
</home/yz489/egg-smol-benchmark-pointer-analysis/benchmarks/postgresql-9.5.2/pg_upgrade.bc>:pqCheckOutBufferSpace:%8	</home/yz489/egg-smol-benchmark-pointer-analysis/benchmarks/postgresql-9.5.2/pg_upgrade.bc>:pqCheckOutBufferSpace:%cmp5
</home/yz489/egg-smol-benchmark-pointer-analysis/benchmarks/postgresql-9.5.2/pg_upgrade.bc>:pqInternalNotice:%7	</home/yz489/egg-smol-benchmark-pointer-analysis/benchmarks/postgresql-9.5.2/pg_upgrade.bc>:pqInternalNotice:%5
</home/yz489/egg-smol-benchmark-pointer-analysis/benchmarks/postgresql-9.5.2/pg_upgrade.bc>:pqInternalNotice:%6	</home/yz489/egg-smol-benchmark-pointer-analysis/benchmarks/postgresql-9.5.2/pg_upgrade.bc>:pqInternalNotice:%noticeHooks
</home/yz489/egg-smol-benchmark-pointer-analysis/benchmarks/postgresql-9.5.2/pg_upgrade.bc>:pqInternalNotice:%arraydecay45	</home/yz489/egg-smol-benchmark-pointer-analysis/benchmarks/postgresql-9.5.2/pg_upgrade.bc>:pqInternalNotice:%arraydecay4
</home/yz489/egg-smol-benchmark-pointer-analysis/benchmarks/postgresql-9.5.2/pg_upgrade.bc>:pqInternalNotice:%arraydecay1	</home/yz489/egg-smol-benchmark-pointer-analysis/benchmarks/postgresql-9.5.2/pg_upgrade.bc>:pqInternalNotice:%arraydecay
</home/yz489/egg-smol-benchmark-pointer-analysis/benchmarks/postgresql-9.5.2/pg_upgrade.bc>:PQescapeStringInternal:%sub.ptr.rhs.cast54	</home/yz489/egg-smol-benchmark-pointer-analysis/benchmarks/postgresql-9.5.2/pg_upgrade.bc>:PQescapeStringInternal:%48
</home/yz489/egg-smol-benchmark-pointer-analysis/benchmarks/postgresql-9.5.2/pg_upgrade.bc>:PQescapeStringInternal:%sub.ptr.lhs.cast53	</home/yz489/egg-smol-benchmark-pointer-analysis/benchmarks/postgresql-9.5.2/pg_upgrade.bc>:PQescapeStringInternal:%47
</home/yz489/egg-smol-benchmark-pointer-analysis/benchmarks/postgresql-9.5.2/pg_upgrade.bc>:PQescapeStringInternal:%sub.ptr.rhs.cast	</home/yz489/egg-smol-benchmark-pointer-analysis/benchmarks/postgresql-9.5.2/pg_upgrade.bc>:PQescapeStringInternal:%42
</home/yz489/egg-smol-benchmark-pointer-analysis/benchmarks/postgresql-9.5.2/pg_upgrade.bc>:PQescapeStringInternal:%sub.ptr.lhs.cast	</home/yz489/egg-smol-benchmark-pointer-analysis/benchmarks/postgresql-9.5.2/pg_upgrade.bc>:PQescapeStringInternal:%41
</home/yz489/egg-smol-benchmark-pointer-analysis/benchmarks/postgresql-9.5.2/pg_upgrade.bc>:PQescapeStringInternal:%8	</home/yz489/egg-smol-benchmark-pointer-analysis/benchmarks/postgresql-9.5.2/pg_upgrade.bc>:PQescapeStringInternal:41:0:false
</home/yz489/egg-smol-benchmark-pointer-analysis/benchmarks/postgresql-9.5.2/pg_upgrade.bc>:PQescapeStringInternal:%8	</home/yz489/egg-smol-benchmark-pointer-analysis/benchmarks/postgresql-9.5.2/pg_upgrade.bc>:PQescapeStringInternal:%cmp1
</home/yz489/egg-smol-benchmark-pointer-analysis/benchmarks/postgresql-9.5.2/pg_upgrade.bc>:pg_encoding_mblen:%cond	</home/yz489/egg-smol-benchmark-pointer-analysis/benchmarks/postgresql-9.5.2/pg_upgrade.bc>:pg_encoding_mblen:%call
</home/yz489/egg-smol-benchmark-pointer-analysis/benchmarks/postgresql-9.5.2/pg_upgrade.bc>:pg_encoding_mblen:%cond	</home/yz489/egg-smol-benchmark-pointer-analysis/benchmarks/postgresql-9.5.2/pg_upgrade.bc>:pg_encoding_mblen:%call2
</home/yz489/egg-smol-benchmark-pointer-analysis/benchmarks/postgresql-9.5.2/pg_upgrade.bc>:pg_encoding_dsplen:%cond	</home/yz489/egg-smol-benchmark-pointer-analysis/benchmarks/postgresql-9.5.2/pg_upgrade.bc>:pg_encoding_dsplen:%call
</home/yz489/egg-smol-benchmark-pointer-analysis/benchmarks/postgresql-9.5.2/pg_upgrade.bc>:pg_encoding_dsplen:%cond	</home/yz489/egg-smol-benchmark-pointer-analysis/benchmarks/postgresql-9.5.2/pg_upgrade.bc>:pg_encoding_dsplen:%call2
</home/yz489/egg-smol-benchmark-pointer-analysis/benchmarks/postgresql-9.5.2/pg_upgrade.bc>:ucs_wcwidth:%26	</home/yz489/egg-smol-benchmark-pointer-analysis/benchmarks/postgresql-9.5.2/pg_upgrade.bc>:ucs_wcwidth:87:0:false
</home/yz489/egg-smol-benchmark-pointer-analysis/benchmarks/postgresql-9.5.2/pg_upgrade.bc>:ucs_wcwidth:%26	</home/yz489/egg-smol-benchmark-pointer-analysis/benchmarks/postgresql-9.5.2/pg_upgrade.bc>:ucs_wcwidth:%25
</home/yz489/egg-smol-benchmark-pointer-analysis/benchmarks/postgresql-9.5.2/pg_upgrade.bc>:pqSaveMessageField:%2	</home/yz489/egg-smol-benchmark-pointer-analysis/benchmarks/postgresql-9.5.2/pg_upgrade.bc>:pqSaveMessageField:%call2
</home/yz489/egg-smol-benchmark-pointer-analysis/benchmarks/postgresql-9.5.2/pg_upgrade.bc>:pqGetErrorNotice2:%33	</home/yz489/egg-smol-benchmark-pointer-analysis/benchmarks/postgresql-9.5.2/pg_upgrade.bc>:pqGetErrorNotice2:115:0:false
</home/yz489/egg-smol-benchmark-pointer-analysis/benchmarks/postgresql-9.5.2/pg_upgrade.bc>:pqGetErrorNotice2:%33	</home/yz489/egg-smol-benchmark-pointer-analysis/benchmarks/postgresql-9.5.2/pg_upgrade.bc>:pqGetErrorNotice2:%tobool34
</home/yz489/egg-smol-benchmark-pointer-analysis/benchmarks/postgresql-9.5.2/pg_upgrade.bc>:pqGetErrorNotice2:%12	</home/yz489/egg-smol-benchmark-pointer-analysis/benchmarks/postgresql-9.5.2/pg_upgrade.bc>:pqGetErrorNotice2:52:0:false
</home/yz489/egg-smol-benchmark-pointer-analysis/benchmarks/postgresql-9.5.2/pg_upgrade.bc>:pqGetErrorNotice2:%12	</home/yz489/egg-smol-benchmark-pointer-analysis/benchmarks/postgresql-9.5.2/pg_upgrade.bc>:pqGetErrorNotice2:%cmp11
</home/yz489/egg-smol-benchmark-pointer-analysis/benchmarks/postgresql-9.5.2/pg_upgrade.bc>:pqGetErrorNotice2:%cond	</home/yz489/egg-smol-benchmark-pointer-analysis/benchmarks/postgresql-9.5.2/pg_upgrade.bc>:pqGetErrorNotice2:25:0:7
</home/yz489/egg-smol-benchmark-pointer-analysis/benchmarks/postgresql-9.5.2/pg_upgrade.bc>:pqGetErrorNotice2:%cond	</home/yz489/egg-smol-benchmark-pointer-analysis/benchmarks/postgresql-9.5.2/pg_upgrade.bc>:pqGetErrorNotice2:25:1:6
</home/yz489/egg-smol-benchmark-pointer-analysis/benchmarks/postgresql-9.5.2/pg_upgrade.bc>:getNotify:%9	</home/yz489/egg-smol-benchmark-pointer-analysis/benchmarks/postgresql-9.5.2/pg_upgrade.bc>:getNotify:%8
</home/yz489/egg-smol-benchmark-pointer-analysis/benchmarks/postgresql-9.5.2/pg_upgrade.bc>:getNotify:%6	</home/yz489/egg-smol-benchmark-pointer-analysis/benchmarks/postgresql-9.5.2/pg_upgrade.bc>:getNotify:%call9
</home/yz489/egg-smol-benchmark-pointer-analysis/benchmarks/postgresql-9.5.2/pg_upgrade.bc>:pqGets_internal:%11	</home/yz489/egg-smol-benchmark-pointer-analysis/benchmarks/postgresql-9.5.2/pg_upgrade.bc>:pqGets_internal:36:0:false
</home/yz489/egg-smol-benchmark-pointer-analysis/benchmarks/postgresql-9.5.2/pg_upgrade.bc>:pqGets_internal:%11	</home/yz489/egg-smol-benchmark-pointer-analysis/benchmarks/postgresql-9.5.2/pg_upgrade.bc>:pqGets_internal:%tobool
</home/yz489/egg-smol-benchmark-pointer-analysis/benchmarks/postgresql-9.5.2/pg_upgrade.bc>:getNotify.395:%17	</home/yz489/egg-smol-benchmark-pointer-analysis/benchmarks/postgresql-9.5.2/pg_upgrade.bc>:getNotify.395:%16
</home/yz489/egg-smol-benchmark-pointer-analysis/benchmarks/postgresql-9.5.2/pg_upgrade.bc>:getNotify.395:%14	</home/yz489/egg-smol-benchmark-pointer-analysis/benchmarks/postgresql-9.5.2/pg_upgrade.bc>:getNotify.395:%call24
</home/yz489/egg-smol-benchmark-pointer-analysis/benchmarks/postgresql-9.5.2/pg_upgrade.bc>:pqSocketCheck:%11	</home/yz489/egg-smol-benchmark-pointer-analysis/benchmarks/postgresql-9.5.2/pg_upgrade.bc>:pqSocketCheck:43:0:false
</home/yz489/egg-smol-benchmark-pointer-analysis/benchmarks/postgresql-9.5.2/pg_upgrade.bc>:pqSocketCheck:%11	</home/yz489/egg-smol-benchmark-pointer-analysis/benchmarks/postgresql-9.5.2/pg_upgrade.bc>:pqSocketCheck:%cmp6
</home/yz489/egg-smol-benchmark-pointer-analysis/benchmarks/postgresql-9.5.2/pg_upgrade.bc>:getRowDescriptions:%27	</home/yz489/egg-smol-benchmark-pointer-analysis/benchmarks/postgresql-9.5.2/pg_upgrade.bc>:getRowDescriptions:%add.ptr
</home/yz489/egg-smol-benchmark-pointer-analysis/benchmarks/postgresql-9.5.2/pg_upgrade.bc>:getRowDescriptions:%25	</home/yz489/egg-smol-benchmark-pointer-analysis/benchmarks/postgresql-9.5.2/pg_upgrade.bc>:getRowDescriptions:%24
</home/yz489/egg-smol-benchmark-pointer-analysis/benchmarks/postgresql-9.5.2/pg_upgrade.bc>:getRowDescriptions:%23	</home/yz489/egg-smol-benchmark-pointer-analysis/benchmarks/postgresql-9.5.2/pg_upgrade.bc>:getRowDescriptions:%22
</home/yz489/egg-smol-benchmark-pointer-analysis/benchmarks/postgresql-9.5.2/pg_upgrade.bc>:getRowDescriptions:%18	</home/yz489/egg-smol-benchmark-pointer-analysis/benchmarks/postgresql-9.5.2/pg_upgrade.bc>:getRowDescriptions:%17
</home/yz489/egg-smol-benchmark-pointer-analysis/benchmarks/postgresql-9.5.2/pg_upgrade.bc>:getRowDescriptions:%15	</home/yz489/egg-smol-benchmark-pointer-analysis/benchmarks/postgresql-9.5.2/pg_upgrade.bc>:getRowDescriptions:%14
</home/yz489/egg-smol-benchmark-pointer-analysis/benchmarks/postgresql-9.5.2/pg_upgrade.bc>:getRowDescriptions:%9	</home/yz489/egg-smol-benchmark-pointer-analysis/benchmarks/postgresql-9.5.2/pg_upgrade.bc>:getRowDescriptions:%call7
</home/yz489/egg-smol-benchmark-pointer-analysis/benchmarks/postgresql-9.5.2/pg_upgrade.bc>:getAnotherTuple:%12	</home/yz489/egg-smol-benchmark-pointer-analysis/benchmarks/postgresql-9.5.2/pg_upgrade.bc>:getAnotherTuple:%call
</home/yz489/egg-smol-benchmark-pointer-analysis/benchmarks/postgresql-9.5.2/pg_upgrade.bc>:getAnotherTuple:%10	</home/yz489/egg-smol-benchmark-pointer-analysis/benchmarks/postgresql-9.5.2/pg_upgrade.bc>:getAnotherTuple:%9
</home/yz489/egg-smol-benchmark-pointer-analysis/benchmarks/postgresql-9.5.2/pg_upgrade.bc>:pqRowProcessor:%12	</home/yz489/egg-smol-benchmark-pointer-analysis/benchmarks/postgresql-9.5.2/pg_upgrade.bc>:pqRowProcessor:%call4
</home/yz489/egg-smol-benchmark-pointer-analysis/benchmarks/postgresql-9.5.2/pg_upgrade.bc>:getRowDescriptions.398:%cond	</home/yz489/egg-smol-benchmark-pointer-analysis/benchmarks/postgresql-9.5.2/pg_upgrade.bc>:getRowDescriptions.398:136:0:1
</home/yz489/egg-smol-benchmark-pointer-analysis/benchmarks/postgresql-9.5.2/pg_upgrade.bc>:getRowDescriptions.398:%cond	</home/yz489/egg-smol-benchmark-pointer-analysis/benchmarks/postgresql-9.5.2/pg_upgrade.bc>:getRowDescriptions.398:136:1:0
</home/yz489/egg-smol-benchmark-pointer-analysis/benchmarks/postgresql-9.5.2/pg_upgrade.bc>:getRowDescriptions.398:%34	</home/yz489/egg-smol-benchmark-pointer-analysis/benchmarks/postgresql-9.5.2/pg_upgrade.bc>:getRowDescriptions.398:%add.ptr
</home/yz489/egg-smol-benchmark-pointer-analysis/benchmarks/postgresql-9.5.2/pg_upgrade.bc>:getRowDescriptions.398:%32	</home/yz489/egg-smol-benchmark-pointer-analysis/benchmarks/postgresql-9.5.2/pg_upgrade.bc>:getRowDescriptions.398:%31
</home/yz489/egg-smol-benchmark-pointer-analysis/benchmarks/postgresql-9.5.2/pg_upgrade.bc>:getRowDescriptions.398:%30	</home/yz489/egg-smol-benchmark-pointer-analysis/benchmarks/postgresql-9.5.2/pg_upgrade.bc>:getRowDescriptions.398:%29
</home/yz489/egg-smol-benchmark-pointer-analysis/benchmarks/postgresql-9.5.2/pg_upgrade.bc>:getRowDescriptions.398:%22	</home/yz489/egg-smol-benchmark-pointer-analysis/benchmarks/postgresql-9.5.2/pg_upgrade.bc>:getRowDescriptions.398:%21
</home/yz489/egg-smol-benchmark-pointer-analysis/benchmarks/postgresql-9.5.2/pg_upgrade.bc>:getRowDescriptions.398:%16	</home/yz489/egg-smol-benchmark-pointer-analysis/benchmarks/postgresql-9.5.2/pg_upgrade.bc>:getRowDescriptions.398:%call17
</home/yz489/egg-smol-benchmark-pointer-analysis/benchmarks/postgresql-9.5.2/pg_upgrade.bc>:getRowDescriptions.398:%25	</home/yz489/egg-smol-benchmark-pointer-analysis/benchmarks/postgresql-9.5.2/pg_upgrade.bc>:getRowDescriptions.398:%24
</home/yz489/egg-smol-benchmark-pointer-analysis/benchmarks/postgresql-9.5.2/pg_upgrade.bc>:getParamDescriptions:%27	</home/yz489/egg-smol-benchmark-pointer-analysis/benchmarks/postgresql-9.5.2/pg_upgrade.bc>:getParamDescriptions:%add.ptr
</home/yz489/egg-smol-benchmark-pointer-analysis/benchmarks/postgresql-9.5.2/pg_upgrade.bc>:getParamDescriptions:%25	</home/yz489/egg-smol-benchmark-pointer-analysis/benchmarks/postgresql-9.5.2/pg_upgrade.bc>:getParamDescriptions:%24
</home/yz489/egg-smol-benchmark-pointer-analysis/benchmarks/postgresql-9.5.2/pg_upgrade.bc>:getParamDescriptions:%23	</home/yz489/egg-smol-benchmark-pointer-analysis/benchmarks/postgresql-9.5.2/pg_upgrade.bc>:getParamDescriptions:%22
</home/yz489/egg-smol-benchmark-pointer-analysis/benchmarks/postgresql-9.5.2/pg_upgrade.bc>:getParamDescriptions:%18	</home/yz489/egg-smol-benchmark-pointer-analysis/benchmarks/postgresql-9.5.2/pg_upgrade.bc>:getParamDescriptions:%17
</home/yz489/egg-smol-benchmark-pointer-analysis/benchmarks/postgresql-9.5.2/pg_upgrade.bc>:getParamDescriptions:%15	</home/yz489/egg-smol-benchmark-pointer-analysis/benchmarks/postgresql-9.5.2/pg_upgrade.bc>:getParamDescriptions:%14
</home/yz489/egg-smol-benchmark-pointer-analysis/benchmarks/postgresql-9.5.2/pg_upgrade.bc>:getParamDescriptions:%9	</home/yz489/egg-smol-benchmark-pointer-analysis/benchmarks/postgresql-9.5.2/pg_upgrade.bc>:getParamDescriptions:%call7
</home/yz489/egg-smol-benchmark-pointer-analysis/benchmarks/postgresql-9.5.2/pg_upgrade.bc>:getAnotherTuple.399:%15	</home/yz489/egg-smol-benchmark-pointer-analysis/benchmarks/postgresql-9.5.2/pg_upgrade.bc>:getAnotherTuple.399:%call6
</home/yz489/egg-smol-benchmark-pointer-analysis/benchmarks/postgresql-9.5.2/pg_upgrade.bc>:getAnotherTuple.399:%13	</home/yz489/egg-smol-benchmark-pointer-analysis/benchmarks/postgresql-9.5.2/pg_upgrade.bc>:getAnotherTuple.399:%12
</home/yz489/egg-smol-benchmark-pointer-analysis/benchmarks/postgresql-9.5.2/pg_upgrade.bc>:getCopyStart:%33	</home/yz489/egg-smol-benchmark-pointer-analysis/benchmarks/postgresql-9.5.2/pg_upgrade.bc>:getCopyStart:%add.ptr
</home/yz489/egg-smol-benchmark-pointer-analysis/benchmarks/postgresql-9.5.2/pg_upgrade.bc>:getCopyStart:%31	</home/yz489/egg-smol-benchmark-pointer-analysis/benchmarks/postgresql-9.5.2/pg_upgrade.bc>:getCopyStart:%30
</home/yz489/egg-smol-benchmark-pointer-analysis/benchmarks/postgresql-9.5.2/pg_upgrade.bc>:getCopyStart:%29	</home/yz489/egg-smol-benchmark-pointer-analysis/benchmarks/postgresql-9.5.2/pg_upgrade.bc>:getCopyStart:%28
</home/yz489/egg-smol-benchmark-pointer-analysis/benchmarks/postgresql-9.5.2/pg_upgrade.bc>:getCopyStart:%24	</home/yz489/egg-smol-benchmark-pointer-analysis/benchmarks/postgresql-9.5.2/pg_upgrade.bc>:getCopyStart:%23
</home/yz489/egg-smol-benchmark-pointer-analysis/benchmarks/postgresql-9.5.2/pg_upgrade.bc>:getCopyStart:%21	</home/yz489/egg-smol-benchmark-pointer-analysis/benchmarks/postgresql-9.5.2/pg_upgrade.bc>:getCopyStart:%20
</home/yz489/egg-smol-benchmark-pointer-analysis/benchmarks/postgresql-9.5.2/pg_upgrade.bc>:getCopyStart:%15	</home/yz489/egg-smol-benchmark-pointer-analysis/benchmarks/postgresql-9.5.2/pg_upgrade.bc>:getCopyStart:%call14
</home/yz489/egg-smol-benchmark-pointer-analysis/benchmarks/postgresql-9.5.2/pg_upgrade.bc>:conninfo_uri_parse_options:%126	</home/yz489/egg-smol-benchmark-pointer-analysis/benchmarks/postgresql-9.5.2/pg_upgrade.bc>:conninfo_uri_parse_options:354:0:false
</home/yz489/egg-smol-benchmark-pointer-analysis/benchmarks/postgresql-9.5.2/pg_upgrade.bc>:conninfo_uri_parse_options:%126	</home/yz489/egg-smol-benchmark-pointer-analysis/benchmarks/postgresql-9.5.2/pg_upgrade.bc>:conninfo_uri_parse_options:%cmp168
</home/yz489/egg-smol-benchmark-pointer-analysis/benchmarks/postgresql-9.5.2/pg_upgrade.bc>:conninfo_uri_parse_options:%109	</home/yz489/egg-smol-benchmark-pointer-analysis/benchmarks/postgresql-9.5.2/pg_upgrade.bc>:conninfo_uri_parse_options:307:0:false
</home/yz489/egg-smol-benchmark-pointer-analysis/benchmarks/postgresql-9.5.2/pg_upgrade.bc>:conninfo_uri_parse_options:%109	</home/yz489/egg-smol-benchmark-pointer-analysis/benchmarks/postgresql-9.5.2/pg_upgrade.bc>:conninfo_uri_parse_options:307:1:false
</home/yz489/egg-smol-benchmark-pointer-analysis/benchmarks/postgresql-9.5.2/pg_upgrade.bc>:conninfo_uri_parse_options:%109	</home/yz489/egg-smol-benchmark-pointer-analysis/benchmarks/postgresql-9.5.2/pg_upgrade.bc>:conninfo_uri_parse_options:%cmp141
</home/yz489/egg-smol-benchmark-pointer-analysis/benchmarks/postgresql-9.5.2/pg_upgrade.bc>:conninfo_uri_parse_options:%91	</home/yz489/egg-smol-benchmark-pointer-analysis/benchmarks/postgresql-9.5.2/pg_upgrade.bc>:conninfo_uri_parse_options:259:0:false
</home/yz489/egg-smol-benchmark-pointer-analysis/benchmarks/postgresql-9.5.2/pg_upgrade.bc>:conninfo_uri_parse_options:%91	</home/yz489/egg-smol-benchmark-pointer-analysis/benchmarks/postgresql-9.5.2/pg_upgrade.bc>:conninfo_uri_parse_options:259:1:false
</home/yz489/egg-smol-benchmark-pointer-analysis/benchmarks/postgresql-9.5.2/pg_upgrade.bc>:conninfo_uri_parse_options:%91	</home/yz489/egg-smol-benchmark-pointer-analysis/benchmarks/postgresql-9.5.2/pg_upgrade.bc>:conninfo_uri_parse_options:259:2:false
</home/yz489/egg-smol-benchmark-pointer-analysis/benchmarks/postgresql-9.5.2/pg_upgrade.bc>:conninfo_uri_parse_options:%91	</home/yz489/egg-smol-benchmark-pointer-analysis/benchmarks/postgresql-9.5.2/pg_upgrade.bc>:conninfo_uri_parse_options:%cmp113
</home/yz489/egg-smol-benchmark-pointer-analysis/benchmarks/postgresql-9.5.2/pg_upgrade.bc>:conninfo_uri_parse_options:%sub.ptr.rhs.cast	</home/yz489/egg-smol-benchmark-pointer-analysis/benchmarks/postgresql-9.5.2/pg_upgrade.bc>:conninfo_uri_parse_options:%80
</home/yz489/egg-smol-benchmark-pointer-analysis/benchmarks/postgresql-9.5.2/pg_upgrade.bc>:conninfo_uri_parse_options:%sub.ptr.lhs.cast	</home/yz489/egg-smol-benchmark-pointer-analysis/benchmarks/postgresql-9.5.2/pg_upgrade.bc>:conninfo_uri_parse_options:%79
</home/yz489/egg-smol-benchmark-pointer-analysis/benchmarks/postgresql-9.5.2/pg_upgrade.bc>:conninfo_uri_parse_options:%57	</home/yz489/egg-smol-benchmark-pointer-analysis/benchmarks/postgresql-9.5.2/pg_upgrade.bc>:conninfo_uri_parse_options:175:0:false
</home/yz489/egg-smol-benchmark-pointer-analysis/benchmarks/postgresql-9.5.2/pg_upgrade.bc>:conninfo_uri_parse_options:%57	</home/yz489/egg-smol-benchmark-pointer-analysis/benchmarks/postgresql-9.5.2/pg_upgrade.bc>:conninfo_uri_parse_options:%cmp67
</home/yz489/egg-smol-benchmark-pointer-analysis/benchmarks/postgresql-9.5.2/pg_upgrade.bc>:conninfo_uri_parse_options:%27	</home/yz489/egg-smol-benchmark-pointer-analysis/benchmarks/postgresql-9.5.2/pg_upgrade.bc>:conninfo_uri_parse_options:93:0:false
</home/yz489/egg-smol-benchmark-pointer-analysis/benchmarks/postgresql-9.5.2/pg_upgrade.bc>:conninfo_uri_parse_options:%27	</home/yz489/egg-smol-benchmark-pointer-analysis/benchmarks/postgresql-9.5.2/pg_upgrade.bc>:conninfo_uri_parse_options:%cmp22
</home/yz489/egg-smol-benchmark-pointer-analysis/benchmarks/postgresql-9.5.2/pg_upgrade.bc>:conninfo_uri_parse_options:%17	</home/yz489/egg-smol-benchmark-pointer-analysis/benchmarks/postgresql-9.5.2/pg_upgrade.bc>:conninfo_uri_parse_options:67:0:false
</home/yz489/egg-smol-benchmark-pointer-analysis/benchmarks/postgresql-9.5.2/pg_upgrade.bc>:conninfo_uri_parse_options:%17	</home/yz489/egg-smol-benchmark-pointer-analysis/benchmarks/postgresql-9.5.2/pg_upgrade.bc>:conninfo_uri_parse_options:67:1:false
</home/yz489/egg-smol-benchmark-pointer-analysis/benchmarks/postgresql-9.5.2/pg_upgrade.bc>:conninfo_uri_parse_options:%17	</home/yz489/egg-smol-benchmark-pointer-analysis/benchmarks/postgresql-9.5.2/pg_upgrade.bc>:conninfo_uri_parse_options:%cmp10
</home/yz489/egg-smol-benchmark-pointer-analysis/benchmarks/postgresql-9.5.2/pg_upgrade.bc>:reportErrorPosition:%151	</home/yz489/egg-smol-benchmark-pointer-analysis/benchmarks/postgresql-9.5.2/pg_upgrade.bc>:reportErrorPosition:%150
</home/yz489/egg-smol-benchmark-pointer-analysis/benchmarks/postgresql-9.5.2/pg_upgrade.bc>:reportErrorPosition:%149	</home/yz489/egg-smol-benchmark-pointer-analysis/benchmarks/postgresql-9.5.2/pg_upgrade.bc>:reportErrorPosition:%148
</home/yz489/egg-smol-benchmark-pointer-analysis/benchmarks/postgresql-9.5.2/pg_upgrade.bc>:reportErrorPosition:%13	</home/yz489/egg-smol-benchmark-pointer-analysis/benchmarks/postgresql-9.5.2/pg_upgrade.bc>:reportErrorPosition:%12
</home/yz489/egg-smol-benchmark-pointer-analysis/benchmarks/postgresql-9.5.2/pg_upgrade.bc>:reportErrorPosition:%10	</home/yz489/egg-smol-benchmark-pointer-analysis/benchmarks/postgresql-9.5.2/pg_upgrade.bc>:reportErrorPosition:%call13
</home/yz489/egg-smol-benchmark-pointer-analysis/benchmarks/postgresql-9.5.2/pg_upgrade.bc>:reportErrorPosition:%6	</home/yz489/egg-smol-benchmark-pointer-analysis/benchmarks/postgresql-9.5.2/pg_upgrade.bc>:reportErrorPosition:%call6
</home/yz489/egg-smol-benchmark-pointer-analysis/benchmarks/postgresql-9.5.2/pg_upgrade.bc>:build_startup_packet:%cond	</home/yz489/egg-smol-benchmark-pointer-analysis/benchmarks/postgresql-9.5.2/pg_upgrade.bc>:build_startup_packet:%80
</home/yz489/egg-smol-benchmark-pointer-analysis/benchmarks/postgresql-9.5.2/pg_upgrade.bc>:build_startup_packet:%cond	</home/yz489/egg-smol-benchmark-pointer-analysis/benchmarks/postgresql-9.5.2/pg_upgrade.bc>:build_startup_packet:%82
</home/yz489/egg-smol-benchmark-pointer-analysis/benchmarks/postgresql-9.5.2/pg_upgrade.bc>:build_startup_packet:%5	</home/yz489/egg-smol-benchmark-pointer-analysis/benchmarks/postgresql-9.5.2/pg_upgrade.bc>:build_startup_packet:%pv
</home/yz489/egg-smol-benchmark-pointer-analysis/benchmarks/postgresql-9.5.2/pg_upgrade.bc>:pg_getnameinfo_all:%12	</home/yz489/egg-smol-benchmark-pointer-analysis/benchmarks/postgresql-9.5.2/pg_upgrade.bc>:pg_getnameinfo_all:%11
</home/yz489/egg-smol-benchmark-pointer-analysis/benchmarks/postgresql-9.5.2/pg_upgrade.bc>:pg_getnameinfo_all:%4	</home/yz489/egg-smol-benchmark-pointer-analysis/benchmarks/postgresql-9.5.2/pg_upgrade.bc>:pg_getnameinfo_all:%3
</home/yz489/egg-smol-benchmark-pointer-analysis/benchmarks/postgresql-9.5.2/pg_upgrade.bc>:inet_net_ntop_ipv4:%sub.ptr.rhs.cast	</home/yz489/egg-smol-benchmark-pointer-analysis/benchmarks/postgresql-9.5.2/pg_upgrade.bc>:inet_net_ntop_ipv4:%15
</home/yz489/egg-smol-benchmark-pointer-analysis/benchmarks/postgresql-9.5.2/pg_upgrade.bc>:inet_net_ntop_ipv4:%sub.ptr.lhs.cast	</home/yz489/egg-smol-benchmark-pointer-analysis/benchmarks/postgresql-9.5.2/pg_upgrade.bc>:inet_net_ntop_ipv4:%14
</home/yz489/egg-smol-benchmark-pointer-analysis/benchmarks/postgresql-9.5.2/pg_upgrade.bc>:inet_net_ntop_ipv6:%sub.ptr.rhs.cast175	</home/yz489/egg-smol-benchmark-pointer-analysis/benchmarks/postgresql-9.5.2/pg_upgrade.bc>:inet_net_ntop_ipv6:%arraydecay173
</home/yz489/egg-smol-benchmark-pointer-analysis/benchmarks/postgresql-9.5.2/pg_upgrade.bc>:inet_net_ntop_ipv6:%sub.ptr.lhs.cast174	</home/yz489/egg-smol-benchmark-pointer-analysis/benchmarks/postgresql-9.5.2/pg_upgrade.bc>:inet_net_ntop_ipv6:%72
</home/yz489/egg-smol-benchmark-pointer-analysis/benchmarks/postgresql-9.5.2/pg_upgrade.bc>:inet_net_ntop_ipv6:%sub.ptr.rhs.cast	</home/yz489/egg-smol-benchmark-pointer-analysis/benchmarks/postgresql-9.5.2/pg_upgrade.bc>:inet_net_ntop_ipv6:%arraydecay132
</home/yz489/egg-smol-benchmark-pointer-analysis/benchmarks/postgresql-9.5.2/pg_upgrade.bc>:inet_net_ntop_ipv6:%sub.ptr.lhs.cast	</home/yz489/egg-smol-benchmark-pointer-analysis/benchmarks/postgresql-9.5.2/pg_upgrade.bc>:inet_net_ntop_ipv6:%53
</home/yz489/egg-smol-benchmark-pointer-analysis/benchmarks/postgresql-9.5.2/pg_upgrade.bc>:inet_net_ntop_ipv6:%29	</home/yz489/egg-smol-benchmark-pointer-analysis/benchmarks/postgresql-9.5.2/pg_upgrade.bc>:inet_net_ntop_ipv6:%cur
</home/yz489/egg-smol-benchmark-pointer-analysis/benchmarks/postgresql-9.5.2/pg_upgrade.bc>:inet_net_ntop_ipv6:%22	</home/yz489/egg-smol-benchmark-pointer-analysis/benchmarks/postgresql-9.5.2/pg_upgrade.bc>:inet_net_ntop_ipv6:%cur
</home/yz489/egg-smol-benchmark-pointer-analysis/benchmarks/postgresql-9.5.2/pg_upgrade.bc>:inet_net_ntop_ipv6:%21	</home/yz489/egg-smol-benchmark-pointer-analysis/benchmarks/postgresql-9.5.2/pg_upgrade.bc>:inet_net_ntop_ipv6:%best
</home/yz489/egg-smol-benchmark-pointer-analysis/benchmarks/postgresql-9.5.2/pg_upgrade.bc>:inet_net_ntop_ipv6:%28	</home/yz489/egg-smol-benchmark-pointer-analysis/benchmarks/postgresql-9.5.2/pg_upgrade.bc>:inet_net_ntop_ipv6:%best
</home/yz489/egg-smol-benchmark-pointer-analysis/benchmarks/postgresql-9.5.2/pg_upgrade.bc>:inet_net_ntop_ipv6:%2	</home/yz489/egg-smol-benchmark-pointer-analysis/benchmarks/postgresql-9.5.2/pg_upgrade.bc>:inet_net_ntop_ipv6:%words
</home/yz489/egg-smol-benchmark-pointer-analysis/benchmarks/postgresql-9.5.2/pg_upgrade.bc>:decoct:%sub.ptr.rhs.cast9	</home/yz489/egg-smol-benchmark-pointer-analysis/benchmarks/postgresql-9.5.2/pg_upgrade.bc>:decoct:%18
</home/yz489/egg-smol-benchmark-pointer-analysis/benchmarks/postgresql-9.5.2/pg_upgrade.bc>:decoct:%sub.ptr.lhs.cast8	</home/yz489/egg-smol-benchmark-pointer-analysis/benchmarks/postgresql-9.5.2/pg_upgrade.bc>:decoct:%17
</home/yz489/egg-smol-benchmark-pointer-analysis/benchmarks/postgresql-9.5.2/pg_upgrade.bc>:decoct:%sub.ptr.rhs.cast	</home/yz489/egg-smol-benchmark-pointer-analysis/benchmarks/postgresql-9.5.2/pg_upgrade.bc>:decoct:%14
</home/yz489/egg-smol-benchmark-pointer-analysis/benchmarks/postgresql-9.5.2/pg_upgrade.bc>:decoct:%sub.ptr.lhs.cast	</home/yz489/egg-smol-benchmark-pointer-analysis/benchmarks/postgresql-9.5.2/pg_upgrade.bc>:decoct:%13
</home/yz489/egg-smol-benchmark-pointer-analysis/benchmarks/postgresql-9.5.2/pg_upgrade.bc>:parseServiceInfo:%cond	</home/yz489/egg-smol-benchmark-pointer-analysis/benchmarks/postgresql-9.5.2/pg_upgrade.bc>:parseServiceInfo:82:0:getelementptr inbounds ([21 x i8], [21 x i8]* @.str.96.745, i32 0, i32 0)
</home/yz489/egg-smol-benchmark-pointer-analysis/benchmarks/postgresql-9.5.2/pg_upgrade.bc>:parseServiceInfo:%cond	</home/yz489/egg-smol-benchmark-pointer-analysis/benchmarks/postgresql-9.5.2/pg_upgrade.bc>:parseServiceInfo:%call35
</home/yz489/egg-smol-benchmark-pointer-analysis/benchmarks/postgresql-9.5.2/pg_upgrade.bc>:conninfo_getval:%cond	</home/yz489/egg-smol-benchmark-pointer-analysis/benchmarks/postgresql-9.5.2/pg_upgrade.bc>:conninfo_getval:17:0:null
</home/yz489/egg-smol-benchmark-pointer-analysis/benchmarks/postgresql-9.5.2/pg_upgrade.bc>:conninfo_getval:%cond	</home/yz489/egg-smol-benchmark-pointer-analysis/benchmarks/postgresql-9.5.2/pg_upgrade.bc>:conninfo_getval:%4
</home/yz489/egg-smol-benchmark-pointer-analysis/benchmarks/postgresql-9.5.2/pg_upgrade.bc>:parseServiceFile:%23	</home/yz489/egg-smol-benchmark-pointer-analysis/benchmarks/postgresql-9.5.2/pg_upgrade.bc>:parseServiceFile:92:0:false
</home/yz489/egg-smol-benchmark-pointer-analysis/benchmarks/postgresql-9.5.2/pg_upgrade.bc>:parseServiceFile:%23	</home/yz489/egg-smol-benchmark-pointer-analysis/benchmarks/postgresql-9.5.2/pg_upgrade.bc>:parseServiceFile:%tobool25
</home/yz489/egg-smol-benchmark-pointer-analysis/benchmarks/postgresql-9.5.2/pg_upgrade.bc>:pg_getaddrinfo_all:%cond	</home/yz489/egg-smol-benchmark-pointer-analysis/benchmarks/postgresql-9.5.2/pg_upgrade.bc>:pg_getaddrinfo_all:35:0:null
</home/yz489/egg-smol-benchmark-pointer-analysis/benchmarks/postgresql-9.5.2/pg_upgrade.bc>:pg_getaddrinfo_all:%cond	</home/yz489/egg-smol-benchmark-pointer-analysis/benchmarks/postgresql-9.5.2/pg_upgrade.bc>:pg_getaddrinfo_all:%9
</home/yz489/egg-smol-benchmark-pointer-analysis/benchmarks/postgresql-9.5.2/pg_upgrade.bc>:getaddrinfo_unix:%44	</home/yz489/egg-smol-benchmark-pointer-analysis/benchmarks/postgresql-9.5.2/pg_upgrade.bc>:getaddrinfo_unix:%43
</home/yz489/egg-smol-benchmark-pointer-analysis/benchmarks/postgresql-9.5.2/pg_upgrade.bc>:getaddrinfo_unix:%32	</home/yz489/egg-smol-benchmark-pointer-analysis/benchmarks/postgresql-9.5.2/pg_upgrade.bc>:getaddrinfo_unix:%31
</home/yz489/egg-smol-benchmark-pointer-analysis/benchmarks/postgresql-9.5.2/pg_upgrade.bc>:getaddrinfo_unix:%29	</home/yz489/egg-smol-benchmark-pointer-analysis/benchmarks/postgresql-9.5.2/pg_upgrade.bc>:getaddrinfo_unix:%call28
</home/yz489/egg-smol-benchmark-pointer-analysis/benchmarks/postgresql-9.5.2/pg_upgrade.bc>:getaddrinfo_unix:%24	</home/yz489/egg-smol-benchmark-pointer-analysis/benchmarks/postgresql-9.5.2/pg_upgrade.bc>:getaddrinfo_unix:%23
</home/yz489/egg-smol-benchmark-pointer-analysis/benchmarks/postgresql-9.5.2/pg_upgrade.bc>:getaddrinfo_unix:%22	</home/yz489/egg-smol-benchmark-pointer-analysis/benchmarks/postgresql-9.5.2/pg_upgrade.bc>:getaddrinfo_unix:%hints
</home/yz489/egg-smol-benchmark-pointer-analysis/benchmarks/postgresql-9.5.2/pg_upgrade.bc>:getaddrinfo_unix:%27	</home/yz489/egg-smol-benchmark-pointer-analysis/benchmarks/postgresql-9.5.2/pg_upgrade.bc>:getaddrinfo_unix:%call24
</home/yz489/egg-smol-benchmark-pointer-analysis/benchmarks/postgresql-9.5.2/pg_upgrade.bc>:getaddrinfo_unix:%12	</home/yz489/egg-smol-benchmark-pointer-analysis/benchmarks/postgresql-9.5.2/pg_upgrade.bc>:getaddrinfo_unix:%add.ptr
</home/yz489/egg-smol-benchmark-pointer-analysis/benchmarks/postgresql-9.5.2/pg_upgrade.bc>:getaddrinfo_unix:%10	</home/yz489/egg-smol-benchmark-pointer-analysis/benchmarks/postgresql-9.5.2/pg_upgrade.bc>:getaddrinfo_unix:%9
</home/yz489/egg-smol-benchmark-pointer-analysis/benchmarks/postgresql-9.5.2/pg_upgrade.bc>:getaddrinfo_unix:%8	</home/yz489/egg-smol-benchmark-pointer-analysis/benchmarks/postgresql-9.5.2/pg_upgrade.bc>:getaddrinfo_unix:%7
</home/yz489/egg-smol-benchmark-pointer-analysis/benchmarks/postgresql-9.5.2/pg_upgrade.bc>:getaddrinfo_unix:%3	</home/yz489/egg-smol-benchmark-pointer-analysis/benchmarks/postgresql-9.5.2/pg_upgrade.bc>:getaddrinfo_unix:%2
</home/yz489/egg-smol-benchmark-pointer-analysis/benchmarks/postgresql-9.5.2/pg_upgrade.bc>:getaddrinfo_unix:%1	</home/yz489/egg-smol-benchmark-pointer-analysis/benchmarks/postgresql-9.5.2/pg_upgrade.bc>:getaddrinfo_unix:%hints
</home/yz489/egg-smol-benchmark-pointer-analysis/benchmarks/postgresql-9.5.2/pg_upgrade.bc>:PasswordFromFile:%38	</home/yz489/egg-smol-benchmark-pointer-analysis/benchmarks/postgresql-9.5.2/pg_upgrade.bc>:PasswordFromFile:191:0:false
</home/yz489/egg-smol-benchmark-pointer-analysis/benchmarks/postgresql-9.5.2/pg_upgrade.bc>:PasswordFromFile:%38	</home/yz489/egg-smol-benchmark-pointer-analysis/benchmarks/postgresql-9.5.2/pg_upgrade.bc>:PasswordFromFile:%cmp106
</home/yz489/egg-smol-benchmark-pointer-analysis/benchmarks/postgresql-9.5.2/pg_upgrade.bc>:PasswordFromFile:%16	</home/yz489/egg-smol-benchmark-pointer-analysis/benchmarks/postgresql-9.5.2/pg_upgrade.bc>:PasswordFromFile:110:0:false
</home/yz489/egg-smol-benchmark-pointer-analysis/benchmarks/postgresql-9.5.2/pg_upgrade.bc>:PasswordFromFile:%16	</home/yz489/egg-smol-benchmark-pointer-analysis/benchmarks/postgresql-9.5.2/pg_upgrade.bc>:PasswordFromFile:%lnot
</home/yz489/egg-smol-benchmark-pointer-analysis/benchmarks/postgresql-9.5.2/pg_upgrade.bc>:createPaddedCopyWithLength:%cond	</home/yz489/egg-smol-benchmark-pointer-analysis/benchmarks/postgresql-9.5.2/pg_upgrade.bc>:createPaddedCopyWithLength:18:0:0
</home/yz489/egg-smol-benchmark-pointer-analysis/benchmarks/postgresql-9.5.2/pg_upgrade.bc>:createPaddedCopyWithLength:%cond	</home/yz489/egg-smol-benchmark-pointer-analysis/benchmarks/postgresql-9.5.2/pg_upgrade.bc>:createPaddedCopyWithLength:%2
