</home/yz489/egg-smol-benchmark-pointer-analysis/benchmarks/postgresql-9.5.2/pg_upgrade.bc>:output_check_banner	1
</home/yz489/egg-smol-benchmark-pointer-analysis/benchmarks/postgresql-9.5.2/pg_upgrade.bc>:check_and_dump_old_cluster	1
</home/yz489/egg-smol-benchmark-pointer-analysis/benchmarks/postgresql-9.5.2/pg_upgrade.bc>:check_new_cluster	0
</home/yz489/egg-smol-benchmark-pointer-analysis/benchmarks/postgresql-9.5.2/pg_upgrade.bc>:report_clusters_compatible	0
</home/yz489/egg-smol-benchmark-pointer-analysis/benchmarks/postgresql-9.5.2/pg_upgrade.bc>:issue_warnings	0
</home/yz489/egg-smol-benchmark-pointer-analysis/benchmarks/postgresql-9.5.2/pg_upgrade.bc>:output_completion_banner	2
</home/yz489/egg-smol-benchmark-pointer-analysis/benchmarks/postgresql-9.5.2/pg_upgrade.bc>:check_cluster_versions	0
</home/yz489/egg-smol-benchmark-pointer-analysis/benchmarks/postgresql-9.5.2/pg_upgrade.bc>:check_cluster_compatibility	1
</home/yz489/egg-smol-benchmark-pointer-analysis/benchmarks/postgresql-9.5.2/pg_upgrade.bc>:create_script_for_cluster_analyze	1
</home/yz489/egg-smol-benchmark-pointer-analysis/benchmarks/postgresql-9.5.2/pg_upgrade.bc>:create_script_for_old_cluster_deletion	1
</home/yz489/egg-smol-benchmark-pointer-analysis/benchmarks/postgresql-9.5.2/pg_upgrade.bc>:check_is_install_user	1
</home/yz489/egg-smol-benchmark-pointer-analysis/benchmarks/postgresql-9.5.2/pg_upgrade.bc>:check_proper_datallowconn	1
</home/yz489/egg-smol-benchmark-pointer-analysis/benchmarks/postgresql-9.5.2/pg_upgrade.bc>:check_for_prepared_transactions	1
</home/yz489/egg-smol-benchmark-pointer-analysis/benchmarks/postgresql-9.5.2/pg_upgrade.bc>:check_for_reg_data_type_usage	1
</home/yz489/egg-smol-benchmark-pointer-analysis/benchmarks/postgresql-9.5.2/pg_upgrade.bc>:check_for_isn_and_int8_passing_mismatch	1
</home/yz489/egg-smol-benchmark-pointer-analysis/benchmarks/postgresql-9.5.2/pg_upgrade.bc>:check_for_jsonb_9_4_usage	1
</home/yz489/egg-smol-benchmark-pointer-analysis/benchmarks/postgresql-9.5.2/pg_upgrade.bc>:check_new_cluster_is_empty	0
</home/yz489/egg-smol-benchmark-pointer-analysis/benchmarks/postgresql-9.5.2/pg_upgrade.bc>:check_databases_are_compatible	0
</home/yz489/egg-smol-benchmark-pointer-analysis/benchmarks/postgresql-9.5.2/pg_upgrade.bc>:get_bin_version	1
</home/yz489/egg-smol-benchmark-pointer-analysis/benchmarks/postgresql-9.5.2/pg_upgrade.bc>:fix_path_separator	1
</home/yz489/egg-smol-benchmark-pointer-analysis/benchmarks/postgresql-9.5.2/pg_upgrade.bc>:check_locale_and_encoding	2
</home/yz489/egg-smol-benchmark-pointer-analysis/benchmarks/postgresql-9.5.2/pg_upgrade.bc>:equivalent_locale	3
</home/yz489/egg-smol-benchmark-pointer-analysis/benchmarks/postgresql-9.5.2/pg_upgrade.bc>:get_canonical_locale_name	2
</home/yz489/egg-smol-benchmark-pointer-analysis/benchmarks/postgresql-9.5.2/pg_upgrade.bc>:get_control_data	2
</home/yz489/egg-smol-benchmark-pointer-analysis/benchmarks/postgresql-9.5.2/pg_upgrade.bc>:check_control_data	2
</home/yz489/egg-smol-benchmark-pointer-analysis/benchmarks/postgresql-9.5.2/pg_upgrade.bc>:disable_old_cluster	0
</home/yz489/egg-smol-benchmark-pointer-analysis/benchmarks/postgresql-9.5.2/pg_upgrade.bc>:generate_old_dump	0
</home/yz489/egg-smol-benchmark-pointer-analysis/benchmarks/postgresql-9.5.2/pg_upgrade.bc>:optionally_create_toast_tables	0
</home/yz489/egg-smol-benchmark-pointer-analysis/benchmarks/postgresql-9.5.2/pg_upgrade.bc>:exec_prog	4
</home/yz489/egg-smol-benchmark-pointer-analysis/benchmarks/postgresql-9.5.2/pg_upgrade.bc>:pid_lock_file_exists	1
</home/yz489/egg-smol-benchmark-pointer-analysis/benchmarks/postgresql-9.5.2/pg_upgrade.bc>:verify_directories	0
</home/yz489/egg-smol-benchmark-pointer-analysis/benchmarks/postgresql-9.5.2/pg_upgrade.bc>:check_bin_dir	1
</home/yz489/egg-smol-benchmark-pointer-analysis/benchmarks/postgresql-9.5.2/pg_upgrade.bc>:check_data_dir	1
</home/yz489/egg-smol-benchmark-pointer-analysis/benchmarks/postgresql-9.5.2/pg_upgrade.bc>:validate_exec	2
</home/yz489/egg-smol-benchmark-pointer-analysis/benchmarks/postgresql-9.5.2/pg_upgrade.bc>:copyAndUpdateFile	4
</home/yz489/egg-smol-benchmark-pointer-analysis/benchmarks/postgresql-9.5.2/pg_upgrade.bc>:linkAndUpdateFile	3
</home/yz489/egg-smol-benchmark-pointer-analysis/benchmarks/postgresql-9.5.2/pg_upgrade.bc>:check_hard_link	0
</home/yz489/egg-smol-benchmark-pointer-analysis/benchmarks/postgresql-9.5.2/pg_upgrade.bc>:fopen_priv	2
</home/yz489/egg-smol-benchmark-pointer-analysis/benchmarks/postgresql-9.5.2/pg_upgrade.bc>:copy_file	3
</home/yz489/egg-smol-benchmark-pointer-analysis/benchmarks/postgresql-9.5.2/pg_upgrade.bc>:get_loadable_libraries	0
</home/yz489/egg-smol-benchmark-pointer-analysis/benchmarks/postgresql-9.5.2/pg_upgrade.bc>:check_loadable_libraries	0
</home/yz489/egg-smol-benchmark-pointer-analysis/benchmarks/postgresql-9.5.2/pg_upgrade.bc>:gen_db_file_maps	5
</home/yz489/egg-smol-benchmark-pointer-analysis/benchmarks/postgresql-9.5.2/pg_upgrade.bc>:print_maps	3
</home/yz489/egg-smol-benchmark-pointer-analysis/benchmarks/postgresql-9.5.2/pg_upgrade.bc>:get_db_and_rel_infos	1
</home/yz489/egg-smol-benchmark-pointer-analysis/benchmarks/postgresql-9.5.2/pg_upgrade.bc>:create_rel_filename_map	7
</home/yz489/egg-smol-benchmark-pointer-analysis/benchmarks/postgresql-9.5.2/pg_upgrade.bc>:free_db_and_rel_infos	1
</home/yz489/egg-smol-benchmark-pointer-analysis/benchmarks/postgresql-9.5.2/pg_upgrade.bc>:get_db_infos	1
</home/yz489/egg-smol-benchmark-pointer-analysis/benchmarks/postgresql-9.5.2/pg_upgrade.bc>:get_rel_infos	2
</home/yz489/egg-smol-benchmark-pointer-analysis/benchmarks/postgresql-9.5.2/pg_upgrade.bc>:print_db_infos	1
</home/yz489/egg-smol-benchmark-pointer-analysis/benchmarks/postgresql-9.5.2/pg_upgrade.bc>:print_rel_infos	1
</home/yz489/egg-smol-benchmark-pointer-analysis/benchmarks/postgresql-9.5.2/pg_upgrade.bc>:free_rel_infos	1
</home/yz489/egg-smol-benchmark-pointer-analysis/benchmarks/postgresql-9.5.2/pg_upgrade.bc>:parseCommandLine	2
</home/yz489/egg-smol-benchmark-pointer-analysis/benchmarks/postgresql-9.5.2/pg_upgrade.bc>:adjust_data_dir	1
</home/yz489/egg-smol-benchmark-pointer-analysis/benchmarks/postgresql-9.5.2/pg_upgrade.bc>:get_sock_dir	2
</home/yz489/egg-smol-benchmark-pointer-analysis/benchmarks/postgresql-9.5.2/pg_upgrade.bc>:usage	0
</home/yz489/egg-smol-benchmark-pointer-analysis/benchmarks/postgresql-9.5.2/pg_upgrade.bc>:check_required_directory	5
</home/yz489/egg-smol-benchmark-pointer-analysis/benchmarks/postgresql-9.5.2/pg_upgrade.bc>:parallel_exec_prog	3
</home/yz489/egg-smol-benchmark-pointer-analysis/benchmarks/postgresql-9.5.2/pg_upgrade.bc>:reap_child	1
</home/yz489/egg-smol-benchmark-pointer-analysis/benchmarks/postgresql-9.5.2/pg_upgrade.bc>:parallel_transfer_all_new_dbs	5
</home/yz489/egg-smol-benchmark-pointer-analysis/benchmarks/postgresql-9.5.2/pg_upgrade.bc>:main	2
</home/yz489/egg-smol-benchmark-pointer-analysis/benchmarks/postgresql-9.5.2/pg_upgrade.bc>:setup	2
</home/yz489/egg-smol-benchmark-pointer-analysis/benchmarks/postgresql-9.5.2/pg_upgrade.bc>:prepare_new_cluster	0
</home/yz489/egg-smol-benchmark-pointer-analysis/benchmarks/postgresql-9.5.2/pg_upgrade.bc>:copy_clog_xlog_xid	0
</home/yz489/egg-smol-benchmark-pointer-analysis/benchmarks/postgresql-9.5.2/pg_upgrade.bc>:prepare_new_databases	0
</home/yz489/egg-smol-benchmark-pointer-analysis/benchmarks/postgresql-9.5.2/pg_upgrade.bc>:create_new_objects	0
</home/yz489/egg-smol-benchmark-pointer-analysis/benchmarks/postgresql-9.5.2/pg_upgrade.bc>:cleanup	0
</home/yz489/egg-smol-benchmark-pointer-analysis/benchmarks/postgresql-9.5.2/pg_upgrade.bc>:set_frozenxids	1
</home/yz489/egg-smol-benchmark-pointer-analysis/benchmarks/postgresql-9.5.2/pg_upgrade.bc>:copy_subdir_files	1
</home/yz489/egg-smol-benchmark-pointer-analysis/benchmarks/postgresql-9.5.2/pg_upgrade.bc>:remove_new_subdir	2
</home/yz489/egg-smol-benchmark-pointer-analysis/benchmarks/postgresql-9.5.2/pg_upgrade.bc>:transfer_all_new_tablespaces	4
</home/yz489/egg-smol-benchmark-pointer-analysis/benchmarks/postgresql-9.5.2/pg_upgrade.bc>:transfer_all_new_dbs	5
</home/yz489/egg-smol-benchmark-pointer-analysis/benchmarks/postgresql-9.5.2/pg_upgrade.bc>:get_pg_database_relfilenode	1
</home/yz489/egg-smol-benchmark-pointer-analysis/benchmarks/postgresql-9.5.2/pg_upgrade.bc>:transfer_single_new_db	4
</home/yz489/egg-smol-benchmark-pointer-analysis/benchmarks/postgresql-9.5.2/pg_upgrade.bc>:transfer_relfile	3
</home/yz489/egg-smol-benchmark-pointer-analysis/benchmarks/postgresql-9.5.2/pg_upgrade.bc>:connectToServer	2
</home/yz489/egg-smol-benchmark-pointer-analysis/benchmarks/postgresql-9.5.2/pg_upgrade.bc>:cluster_conn_opts	1
</home/yz489/egg-smol-benchmark-pointer-analysis/benchmarks/postgresql-9.5.2/pg_upgrade.bc>:executeQueryOrDie	2
</home/yz489/egg-smol-benchmark-pointer-analysis/benchmarks/postgresql-9.5.2/pg_upgrade.bc>:get_major_server_version	1
</home/yz489/egg-smol-benchmark-pointer-analysis/benchmarks/postgresql-9.5.2/pg_upgrade.bc>:start_postmaster	2
</home/yz489/egg-smol-benchmark-pointer-analysis/benchmarks/postgresql-9.5.2/pg_upgrade.bc>:stop_postmaster	1
</home/yz489/egg-smol-benchmark-pointer-analysis/benchmarks/postgresql-9.5.2/pg_upgrade.bc>:check_pghost_envvar	0
</home/yz489/egg-smol-benchmark-pointer-analysis/benchmarks/postgresql-9.5.2/pg_upgrade.bc>:get_db_conn	2
</home/yz489/egg-smol-benchmark-pointer-analysis/benchmarks/postgresql-9.5.2/pg_upgrade.bc>:stop_postmaster_atexit	0
</home/yz489/egg-smol-benchmark-pointer-analysis/benchmarks/postgresql-9.5.2/pg_upgrade.bc>:init_tablespaces	0
</home/yz489/egg-smol-benchmark-pointer-analysis/benchmarks/postgresql-9.5.2/pg_upgrade.bc>:get_tablespace_paths	0
</home/yz489/egg-smol-benchmark-pointer-analysis/benchmarks/postgresql-9.5.2/pg_upgrade.bc>:set_tablespace_directory_suffix	1
</home/yz489/egg-smol-benchmark-pointer-analysis/benchmarks/postgresql-9.5.2/pg_upgrade.bc>:report_status	2
</home/yz489/egg-smol-benchmark-pointer-analysis/benchmarks/postgresql-9.5.2/pg_upgrade.bc>:pg_log	2
</home/yz489/egg-smol-benchmark-pointer-analysis/benchmarks/postgresql-9.5.2/pg_upgrade.bc>:end_progress_output	0
</home/yz489/egg-smol-benchmark-pointer-analysis/benchmarks/postgresql-9.5.2/pg_upgrade.bc>:prep_status	1
</home/yz489/egg-smol-benchmark-pointer-analysis/benchmarks/postgresql-9.5.2/pg_upgrade.bc>:pg_fatal	1
</home/yz489/egg-smol-benchmark-pointer-analysis/benchmarks/postgresql-9.5.2/pg_upgrade.bc>:check_ok	0
</home/yz489/egg-smol-benchmark-pointer-analysis/benchmarks/postgresql-9.5.2/pg_upgrade.bc>:quote_identifier	1
</home/yz489/egg-smol-benchmark-pointer-analysis/benchmarks/postgresql-9.5.2/pg_upgrade.bc>:get_user_info	1
</home/yz489/egg-smol-benchmark-pointer-analysis/benchmarks/postgresql-9.5.2/pg_upgrade.bc>:getErrorText	0
</home/yz489/egg-smol-benchmark-pointer-analysis/benchmarks/postgresql-9.5.2/pg_upgrade.bc>:str2uint	1
</home/yz489/egg-smol-benchmark-pointer-analysis/benchmarks/postgresql-9.5.2/pg_upgrade.bc>:pg_putenv	2
</home/yz489/egg-smol-benchmark-pointer-analysis/benchmarks/postgresql-9.5.2/pg_upgrade.bc>:pg_log_v	3
</home/yz489/egg-smol-benchmark-pointer-analysis/benchmarks/postgresql-9.5.2/pg_upgrade.bc>:new_9_0_populate_pg_largeobject_metadata	2
</home/yz489/egg-smol-benchmark-pointer-analysis/benchmarks/postgresql-9.5.2/pg_upgrade.bc>:old_9_3_check_for_line_data_type_usage	1
</home/yz489/egg-smol-benchmark-pointer-analysis/benchmarks/postgresql-9.5.2/pg_upgrade.bc>:PQencryptPassword	2
</home/yz489/egg-smol-benchmark-pointer-analysis/benchmarks/postgresql-9.5.2/pg_upgrade.bc>:PQconnectdbParams	3
</home/yz489/egg-smol-benchmark-pointer-analysis/benchmarks/postgresql-9.5.2/pg_upgrade.bc>:PQconnectStartParams	3
</home/yz489/egg-smol-benchmark-pointer-analysis/benchmarks/postgresql-9.5.2/pg_upgrade.bc>:PQpingParams	3
</home/yz489/egg-smol-benchmark-pointer-analysis/benchmarks/postgresql-9.5.2/pg_upgrade.bc>:PQfinish	1
</home/yz489/egg-smol-benchmark-pointer-analysis/benchmarks/postgresql-9.5.2/pg_upgrade.bc>:PQconnectdb	1
</home/yz489/egg-smol-benchmark-pointer-analysis/benchmarks/postgresql-9.5.2/pg_upgrade.bc>:PQconnectStart	1
</home/yz489/egg-smol-benchmark-pointer-analysis/benchmarks/postgresql-9.5.2/pg_upgrade.bc>:PQping	1
</home/yz489/egg-smol-benchmark-pointer-analysis/benchmarks/postgresql-9.5.2/pg_upgrade.bc>:PQconninfoFree	1
</home/yz489/egg-smol-benchmark-pointer-analysis/benchmarks/postgresql-9.5.2/pg_upgrade.bc>:PQconndefaults	0
</home/yz489/egg-smol-benchmark-pointer-analysis/benchmarks/postgresql-9.5.2/pg_upgrade.bc>:PQsetdbLogin	7
</home/yz489/egg-smol-benchmark-pointer-analysis/benchmarks/postgresql-9.5.2/pg_upgrade.bc>:PQconnectPoll	1
</home/yz489/egg-smol-benchmark-pointer-analysis/benchmarks/postgresql-9.5.2/pg_upgrade.bc>:PQreset	1
</home/yz489/egg-smol-benchmark-pointer-analysis/benchmarks/postgresql-9.5.2/pg_upgrade.bc>:PQresetStart	1
</home/yz489/egg-smol-benchmark-pointer-analysis/benchmarks/postgresql-9.5.2/pg_upgrade.bc>:PQresetPoll	1
</home/yz489/egg-smol-benchmark-pointer-analysis/benchmarks/postgresql-9.5.2/pg_upgrade.bc>:PQgetCancel	1
</home/yz489/egg-smol-benchmark-pointer-analysis/benchmarks/postgresql-9.5.2/pg_upgrade.bc>:PQfreeCancel	1
</home/yz489/egg-smol-benchmark-pointer-analysis/benchmarks/postgresql-9.5.2/pg_upgrade.bc>:PQcancel	3
</home/yz489/egg-smol-benchmark-pointer-analysis/benchmarks/postgresql-9.5.2/pg_upgrade.bc>:PQrequestCancel	1
</home/yz489/egg-smol-benchmark-pointer-analysis/benchmarks/postgresql-9.5.2/pg_upgrade.bc>:PQconninfoParse	2
</home/yz489/egg-smol-benchmark-pointer-analysis/benchmarks/postgresql-9.5.2/pg_upgrade.bc>:PQconninfo	1
</home/yz489/egg-smol-benchmark-pointer-analysis/benchmarks/postgresql-9.5.2/pg_upgrade.bc>:PQdb	1
</home/yz489/egg-smol-benchmark-pointer-analysis/benchmarks/postgresql-9.5.2/pg_upgrade.bc>:PQuser	1
</home/yz489/egg-smol-benchmark-pointer-analysis/benchmarks/postgresql-9.5.2/pg_upgrade.bc>:PQpass	1
</home/yz489/egg-smol-benchmark-pointer-analysis/benchmarks/postgresql-9.5.2/pg_upgrade.bc>:PQhost	1
</home/yz489/egg-smol-benchmark-pointer-analysis/benchmarks/postgresql-9.5.2/pg_upgrade.bc>:PQport	1
</home/yz489/egg-smol-benchmark-pointer-analysis/benchmarks/postgresql-9.5.2/pg_upgrade.bc>:PQtty	1
</home/yz489/egg-smol-benchmark-pointer-analysis/benchmarks/postgresql-9.5.2/pg_upgrade.bc>:PQoptions	1
</home/yz489/egg-smol-benchmark-pointer-analysis/benchmarks/postgresql-9.5.2/pg_upgrade.bc>:PQstatus	1
</home/yz489/egg-smol-benchmark-pointer-analysis/benchmarks/postgresql-9.5.2/pg_upgrade.bc>:PQtransactionStatus	1
</home/yz489/egg-smol-benchmark-pointer-analysis/benchmarks/postgresql-9.5.2/pg_upgrade.bc>:PQparameterStatus	2
</home/yz489/egg-smol-benchmark-pointer-analysis/benchmarks/postgresql-9.5.2/pg_upgrade.bc>:PQprotocolVersion	1
</home/yz489/egg-smol-benchmark-pointer-analysis/benchmarks/postgresql-9.5.2/pg_upgrade.bc>:PQserverVersion	1
</home/yz489/egg-smol-benchmark-pointer-analysis/benchmarks/postgresql-9.5.2/pg_upgrade.bc>:PQerrorMessage	1
</home/yz489/egg-smol-benchmark-pointer-analysis/benchmarks/postgresql-9.5.2/pg_upgrade.bc>:PQsocket	1
</home/yz489/egg-smol-benchmark-pointer-analysis/benchmarks/postgresql-9.5.2/pg_upgrade.bc>:PQbackendPID	1
</home/yz489/egg-smol-benchmark-pointer-analysis/benchmarks/postgresql-9.5.2/pg_upgrade.bc>:PQconnectionNeedsPassword	1
</home/yz489/egg-smol-benchmark-pointer-analysis/benchmarks/postgresql-9.5.2/pg_upgrade.bc>:PQconnectionUsedPassword	1
</home/yz489/egg-smol-benchmark-pointer-analysis/benchmarks/postgresql-9.5.2/pg_upgrade.bc>:PQclientEncoding	1
</home/yz489/egg-smol-benchmark-pointer-analysis/benchmarks/postgresql-9.5.2/pg_upgrade.bc>:PQsetClientEncoding	2
</home/yz489/egg-smol-benchmark-pointer-analysis/benchmarks/postgresql-9.5.2/pg_upgrade.bc>:PQsetErrorVerbosity	2
</home/yz489/egg-smol-benchmark-pointer-analysis/benchmarks/postgresql-9.5.2/pg_upgrade.bc>:PQtrace	2
</home/yz489/egg-smol-benchmark-pointer-analysis/benchmarks/postgresql-9.5.2/pg_upgrade.bc>:PQuntrace	1
</home/yz489/egg-smol-benchmark-pointer-analysis/benchmarks/postgresql-9.5.2/pg_upgrade.bc>:PQsetNoticeReceiver	3
</home/yz489/egg-smol-benchmark-pointer-analysis/benchmarks/postgresql-9.5.2/pg_upgrade.bc>:PQsetNoticeProcessor	3
</home/yz489/egg-smol-benchmark-pointer-analysis/benchmarks/postgresql-9.5.2/pg_upgrade.bc>:PQregisterThreadLock	1
</home/yz489/egg-smol-benchmark-pointer-analysis/benchmarks/postgresql-9.5.2/pg_upgrade.bc>:PQmakeEmptyPGresult	2
</home/yz489/egg-smol-benchmark-pointer-analysis/benchmarks/postgresql-9.5.2/pg_upgrade.bc>:PQclear	1
</home/yz489/egg-smol-benchmark-pointer-analysis/benchmarks/postgresql-9.5.2/pg_upgrade.bc>:PQsetResultAttrs	3
</home/yz489/egg-smol-benchmark-pointer-analysis/benchmarks/postgresql-9.5.2/pg_upgrade.bc>:PQresultAlloc	2
</home/yz489/egg-smol-benchmark-pointer-analysis/benchmarks/postgresql-9.5.2/pg_upgrade.bc>:PQcopyResult	2
</home/yz489/egg-smol-benchmark-pointer-analysis/benchmarks/postgresql-9.5.2/pg_upgrade.bc>:PQsetvalue	5
</home/yz489/egg-smol-benchmark-pointer-analysis/benchmarks/postgresql-9.5.2/pg_upgrade.bc>:PQresultErrorMessage	1
</home/yz489/egg-smol-benchmark-pointer-analysis/benchmarks/postgresql-9.5.2/pg_upgrade.bc>:PQsendQuery	2
</home/yz489/egg-smol-benchmark-pointer-analysis/benchmarks/postgresql-9.5.2/pg_upgrade.bc>:PQsendQueryParams	8
</home/yz489/egg-smol-benchmark-pointer-analysis/benchmarks/postgresql-9.5.2/pg_upgrade.bc>:PQsendPrepare	5
</home/yz489/egg-smol-benchmark-pointer-analysis/benchmarks/postgresql-9.5.2/pg_upgrade.bc>:PQsendQueryPrepared	7
</home/yz489/egg-smol-benchmark-pointer-analysis/benchmarks/postgresql-9.5.2/pg_upgrade.bc>:PQsetSingleRowMode	1
</home/yz489/egg-smol-benchmark-pointer-analysis/benchmarks/postgresql-9.5.2/pg_upgrade.bc>:PQconsumeInput	1
</home/yz489/egg-smol-benchmark-pointer-analysis/benchmarks/postgresql-9.5.2/pg_upgrade.bc>:PQisBusy	1
</home/yz489/egg-smol-benchmark-pointer-analysis/benchmarks/postgresql-9.5.2/pg_upgrade.bc>:PQgetResult	1
</home/yz489/egg-smol-benchmark-pointer-analysis/benchmarks/postgresql-9.5.2/pg_upgrade.bc>:PQexec	2
</home/yz489/egg-smol-benchmark-pointer-analysis/benchmarks/postgresql-9.5.2/pg_upgrade.bc>:PQexecParams	8
</home/yz489/egg-smol-benchmark-pointer-analysis/benchmarks/postgresql-9.5.2/pg_upgrade.bc>:PQprepare	5
</home/yz489/egg-smol-benchmark-pointer-analysis/benchmarks/postgresql-9.5.2/pg_upgrade.bc>:PQexecPrepared	7
</home/yz489/egg-smol-benchmark-pointer-analysis/benchmarks/postgresql-9.5.2/pg_upgrade.bc>:PQdescribePrepared	2
</home/yz489/egg-smol-benchmark-pointer-analysis/benchmarks/postgresql-9.5.2/pg_upgrade.bc>:PQdescribePortal	2
</home/yz489/egg-smol-benchmark-pointer-analysis/benchmarks/postgresql-9.5.2/pg_upgrade.bc>:PQsendDescribePrepared	2
</home/yz489/egg-smol-benchmark-pointer-analysis/benchmarks/postgresql-9.5.2/pg_upgrade.bc>:PQsendDescribePortal	2
</home/yz489/egg-smol-benchmark-pointer-analysis/benchmarks/postgresql-9.5.2/pg_upgrade.bc>:PQnotifies	1
</home/yz489/egg-smol-benchmark-pointer-analysis/benchmarks/postgresql-9.5.2/pg_upgrade.bc>:PQputCopyData	3
</home/yz489/egg-smol-benchmark-pointer-analysis/benchmarks/postgresql-9.5.2/pg_upgrade.bc>:PQputCopyEnd	2
</home/yz489/egg-smol-benchmark-pointer-analysis/benchmarks/postgresql-9.5.2/pg_upgrade.bc>:PQgetCopyData	3
</home/yz489/egg-smol-benchmark-pointer-analysis/benchmarks/postgresql-9.5.2/pg_upgrade.bc>:PQgetline	3
</home/yz489/egg-smol-benchmark-pointer-analysis/benchmarks/postgresql-9.5.2/pg_upgrade.bc>:PQgetlineAsync	3
</home/yz489/egg-smol-benchmark-pointer-analysis/benchmarks/postgresql-9.5.2/pg_upgrade.bc>:PQputline	2
</home/yz489/egg-smol-benchmark-pointer-analysis/benchmarks/postgresql-9.5.2/pg_upgrade.bc>:PQputnbytes	3
</home/yz489/egg-smol-benchmark-pointer-analysis/benchmarks/postgresql-9.5.2/pg_upgrade.bc>:PQendcopy	1
</home/yz489/egg-smol-benchmark-pointer-analysis/benchmarks/postgresql-9.5.2/pg_upgrade.bc>:PQfn	7
</home/yz489/egg-smol-benchmark-pointer-analysis/benchmarks/postgresql-9.5.2/pg_upgrade.bc>:PQresultStatus	1
</home/yz489/egg-smol-benchmark-pointer-analysis/benchmarks/postgresql-9.5.2/pg_upgrade.bc>:PQresStatus	1
</home/yz489/egg-smol-benchmark-pointer-analysis/benchmarks/postgresql-9.5.2/pg_upgrade.bc>:PQresultErrorField	2
</home/yz489/egg-smol-benchmark-pointer-analysis/benchmarks/postgresql-9.5.2/pg_upgrade.bc>:PQntuples	1
</home/yz489/egg-smol-benchmark-pointer-analysis/benchmarks/postgresql-9.5.2/pg_upgrade.bc>:PQnfields	1
</home/yz489/egg-smol-benchmark-pointer-analysis/benchmarks/postgresql-9.5.2/pg_upgrade.bc>:PQbinaryTuples	1
</home/yz489/egg-smol-benchmark-pointer-analysis/benchmarks/postgresql-9.5.2/pg_upgrade.bc>:PQfname	2
</home/yz489/egg-smol-benchmark-pointer-analysis/benchmarks/postgresql-9.5.2/pg_upgrade.bc>:PQfnumber	2
</home/yz489/egg-smol-benchmark-pointer-analysis/benchmarks/postgresql-9.5.2/pg_upgrade.bc>:PQftable	2
</home/yz489/egg-smol-benchmark-pointer-analysis/benchmarks/postgresql-9.5.2/pg_upgrade.bc>:PQftablecol	2
</home/yz489/egg-smol-benchmark-pointer-analysis/benchmarks/postgresql-9.5.2/pg_upgrade.bc>:PQfformat	2
</home/yz489/egg-smol-benchmark-pointer-analysis/benchmarks/postgresql-9.5.2/pg_upgrade.bc>:PQftype	2
</home/yz489/egg-smol-benchmark-pointer-analysis/benchmarks/postgresql-9.5.2/pg_upgrade.bc>:PQfsize	2
</home/yz489/egg-smol-benchmark-pointer-analysis/benchmarks/postgresql-9.5.2/pg_upgrade.bc>:PQfmod	2
</home/yz489/egg-smol-benchmark-pointer-analysis/benchmarks/postgresql-9.5.2/pg_upgrade.bc>:PQcmdStatus	1
</home/yz489/egg-smol-benchmark-pointer-analysis/benchmarks/postgresql-9.5.2/pg_upgrade.bc>:PQoidStatus	1
</home/yz489/egg-smol-benchmark-pointer-analysis/benchmarks/postgresql-9.5.2/pg_upgrade.bc>:PQoidValue	1
</home/yz489/egg-smol-benchmark-pointer-analysis/benchmarks/postgresql-9.5.2/pg_upgrade.bc>:PQcmdTuples	1
</home/yz489/egg-smol-benchmark-pointer-analysis/benchmarks/postgresql-9.5.2/pg_upgrade.bc>:PQgetvalue	3
</home/yz489/egg-smol-benchmark-pointer-analysis/benchmarks/postgresql-9.5.2/pg_upgrade.bc>:PQgetlength	3
</home/yz489/egg-smol-benchmark-pointer-analysis/benchmarks/postgresql-9.5.2/pg_upgrade.bc>:PQgetisnull	3
</home/yz489/egg-smol-benchmark-pointer-analysis/benchmarks/postgresql-9.5.2/pg_upgrade.bc>:PQnparams	1
</home/yz489/egg-smol-benchmark-pointer-analysis/benchmarks/postgresql-9.5.2/pg_upgrade.bc>:PQparamtype	2
</home/yz489/egg-smol-benchmark-pointer-analysis/benchmarks/postgresql-9.5.2/pg_upgrade.bc>:PQsetnonblocking	2
</home/yz489/egg-smol-benchmark-pointer-analysis/benchmarks/postgresql-9.5.2/pg_upgrade.bc>:PQisnonblocking	1
</home/yz489/egg-smol-benchmark-pointer-analysis/benchmarks/postgresql-9.5.2/pg_upgrade.bc>:PQisthreadsafe	0
</home/yz489/egg-smol-benchmark-pointer-analysis/benchmarks/postgresql-9.5.2/pg_upgrade.bc>:PQflush	1
</home/yz489/egg-smol-benchmark-pointer-analysis/benchmarks/postgresql-9.5.2/pg_upgrade.bc>:PQfreemem	1
</home/yz489/egg-smol-benchmark-pointer-analysis/benchmarks/postgresql-9.5.2/pg_upgrade.bc>:PQfreeNotify	1
</home/yz489/egg-smol-benchmark-pointer-analysis/benchmarks/postgresql-9.5.2/pg_upgrade.bc>:PQescapeStringConn	5
</home/yz489/egg-smol-benchmark-pointer-analysis/benchmarks/postgresql-9.5.2/pg_upgrade.bc>:PQescapeString	3
</home/yz489/egg-smol-benchmark-pointer-analysis/benchmarks/postgresql-9.5.2/pg_upgrade.bc>:PQescapeLiteral	3
</home/yz489/egg-smol-benchmark-pointer-analysis/benchmarks/postgresql-9.5.2/pg_upgrade.bc>:PQescapeIdentifier	3
</home/yz489/egg-smol-benchmark-pointer-analysis/benchmarks/postgresql-9.5.2/pg_upgrade.bc>:PQescapeByteaConn	4
</home/yz489/egg-smol-benchmark-pointer-analysis/benchmarks/postgresql-9.5.2/pg_upgrade.bc>:PQescapeBytea	3
</home/yz489/egg-smol-benchmark-pointer-analysis/benchmarks/postgresql-9.5.2/pg_upgrade.bc>:PQunescapeBytea	2
</home/yz489/egg-smol-benchmark-pointer-analysis/benchmarks/postgresql-9.5.2/pg_upgrade.bc>:PQlibVersion	0
</home/yz489/egg-smol-benchmark-pointer-analysis/benchmarks/postgresql-9.5.2/pg_upgrade.bc>:PQmblen	2
</home/yz489/egg-smol-benchmark-pointer-analysis/benchmarks/postgresql-9.5.2/pg_upgrade.bc>:PQdsplen	2
</home/yz489/egg-smol-benchmark-pointer-analysis/benchmarks/postgresql-9.5.2/pg_upgrade.bc>:PQenv2encoding	0
</home/yz489/egg-smol-benchmark-pointer-analysis/benchmarks/postgresql-9.5.2/pg_upgrade.bc>:PQprint	3
</home/yz489/egg-smol-benchmark-pointer-analysis/benchmarks/postgresql-9.5.2/pg_upgrade.bc>:PQdisplayTuples	6
</home/yz489/egg-smol-benchmark-pointer-analysis/benchmarks/postgresql-9.5.2/pg_upgrade.bc>:PQprintTuples	5
</home/yz489/egg-smol-benchmark-pointer-analysis/benchmarks/postgresql-9.5.2/pg_upgrade.bc>:lo_open	3
</home/yz489/egg-smol-benchmark-pointer-analysis/benchmarks/postgresql-9.5.2/pg_upgrade.bc>:lo_close	2
</home/yz489/egg-smol-benchmark-pointer-analysis/benchmarks/postgresql-9.5.2/pg_upgrade.bc>:lo_truncate	3
</home/yz489/egg-smol-benchmark-pointer-analysis/benchmarks/postgresql-9.5.2/pg_upgrade.bc>:lo_truncate64	3
</home/yz489/egg-smol-benchmark-pointer-analysis/benchmarks/postgresql-9.5.2/pg_upgrade.bc>:lo_read	4
</home/yz489/egg-smol-benchmark-pointer-analysis/benchmarks/postgresql-9.5.2/pg_upgrade.bc>:lo_write	4
</home/yz489/egg-smol-benchmark-pointer-analysis/benchmarks/postgresql-9.5.2/pg_upgrade.bc>:lo_lseek	4
</home/yz489/egg-smol-benchmark-pointer-analysis/benchmarks/postgresql-9.5.2/pg_upgrade.bc>:lo_lseek64	4
</home/yz489/egg-smol-benchmark-pointer-analysis/benchmarks/postgresql-9.5.2/pg_upgrade.bc>:lo_creat	2
</home/yz489/egg-smol-benchmark-pointer-analysis/benchmarks/postgresql-9.5.2/pg_upgrade.bc>:lo_create	2
</home/yz489/egg-smol-benchmark-pointer-analysis/benchmarks/postgresql-9.5.2/pg_upgrade.bc>:lo_tell	2
</home/yz489/egg-smol-benchmark-pointer-analysis/benchmarks/postgresql-9.5.2/pg_upgrade.bc>:lo_tell64	2
</home/yz489/egg-smol-benchmark-pointer-analysis/benchmarks/postgresql-9.5.2/pg_upgrade.bc>:lo_unlink	2
</home/yz489/egg-smol-benchmark-pointer-analysis/benchmarks/postgresql-9.5.2/pg_upgrade.bc>:lo_import	2
</home/yz489/egg-smol-benchmark-pointer-analysis/benchmarks/postgresql-9.5.2/pg_upgrade.bc>:lo_import_with_oid	3
</home/yz489/egg-smol-benchmark-pointer-analysis/benchmarks/postgresql-9.5.2/pg_upgrade.bc>:lo_export	3
</home/yz489/egg-smol-benchmark-pointer-analysis/benchmarks/postgresql-9.5.2/pg_upgrade.bc>:createPQExpBuffer	0
</home/yz489/egg-smol-benchmark-pointer-analysis/benchmarks/postgresql-9.5.2/pg_upgrade.bc>:initPQExpBuffer	1
</home/yz489/egg-smol-benchmark-pointer-analysis/benchmarks/postgresql-9.5.2/pg_upgrade.bc>:destroyPQExpBuffer	1
</home/yz489/egg-smol-benchmark-pointer-analysis/benchmarks/postgresql-9.5.2/pg_upgrade.bc>:termPQExpBuffer	1
</home/yz489/egg-smol-benchmark-pointer-analysis/benchmarks/postgresql-9.5.2/pg_upgrade.bc>:resetPQExpBuffer	1
</home/yz489/egg-smol-benchmark-pointer-analysis/benchmarks/postgresql-9.5.2/pg_upgrade.bc>:enlargePQExpBuffer	2
</home/yz489/egg-smol-benchmark-pointer-analysis/benchmarks/postgresql-9.5.2/pg_upgrade.bc>:printfPQExpBuffer	2
</home/yz489/egg-smol-benchmark-pointer-analysis/benchmarks/postgresql-9.5.2/pg_upgrade.bc>:appendPQExpBuffer	2
</home/yz489/egg-smol-benchmark-pointer-analysis/benchmarks/postgresql-9.5.2/pg_upgrade.bc>:appendPQExpBufferStr	2
</home/yz489/egg-smol-benchmark-pointer-analysis/benchmarks/postgresql-9.5.2/pg_upgrade.bc>:appendBinaryPQExpBuffer	3
</home/yz489/egg-smol-benchmark-pointer-analysis/benchmarks/postgresql-9.5.2/pg_upgrade.bc>:appendPQExpBufferChar	2
</home/yz489/egg-smol-benchmark-pointer-analysis/benchmarks/postgresql-9.5.2/pg_upgrade.bc>:PQinitSSL	1
</home/yz489/egg-smol-benchmark-pointer-analysis/benchmarks/postgresql-9.5.2/pg_upgrade.bc>:PQinitOpenSSL	2
</home/yz489/egg-smol-benchmark-pointer-analysis/benchmarks/postgresql-9.5.2/pg_upgrade.bc>:PQsslInUse	1
</home/yz489/egg-smol-benchmark-pointer-analysis/benchmarks/postgresql-9.5.2/pg_upgrade.bc>:PQgetssl	1
</home/yz489/egg-smol-benchmark-pointer-analysis/benchmarks/postgresql-9.5.2/pg_upgrade.bc>:PQsslStruct	2
</home/yz489/egg-smol-benchmark-pointer-analysis/benchmarks/postgresql-9.5.2/pg_upgrade.bc>:PQsslAttribute	2
</home/yz489/egg-smol-benchmark-pointer-analysis/benchmarks/postgresql-9.5.2/pg_upgrade.bc>:PQsslAttributeNames	1
</home/yz489/egg-smol-benchmark-pointer-analysis/benchmarks/postgresql-9.5.2/pg_upgrade.bc>:PQregisterEventProc	4
</home/yz489/egg-smol-benchmark-pointer-analysis/benchmarks/postgresql-9.5.2/pg_upgrade.bc>:PQsetInstanceData	3
</home/yz489/egg-smol-benchmark-pointer-analysis/benchmarks/postgresql-9.5.2/pg_upgrade.bc>:PQinstanceData	2
</home/yz489/egg-smol-benchmark-pointer-analysis/benchmarks/postgresql-9.5.2/pg_upgrade.bc>:PQresultSetInstanceData	3
</home/yz489/egg-smol-benchmark-pointer-analysis/benchmarks/postgresql-9.5.2/pg_upgrade.bc>:PQresultInstanceData	2
</home/yz489/egg-smol-benchmark-pointer-analysis/benchmarks/postgresql-9.5.2/pg_upgrade.bc>:PQfireResultCreateEvents	2
</home/yz489/egg-smol-benchmark-pointer-analysis/benchmarks/postgresql-9.5.2/pg_upgrade.bc>:pqsignal	2
</home/yz489/egg-smol-benchmark-pointer-analysis/benchmarks/postgresql-9.5.2/pg_upgrade.bc>:pg_char_to_encoding	1
</home/yz489/egg-smol-benchmark-pointer-analysis/benchmarks/postgresql-9.5.2/pg_upgrade.bc>:pg_valid_server_encoding	1
</home/yz489/egg-smol-benchmark-pointer-analysis/benchmarks/postgresql-9.5.2/pg_upgrade.bc>:pg_valid_server_encoding_id	1
</home/yz489/egg-smol-benchmark-pointer-analysis/benchmarks/postgresql-9.5.2/pg_upgrade.bc>:pg_encoding_to_char	1
</home/yz489/egg-smol-benchmark-pointer-analysis/benchmarks/postgresql-9.5.2/pg_upgrade.bc>:pg_utf_mblen	1
</home/yz489/egg-smol-benchmark-pointer-analysis/benchmarks/postgresql-9.5.2/pg_upgrade.bc>:pg_md5_encrypt	4
</home/yz489/egg-smol-benchmark-pointer-analysis/benchmarks/postgresql-9.5.2/pg_upgrade.bc>:connectDBComplete	1
</home/yz489/egg-smol-benchmark-pointer-analysis/benchmarks/postgresql-9.5.2/pg_upgrade.bc>:makeEmptyPGconn	0
</home/yz489/egg-smol-benchmark-pointer-analysis/benchmarks/postgresql-9.5.2/pg_upgrade.bc>:conninfo_array_parse	5
</home/yz489/egg-smol-benchmark-pointer-analysis/benchmarks/postgresql-9.5.2/pg_upgrade.bc>:fillPGconn	2
</home/yz489/egg-smol-benchmark-pointer-analysis/benchmarks/postgresql-9.5.2/pg_upgrade.bc>:connectOptions2	1
</home/yz489/egg-smol-benchmark-pointer-analysis/benchmarks/postgresql-9.5.2/pg_upgrade.bc>:connectDBStart	1
</home/yz489/egg-smol-benchmark-pointer-analysis/benchmarks/postgresql-9.5.2/pg_upgrade.bc>:internal_ping	1
</home/yz489/egg-smol-benchmark-pointer-analysis/benchmarks/postgresql-9.5.2/pg_upgrade.bc>:closePGconn	1
</home/yz489/egg-smol-benchmark-pointer-analysis/benchmarks/postgresql-9.5.2/pg_upgrade.bc>:freePGconn	1
</home/yz489/egg-smol-benchmark-pointer-analysis/benchmarks/postgresql-9.5.2/pg_upgrade.bc>:connectOptions1	2
</home/yz489/egg-smol-benchmark-pointer-analysis/benchmarks/postgresql-9.5.2/pg_upgrade.bc>:conninfo_init	1
</home/yz489/egg-smol-benchmark-pointer-analysis/benchmarks/postgresql-9.5.2/pg_upgrade.bc>:conninfo_add_defaults	2
</home/yz489/egg-smol-benchmark-pointer-analysis/benchmarks/postgresql-9.5.2/pg_upgrade.bc>:recognized_connection_string	1
</home/yz489/egg-smol-benchmark-pointer-analysis/benchmarks/postgresql-9.5.2/pg_upgrade.bc>:pqReadData	1
</home/yz489/egg-smol-benchmark-pointer-analysis/benchmarks/postgresql-9.5.2/pg_upgrade.bc>:pqStrerror	3
</home/yz489/egg-smol-benchmark-pointer-analysis/benchmarks/postgresql-9.5.2/pg_upgrade.bc>:connectNoDelay	1
</home/yz489/egg-smol-benchmark-pointer-analysis/benchmarks/postgresql-9.5.2/pg_upgrade.bc>:pqDropConnection	2
</home/yz489/egg-smol-benchmark-pointer-analysis/benchmarks/postgresql-9.5.2/pg_upgrade.bc>:pg_set_noblock	1
</home/yz489/egg-smol-benchmark-pointer-analysis/benchmarks/postgresql-9.5.2/pg_upgrade.bc>:useKeepalives	1
</home/yz489/egg-smol-benchmark-pointer-analysis/benchmarks/postgresql-9.5.2/pg_upgrade.bc>:setKeepalivesIdle	1
</home/yz489/egg-smol-benchmark-pointer-analysis/benchmarks/postgresql-9.5.2/pg_upgrade.bc>:setKeepalivesInterval	1
</home/yz489/egg-smol-benchmark-pointer-analysis/benchmarks/postgresql-9.5.2/pg_upgrade.bc>:setKeepalivesCount	1
</home/yz489/egg-smol-benchmark-pointer-analysis/benchmarks/postgresql-9.5.2/pg_upgrade.bc>:connectFailureMessage	2
</home/yz489/egg-smol-benchmark-pointer-analysis/benchmarks/postgresql-9.5.2/pg_upgrade.bc>:getpeereid	3
</home/yz489/egg-smol-benchmark-pointer-analysis/benchmarks/postgresql-9.5.2/pg_upgrade.bc>:pqGetpwuid	5
</home/yz489/egg-smol-benchmark-pointer-analysis/benchmarks/postgresql-9.5.2/pg_upgrade.bc>:pqBuildStartupPacket3	3
</home/yz489/egg-smol-benchmark-pointer-analysis/benchmarks/postgresql-9.5.2/pg_upgrade.bc>:pqBuildStartupPacket2	3
</home/yz489/egg-smol-benchmark-pointer-analysis/benchmarks/postgresql-9.5.2/pg_upgrade.bc>:pqPacketSend	4
</home/yz489/egg-smol-benchmark-pointer-analysis/benchmarks/postgresql-9.5.2/pg_upgrade.bc>:pqGetc	2
</home/yz489/egg-smol-benchmark-pointer-analysis/benchmarks/postgresql-9.5.2/pg_upgrade.bc>:pqGetInt	3
</home/yz489/egg-smol-benchmark-pointer-analysis/benchmarks/postgresql-9.5.2/pg_upgrade.bc>:pqGets_append	2
</home/yz489/egg-smol-benchmark-pointer-analysis/benchmarks/postgresql-9.5.2/pg_upgrade.bc>:pqCheckInBufferSpace	2
</home/yz489/egg-smol-benchmark-pointer-analysis/benchmarks/postgresql-9.5.2/pg_upgrade.bc>:pqGetErrorNotice3	2
</home/yz489/egg-smol-benchmark-pointer-analysis/benchmarks/postgresql-9.5.2/pg_upgrade.bc>:pqGetnchar	3
</home/yz489/egg-smol-benchmark-pointer-analysis/benchmarks/postgresql-9.5.2/pg_upgrade.bc>:pg_fe_sendauth	2
</home/yz489/egg-smol-benchmark-pointer-analysis/benchmarks/postgresql-9.5.2/pg_upgrade.bc>:pqFlush	1
</home/yz489/egg-smol-benchmark-pointer-analysis/benchmarks/postgresql-9.5.2/pg_upgrade.bc>:pg_freeaddrinfo_all	2
</home/yz489/egg-smol-benchmark-pointer-analysis/benchmarks/postgresql-9.5.2/pg_upgrade.bc>:pqSetenvPoll	1
</home/yz489/egg-smol-benchmark-pointer-analysis/benchmarks/postgresql-9.5.2/pg_upgrade.bc>:dot_pg_pass_warning	1
</home/yz489/egg-smol-benchmark-pointer-analysis/benchmarks/postgresql-9.5.2/pg_upgrade.bc>:strlcpy.660	3
</home/yz489/egg-smol-benchmark-pointer-analysis/benchmarks/postgresql-9.5.2/pg_upgrade.bc>:internal_cancel	5
</home/yz489/egg-smol-benchmark-pointer-analysis/benchmarks/postgresql-9.5.2/pg_upgrade.bc>:parse_connection_string	3
</home/yz489/egg-smol-benchmark-pointer-analysis/benchmarks/postgresql-9.5.2/pg_upgrade.bc>:conninfo_storeval	6
</home/yz489/egg-smol-benchmark-pointer-analysis/benchmarks/postgresql-9.5.2/pg_upgrade.bc>:pg_get_encoding_from_locale	2
</home/yz489/egg-smol-benchmark-pointer-analysis/benchmarks/postgresql-9.5.2/pg_upgrade.bc>:pqSaveParameterStatus	3
</home/yz489/egg-smol-benchmark-pointer-analysis/benchmarks/postgresql-9.5.2/pg_upgrade.bc>:default_threadlock	1
</home/yz489/egg-smol-benchmark-pointer-analysis/benchmarks/postgresql-9.5.2/pg_upgrade.bc>:pqSetResultError	2
</home/yz489/egg-smol-benchmark-pointer-analysis/benchmarks/postgresql-9.5.2/pg_upgrade.bc>:dupEvents	2
</home/yz489/egg-smol-benchmark-pointer-analysis/benchmarks/postgresql-9.5.2/pg_upgrade.bc>:pqResultStrdup	2
</home/yz489/egg-smol-benchmark-pointer-analysis/benchmarks/postgresql-9.5.2/pg_upgrade.bc>:pqResultAlloc	3
</home/yz489/egg-smol-benchmark-pointer-analysis/benchmarks/postgresql-9.5.2/pg_upgrade.bc>:check_field_number	2
</home/yz489/egg-smol-benchmark-pointer-analysis/benchmarks/postgresql-9.5.2/pg_upgrade.bc>:pqAddTuple	2
</home/yz489/egg-smol-benchmark-pointer-analysis/benchmarks/postgresql-9.5.2/pg_upgrade.bc>:PQsendQueryStart	1
</home/yz489/egg-smol-benchmark-pointer-analysis/benchmarks/postgresql-9.5.2/pg_upgrade.bc>:pqPutMsgStart	3
</home/yz489/egg-smol-benchmark-pointer-analysis/benchmarks/postgresql-9.5.2/pg_upgrade.bc>:pqPuts	2
</home/yz489/egg-smol-benchmark-pointer-analysis/benchmarks/postgresql-9.5.2/pg_upgrade.bc>:pqPutMsgEnd	1
</home/yz489/egg-smol-benchmark-pointer-analysis/benchmarks/postgresql-9.5.2/pg_upgrade.bc>:pqHandleSendFailure	1
</home/yz489/egg-smol-benchmark-pointer-analysis/benchmarks/postgresql-9.5.2/pg_upgrade.bc>:PQsendQueryGuts	9
</home/yz489/egg-smol-benchmark-pointer-analysis/benchmarks/postgresql-9.5.2/pg_upgrade.bc>:pqPutInt	3
</home/yz489/egg-smol-benchmark-pointer-analysis/benchmarks/postgresql-9.5.2/pg_upgrade.bc>:parseInput	1
</home/yz489/egg-smol-benchmark-pointer-analysis/benchmarks/postgresql-9.5.2/pg_upgrade.bc>:pqWait	3
</home/yz489/egg-smol-benchmark-pointer-analysis/benchmarks/postgresql-9.5.2/pg_upgrade.bc>:pqSaveErrorResult	1
</home/yz489/egg-smol-benchmark-pointer-analysis/benchmarks/postgresql-9.5.2/pg_upgrade.bc>:pqPrepareAsyncResult	1
</home/yz489/egg-smol-benchmark-pointer-analysis/benchmarks/postgresql-9.5.2/pg_upgrade.bc>:getCopyResult	2
</home/yz489/egg-smol-benchmark-pointer-analysis/benchmarks/postgresql-9.5.2/pg_upgrade.bc>:PQexecStart	1
</home/yz489/egg-smol-benchmark-pointer-analysis/benchmarks/postgresql-9.5.2/pg_upgrade.bc>:PQexecFinish	1
</home/yz489/egg-smol-benchmark-pointer-analysis/benchmarks/postgresql-9.5.2/pg_upgrade.bc>:PQsendDescribe	3
</home/yz489/egg-smol-benchmark-pointer-analysis/benchmarks/postgresql-9.5.2/pg_upgrade.bc>:pqCheckOutBufferSpace	2
</home/yz489/egg-smol-benchmark-pointer-analysis/benchmarks/postgresql-9.5.2/pg_upgrade.bc>:pqPutnchar	3
</home/yz489/egg-smol-benchmark-pointer-analysis/benchmarks/postgresql-9.5.2/pg_upgrade.bc>:pqGetCopyData3	3
</home/yz489/egg-smol-benchmark-pointer-analysis/benchmarks/postgresql-9.5.2/pg_upgrade.bc>:pqGetCopyData2	3
</home/yz489/egg-smol-benchmark-pointer-analysis/benchmarks/postgresql-9.5.2/pg_upgrade.bc>:pqGetline3	3
</home/yz489/egg-smol-benchmark-pointer-analysis/benchmarks/postgresql-9.5.2/pg_upgrade.bc>:pqGetline2	3
</home/yz489/egg-smol-benchmark-pointer-analysis/benchmarks/postgresql-9.5.2/pg_upgrade.bc>:pqGetlineAsync3	3
</home/yz489/egg-smol-benchmark-pointer-analysis/benchmarks/postgresql-9.5.2/pg_upgrade.bc>:pqGetlineAsync2	3
</home/yz489/egg-smol-benchmark-pointer-analysis/benchmarks/postgresql-9.5.2/pg_upgrade.bc>:pqEndcopy3	1
</home/yz489/egg-smol-benchmark-pointer-analysis/benchmarks/postgresql-9.5.2/pg_upgrade.bc>:pqEndcopy2	1
</home/yz489/egg-smol-benchmark-pointer-analysis/benchmarks/postgresql-9.5.2/pg_upgrade.bc>:pqFunctionCall3	7
</home/yz489/egg-smol-benchmark-pointer-analysis/benchmarks/postgresql-9.5.2/pg_upgrade.bc>:pqFunctionCall2	7
</home/yz489/egg-smol-benchmark-pointer-analysis/benchmarks/postgresql-9.5.2/pg_upgrade.bc>:pg_tolower	1
</home/yz489/egg-smol-benchmark-pointer-analysis/benchmarks/postgresql-9.5.2/pg_upgrade.bc>:pqInternalNotice	2
</home/yz489/egg-smol-benchmark-pointer-analysis/benchmarks/postgresql-9.5.2/pg_upgrade.bc>:check_tuple_field_number	3
</home/yz489/egg-smol-benchmark-pointer-analysis/benchmarks/postgresql-9.5.2/pg_upgrade.bc>:check_param_number	2
</home/yz489/egg-smol-benchmark-pointer-analysis/benchmarks/postgresql-9.5.2/pg_upgrade.bc>:PQescapeStringInternal	7
</home/yz489/egg-smol-benchmark-pointer-analysis/benchmarks/postgresql-9.5.2/pg_upgrade.bc>:PQescapeInternal	4
</home/yz489/egg-smol-benchmark-pointer-analysis/benchmarks/postgresql-9.5.2/pg_upgrade.bc>:PQescapeByteaInternal	6
</home/yz489/egg-smol-benchmark-pointer-analysis/benchmarks/postgresql-9.5.2/pg_upgrade.bc>:get_hex	1
</home/yz489/egg-smol-benchmark-pointer-analysis/benchmarks/postgresql-9.5.2/pg_upgrade.bc>:pg_encoding_mblen	2
</home/yz489/egg-smol-benchmark-pointer-analysis/benchmarks/postgresql-9.5.2/pg_upgrade.bc>:pg_encoding_dsplen	2
</home/yz489/egg-smol-benchmark-pointer-analysis/benchmarks/postgresql-9.5.2/pg_upgrade.bc>:pq_block_sigpipe	2
</home/yz489/egg-smol-benchmark-pointer-analysis/benchmarks/postgresql-9.5.2/pg_upgrade.bc>:do_field	12
</home/yz489/egg-smol-benchmark-pointer-analysis/benchmarks/postgresql-9.5.2/pg_upgrade.bc>:do_header	8
</home/yz489/egg-smol-benchmark-pointer-analysis/benchmarks/postgresql-9.5.2/pg_upgrade.bc>:output_row	8
</home/yz489/egg-smol-benchmark-pointer-analysis/benchmarks/postgresql-9.5.2/pg_upgrade.bc>:pq_reset_sigpipe	3
</home/yz489/egg-smol-benchmark-pointer-analysis/benchmarks/postgresql-9.5.2/pg_upgrade.bc>:fill	4
</home/yz489/egg-smol-benchmark-pointer-analysis/benchmarks/postgresql-9.5.2/pg_upgrade.bc>:lo_initialize	1
</home/yz489/egg-smol-benchmark-pointer-analysis/benchmarks/postgresql-9.5.2/pg_upgrade.bc>:lo_hton64	1
</home/yz489/egg-smol-benchmark-pointer-analysis/benchmarks/postgresql-9.5.2/pg_upgrade.bc>:lo_ntoh64	1
</home/yz489/egg-smol-benchmark-pointer-analysis/benchmarks/postgresql-9.5.2/pg_upgrade.bc>:lo_import_internal	3
</home/yz489/egg-smol-benchmark-pointer-analysis/benchmarks/postgresql-9.5.2/pg_upgrade.bc>:markPQExpBufferBroken	1
</home/yz489/egg-smol-benchmark-pointer-analysis/benchmarks/postgresql-9.5.2/pg_upgrade.bc>:appendPQExpBufferVA	3
</home/yz489/egg-smol-benchmark-pointer-analysis/benchmarks/postgresql-9.5.2/pg_upgrade.bc>:clean_encoding_name	2
</home/yz489/egg-smol-benchmark-pointer-analysis/benchmarks/postgresql-9.5.2/pg_upgrade.bc>:pg_ascii2wchar_with_len	3
</home/yz489/egg-smol-benchmark-pointer-analysis/benchmarks/postgresql-9.5.2/pg_upgrade.bc>:pg_wchar2single_with_len	3
</home/yz489/egg-smol-benchmark-pointer-analysis/benchmarks/postgresql-9.5.2/pg_upgrade.bc>:pg_ascii_mblen	1
</home/yz489/egg-smol-benchmark-pointer-analysis/benchmarks/postgresql-9.5.2/pg_upgrade.bc>:pg_ascii_dsplen	1
</home/yz489/egg-smol-benchmark-pointer-analysis/benchmarks/postgresql-9.5.2/pg_upgrade.bc>:pg_ascii_verifier	2
</home/yz489/egg-smol-benchmark-pointer-analysis/benchmarks/postgresql-9.5.2/pg_upgrade.bc>:pg_eucjp2wchar_with_len	3
</home/yz489/egg-smol-benchmark-pointer-analysis/benchmarks/postgresql-9.5.2/pg_upgrade.bc>:pg_wchar2euc_with_len	3
</home/yz489/egg-smol-benchmark-pointer-analysis/benchmarks/postgresql-9.5.2/pg_upgrade.bc>:pg_eucjp_mblen	1
</home/yz489/egg-smol-benchmark-pointer-analysis/benchmarks/postgresql-9.5.2/pg_upgrade.bc>:pg_eucjp_dsplen	1
</home/yz489/egg-smol-benchmark-pointer-analysis/benchmarks/postgresql-9.5.2/pg_upgrade.bc>:pg_eucjp_verifier	2
</home/yz489/egg-smol-benchmark-pointer-analysis/benchmarks/postgresql-9.5.2/pg_upgrade.bc>:pg_euccn2wchar_with_len	3
</home/yz489/egg-smol-benchmark-pointer-analysis/benchmarks/postgresql-9.5.2/pg_upgrade.bc>:pg_euccn_mblen	1
</home/yz489/egg-smol-benchmark-pointer-analysis/benchmarks/postgresql-9.5.2/pg_upgrade.bc>:pg_euccn_dsplen	1
</home/yz489/egg-smol-benchmark-pointer-analysis/benchmarks/postgresql-9.5.2/pg_upgrade.bc>:pg_euckr_verifier	2
</home/yz489/egg-smol-benchmark-pointer-analysis/benchmarks/postgresql-9.5.2/pg_upgrade.bc>:pg_euckr2wchar_with_len	3
</home/yz489/egg-smol-benchmark-pointer-analysis/benchmarks/postgresql-9.5.2/pg_upgrade.bc>:pg_euckr_mblen	1
</home/yz489/egg-smol-benchmark-pointer-analysis/benchmarks/postgresql-9.5.2/pg_upgrade.bc>:pg_euckr_dsplen	1
</home/yz489/egg-smol-benchmark-pointer-analysis/benchmarks/postgresql-9.5.2/pg_upgrade.bc>:pg_euctw2wchar_with_len	3
</home/yz489/egg-smol-benchmark-pointer-analysis/benchmarks/postgresql-9.5.2/pg_upgrade.bc>:pg_euctw_mblen	1
</home/yz489/egg-smol-benchmark-pointer-analysis/benchmarks/postgresql-9.5.2/pg_upgrade.bc>:pg_euctw_dsplen	1
</home/yz489/egg-smol-benchmark-pointer-analysis/benchmarks/postgresql-9.5.2/pg_upgrade.bc>:pg_euctw_verifier	2
</home/yz489/egg-smol-benchmark-pointer-analysis/benchmarks/postgresql-9.5.2/pg_upgrade.bc>:pg_utf2wchar_with_len	3
</home/yz489/egg-smol-benchmark-pointer-analysis/benchmarks/postgresql-9.5.2/pg_upgrade.bc>:pg_wchar2utf_with_len	3
</home/yz489/egg-smol-benchmark-pointer-analysis/benchmarks/postgresql-9.5.2/pg_upgrade.bc>:pg_utf_dsplen	1
</home/yz489/egg-smol-benchmark-pointer-analysis/benchmarks/postgresql-9.5.2/pg_upgrade.bc>:pg_utf8_verifier	2
</home/yz489/egg-smol-benchmark-pointer-analysis/benchmarks/postgresql-9.5.2/pg_upgrade.bc>:pg_mule2wchar_with_len	3
</home/yz489/egg-smol-benchmark-pointer-analysis/benchmarks/postgresql-9.5.2/pg_upgrade.bc>:pg_wchar2mule_with_len	3
</home/yz489/egg-smol-benchmark-pointer-analysis/benchmarks/postgresql-9.5.2/pg_upgrade.bc>:pg_mule_mblen	1
</home/yz489/egg-smol-benchmark-pointer-analysis/benchmarks/postgresql-9.5.2/pg_upgrade.bc>:pg_mule_dsplen	1
</home/yz489/egg-smol-benchmark-pointer-analysis/benchmarks/postgresql-9.5.2/pg_upgrade.bc>:pg_mule_verifier	2
</home/yz489/egg-smol-benchmark-pointer-analysis/benchmarks/postgresql-9.5.2/pg_upgrade.bc>:pg_latin12wchar_with_len	3
</home/yz489/egg-smol-benchmark-pointer-analysis/benchmarks/postgresql-9.5.2/pg_upgrade.bc>:pg_latin1_mblen	1
</home/yz489/egg-smol-benchmark-pointer-analysis/benchmarks/postgresql-9.5.2/pg_upgrade.bc>:pg_latin1_dsplen	1
</home/yz489/egg-smol-benchmark-pointer-analysis/benchmarks/postgresql-9.5.2/pg_upgrade.bc>:pg_latin1_verifier	2
</home/yz489/egg-smol-benchmark-pointer-analysis/benchmarks/postgresql-9.5.2/pg_upgrade.bc>:pg_sjis_mblen	1
</home/yz489/egg-smol-benchmark-pointer-analysis/benchmarks/postgresql-9.5.2/pg_upgrade.bc>:pg_sjis_dsplen	1
</home/yz489/egg-smol-benchmark-pointer-analysis/benchmarks/postgresql-9.5.2/pg_upgrade.bc>:pg_sjis_verifier	2
</home/yz489/egg-smol-benchmark-pointer-analysis/benchmarks/postgresql-9.5.2/pg_upgrade.bc>:pg_big5_mblen	1
</home/yz489/egg-smol-benchmark-pointer-analysis/benchmarks/postgresql-9.5.2/pg_upgrade.bc>:pg_big5_dsplen	1
</home/yz489/egg-smol-benchmark-pointer-analysis/benchmarks/postgresql-9.5.2/pg_upgrade.bc>:pg_big5_verifier	2
</home/yz489/egg-smol-benchmark-pointer-analysis/benchmarks/postgresql-9.5.2/pg_upgrade.bc>:pg_gbk_mblen	1
</home/yz489/egg-smol-benchmark-pointer-analysis/benchmarks/postgresql-9.5.2/pg_upgrade.bc>:pg_gbk_dsplen	1
</home/yz489/egg-smol-benchmark-pointer-analysis/benchmarks/postgresql-9.5.2/pg_upgrade.bc>:pg_gbk_verifier	2
</home/yz489/egg-smol-benchmark-pointer-analysis/benchmarks/postgresql-9.5.2/pg_upgrade.bc>:pg_uhc_mblen	1
</home/yz489/egg-smol-benchmark-pointer-analysis/benchmarks/postgresql-9.5.2/pg_upgrade.bc>:pg_uhc_dsplen	1
</home/yz489/egg-smol-benchmark-pointer-analysis/benchmarks/postgresql-9.5.2/pg_upgrade.bc>:pg_uhc_verifier	2
</home/yz489/egg-smol-benchmark-pointer-analysis/benchmarks/postgresql-9.5.2/pg_upgrade.bc>:pg_gb18030_mblen	1
</home/yz489/egg-smol-benchmark-pointer-analysis/benchmarks/postgresql-9.5.2/pg_upgrade.bc>:pg_gb18030_dsplen	1
</home/yz489/egg-smol-benchmark-pointer-analysis/benchmarks/postgresql-9.5.2/pg_upgrade.bc>:pg_gb18030_verifier	2
</home/yz489/egg-smol-benchmark-pointer-analysis/benchmarks/postgresql-9.5.2/pg_upgrade.bc>:pg_johab_mblen	1
</home/yz489/egg-smol-benchmark-pointer-analysis/benchmarks/postgresql-9.5.2/pg_upgrade.bc>:pg_johab_dsplen	1
</home/yz489/egg-smol-benchmark-pointer-analysis/benchmarks/postgresql-9.5.2/pg_upgrade.bc>:pg_johab_verifier	2
</home/yz489/egg-smol-benchmark-pointer-analysis/benchmarks/postgresql-9.5.2/pg_upgrade.bc>:pg_euc_dsplen	1
</home/yz489/egg-smol-benchmark-pointer-analysis/benchmarks/postgresql-9.5.2/pg_upgrade.bc>:pg_euc_mblen	1
</home/yz489/egg-smol-benchmark-pointer-analysis/benchmarks/postgresql-9.5.2/pg_upgrade.bc>:pg_utf8_islegal	2
</home/yz489/egg-smol-benchmark-pointer-analysis/benchmarks/postgresql-9.5.2/pg_upgrade.bc>:utf8_to_unicode	1
</home/yz489/egg-smol-benchmark-pointer-analysis/benchmarks/postgresql-9.5.2/pg_upgrade.bc>:ucs_wcwidth	1
</home/yz489/egg-smol-benchmark-pointer-analysis/benchmarks/postgresql-9.5.2/pg_upgrade.bc>:mbbisearch	3
</home/yz489/egg-smol-benchmark-pointer-analysis/benchmarks/postgresql-9.5.2/pg_upgrade.bc>:unicode_to_utf8	2
</home/yz489/egg-smol-benchmark-pointer-analysis/benchmarks/postgresql-9.5.2/pg_upgrade.bc>:pg_euc2wchar_with_len	3
</home/yz489/egg-smol-benchmark-pointer-analysis/benchmarks/postgresql-9.5.2/pg_upgrade.bc>:pqSaveMessageField	3
</home/yz489/egg-smol-benchmark-pointer-analysis/benchmarks/postgresql-9.5.2/pg_upgrade.bc>:pqGetErrorNotice2	2
</home/yz489/egg-smol-benchmark-pointer-analysis/benchmarks/postgresql-9.5.2/pg_upgrade.bc>:getNotify	1
</home/yz489/egg-smol-benchmark-pointer-analysis/benchmarks/postgresql-9.5.2/pg_upgrade.bc>:pqGets	2
</home/yz489/egg-smol-benchmark-pointer-analysis/benchmarks/postgresql-9.5.2/pg_upgrade.bc>:pqGets_internal	3
</home/yz489/egg-smol-benchmark-pointer-analysis/benchmarks/postgresql-9.5.2/pg_upgrade.bc>:pqClearAsyncResult	1
</home/yz489/egg-smol-benchmark-pointer-analysis/benchmarks/postgresql-9.5.2/pg_upgrade.bc>:handleSyncLoss	3
</home/yz489/egg-smol-benchmark-pointer-analysis/benchmarks/postgresql-9.5.2/pg_upgrade.bc>:getNotify.395	1
</home/yz489/egg-smol-benchmark-pointer-analysis/benchmarks/postgresql-9.5.2/pg_upgrade.bc>:getReadyForQuery	1
</home/yz489/egg-smol-benchmark-pointer-analysis/benchmarks/postgresql-9.5.2/pg_upgrade.bc>:getParameterStatus	1
</home/yz489/egg-smol-benchmark-pointer-analysis/benchmarks/postgresql-9.5.2/pg_upgrade.bc>:getCopyDataMessage	1
</home/yz489/egg-smol-benchmark-pointer-analysis/benchmarks/postgresql-9.5.2/pg_upgrade.bc>:pqPutMsgBytes	3
</home/yz489/egg-smol-benchmark-pointer-analysis/benchmarks/postgresql-9.5.2/pg_upgrade.bc>:fputnbytes	3
</home/yz489/egg-smol-benchmark-pointer-analysis/benchmarks/postgresql-9.5.2/pg_upgrade.bc>:pqPutc	2
</home/yz489/egg-smol-benchmark-pointer-analysis/benchmarks/postgresql-9.5.2/pg_upgrade.bc>:pqCatenateResultError	2
</home/yz489/egg-smol-benchmark-pointer-analysis/benchmarks/postgresql-9.5.2/pg_upgrade.bc>:pqWaitTimed	4
</home/yz489/egg-smol-benchmark-pointer-analysis/benchmarks/postgresql-9.5.2/pg_upgrade.bc>:pqSocketCheck	4
</home/yz489/egg-smol-benchmark-pointer-analysis/benchmarks/postgresql-9.5.2/pg_upgrade.bc>:pqSocketPoll	4
</home/yz489/egg-smol-benchmark-pointer-analysis/benchmarks/postgresql-9.5.2/pg_upgrade.bc>:pqParseInput3	1
</home/yz489/egg-smol-benchmark-pointer-analysis/benchmarks/postgresql-9.5.2/pg_upgrade.bc>:pqParseInput2	1
</home/yz489/egg-smol-benchmark-pointer-analysis/benchmarks/postgresql-9.5.2/pg_upgrade.bc>:checkXactStatus	2
</home/yz489/egg-smol-benchmark-pointer-analysis/benchmarks/postgresql-9.5.2/pg_upgrade.bc>:getRowDescriptions	1
</home/yz489/egg-smol-benchmark-pointer-analysis/benchmarks/postgresql-9.5.2/pg_upgrade.bc>:getAnotherTuple	2
</home/yz489/egg-smol-benchmark-pointer-analysis/benchmarks/postgresql-9.5.2/pg_upgrade.bc>:pqSkipnchar	2
</home/yz489/egg-smol-benchmark-pointer-analysis/benchmarks/postgresql-9.5.2/pg_upgrade.bc>:pqRowProcessor	2
</home/yz489/egg-smol-benchmark-pointer-analysis/benchmarks/postgresql-9.5.2/pg_upgrade.bc>:getRowDescriptions.398	2
</home/yz489/egg-smol-benchmark-pointer-analysis/benchmarks/postgresql-9.5.2/pg_upgrade.bc>:getParamDescriptions	2
</home/yz489/egg-smol-benchmark-pointer-analysis/benchmarks/postgresql-9.5.2/pg_upgrade.bc>:getAnotherTuple.399	2
</home/yz489/egg-smol-benchmark-pointer-analysis/benchmarks/postgresql-9.5.2/pg_upgrade.bc>:getCopyStart	2
</home/yz489/egg-smol-benchmark-pointer-analysis/benchmarks/postgresql-9.5.2/pg_upgrade.bc>:pqSendSome	2
</home/yz489/egg-smol-benchmark-pointer-analysis/benchmarks/postgresql-9.5.2/pg_upgrade.bc>:pqsecure_write	3
</home/yz489/egg-smol-benchmark-pointer-analysis/benchmarks/postgresql-9.5.2/pg_upgrade.bc>:pqsecure_raw_write	3
</home/yz489/egg-smol-benchmark-pointer-analysis/benchmarks/postgresql-9.5.2/pg_upgrade.bc>:pg_strcasecmp.667	2
</home/yz489/egg-smol-benchmark-pointer-analysis/benchmarks/postgresql-9.5.2/pg_upgrade.bc>:conninfo_find	2
</home/yz489/egg-smol-benchmark-pointer-analysis/benchmarks/postgresql-9.5.2/pg_upgrade.bc>:conninfo_uri_decode	2
</home/yz489/egg-smol-benchmark-pointer-analysis/benchmarks/postgresql-9.5.2/pg_upgrade.bc>:get_hexdigit	2
</home/yz489/egg-smol-benchmark-pointer-analysis/benchmarks/postgresql-9.5.2/pg_upgrade.bc>:uri_prefix_length	1
</home/yz489/egg-smol-benchmark-pointer-analysis/benchmarks/postgresql-9.5.2/pg_upgrade.bc>:conninfo_uri_parse	3
</home/yz489/egg-smol-benchmark-pointer-analysis/benchmarks/postgresql-9.5.2/pg_upgrade.bc>:conninfo_parse	3
</home/yz489/egg-smol-benchmark-pointer-analysis/benchmarks/postgresql-9.5.2/pg_upgrade.bc>:conninfo_uri_parse_options	3
</home/yz489/egg-smol-benchmark-pointer-analysis/benchmarks/postgresql-9.5.2/pg_upgrade.bc>:conninfo_uri_parse_params	3
</home/yz489/egg-smol-benchmark-pointer-analysis/benchmarks/postgresql-9.5.2/pg_upgrade.bc>:getPgPassFilename	1
</home/yz489/egg-smol-benchmark-pointer-analysis/benchmarks/postgresql-9.5.2/pg_upgrade.bc>:pqGetHomeDirectory	2
</home/yz489/egg-smol-benchmark-pointer-analysis/benchmarks/postgresql-9.5.2/pg_upgrade.bc>:pg_password_sendauth	3
</home/yz489/egg-smol-benchmark-pointer-analysis/benchmarks/postgresql-9.5.2/pg_upgrade.bc>:pg_local_sendauth	1
</home/yz489/egg-smol-benchmark-pointer-analysis/benchmarks/postgresql-9.5.2/pg_upgrade.bc>:reportErrorPosition	4
</home/yz489/egg-smol-benchmark-pointer-analysis/benchmarks/postgresql-9.5.2/pg_upgrade.bc>:pg_encoding_max_length	1
</home/yz489/egg-smol-benchmark-pointer-analysis/benchmarks/postgresql-9.5.2/pg_upgrade.bc>:build_startup_packet	3
</home/yz489/egg-smol-benchmark-pointer-analysis/benchmarks/postgresql-9.5.2/pg_upgrade.bc>:pg_getnameinfo_all	7
</home/yz489/egg-smol-benchmark-pointer-analysis/benchmarks/postgresql-9.5.2/pg_upgrade.bc>:inet_net_ntop	5
</home/yz489/egg-smol-benchmark-pointer-analysis/benchmarks/postgresql-9.5.2/pg_upgrade.bc>:inet_net_ntop_ipv4	4
</home/yz489/egg-smol-benchmark-pointer-analysis/benchmarks/postgresql-9.5.2/pg_upgrade.bc>:inet_net_ntop_ipv6	4
</home/yz489/egg-smol-benchmark-pointer-analysis/benchmarks/postgresql-9.5.2/pg_upgrade.bc>:decoct	4
</home/yz489/egg-smol-benchmark-pointer-analysis/benchmarks/postgresql-9.5.2/pg_upgrade.bc>:getnameinfo_unix	7
</home/yz489/egg-smol-benchmark-pointer-analysis/benchmarks/postgresql-9.5.2/pg_upgrade.bc>:pqsecure_close	1
</home/yz489/egg-smol-benchmark-pointer-analysis/benchmarks/postgresql-9.5.2/pg_upgrade.bc>:pqsecure_read	3
</home/yz489/egg-smol-benchmark-pointer-analysis/benchmarks/postgresql-9.5.2/pg_upgrade.bc>:pqReadReady	1
</home/yz489/egg-smol-benchmark-pointer-analysis/benchmarks/postgresql-9.5.2/pg_upgrade.bc>:pqsecure_raw_read	3
</home/yz489/egg-smol-benchmark-pointer-analysis/benchmarks/postgresql-9.5.2/pg_upgrade.bc>:parseServiceInfo	2
</home/yz489/egg-smol-benchmark-pointer-analysis/benchmarks/postgresql-9.5.2/pg_upgrade.bc>:pg_fe_getauthname	1
</home/yz489/egg-smol-benchmark-pointer-analysis/benchmarks/postgresql-9.5.2/pg_upgrade.bc>:conninfo_getval	2
</home/yz489/egg-smol-benchmark-pointer-analysis/benchmarks/postgresql-9.5.2/pg_upgrade.bc>:parseServiceFile	5
</home/yz489/egg-smol-benchmark-pointer-analysis/benchmarks/postgresql-9.5.2/pg_upgrade.bc>:pg_getaddrinfo_all	4
</home/yz489/egg-smol-benchmark-pointer-analysis/benchmarks/postgresql-9.5.2/pg_upgrade.bc>:getaddrinfo_unix	3
</home/yz489/egg-smol-benchmark-pointer-analysis/benchmarks/postgresql-9.5.2/pg_upgrade.bc>:PasswordFromFile	4
</home/yz489/egg-smol-benchmark-pointer-analysis/benchmarks/postgresql-9.5.2/pg_upgrade.bc>:pwdfMatchesString	2
</home/yz489/egg-smol-benchmark-pointer-analysis/benchmarks/postgresql-9.5.2/pg_upgrade.bc>:defaultNoticeReceiver	2
</home/yz489/egg-smol-benchmark-pointer-analysis/benchmarks/postgresql-9.5.2/pg_upgrade.bc>:defaultNoticeProcessor	2
</home/yz489/egg-smol-benchmark-pointer-analysis/benchmarks/postgresql-9.5.2/pg_upgrade.bc>:pg_md5_hash	3
</home/yz489/egg-smol-benchmark-pointer-analysis/benchmarks/postgresql-9.5.2/pg_upgrade.bc>:calculateDigestFromBuffer	3
</home/yz489/egg-smol-benchmark-pointer-analysis/benchmarks/postgresql-9.5.2/pg_upgrade.bc>:bytesToHex	2
</home/yz489/egg-smol-benchmark-pointer-analysis/benchmarks/postgresql-9.5.2/pg_upgrade.bc>:createPaddedCopyWithLength	2
</home/yz489/egg-smol-benchmark-pointer-analysis/benchmarks/postgresql-9.5.2/pg_upgrade.bc>:doTheRounds	2
